Age,Filipino_avg,English_avg,Math_avg,AralPan_avg,Science_avg,Gender_F,Gender_M,Mother Tongue_Cebuano / Sinugbuanong Binisay,Mother Tongue_English,Mother Tongue_Hiligaynon,Mother Tongue_Ilocano,Mother Tongue_Kamayo,Mother Tongue_Kapampangan,Mother Tongue_Maranao,Mother Tongue_Pangasinan,Mother Tongue_Tagalog,Nutritional Status_Normal,Nutritional Status_Obese,Nutritional Status_Overweight,Nutritional Status_Severely Wasted,Nutritional Status_Wasted,MPS
-0.5419113346545662,1.331911396229498,1.381632882240651,1.296951876807058,1.4645743572199785,1.267087316778607,0.0,1.0,0.0,0.0,0.0,0.0,0.0,0.0,0.0,0.0,1.0,1.0,0.0,0.0,0.0,0.0,72.08
-0.5419113346545662,2.4964343415891492,2.5530057626646045,2.612291496639736,2.521587922269978,2.4092159376694284,1.0,0.0,0.0,0.0,0.0,1.0,0.0,0.0,0.0,0.0,0.0,1.0,0.0,0.0,0.0,0.0,58.64
0.9587662074657727,-1.695848261705595,-1.6819577280989169,-1.8034915127985431,-1.8986506224845714,-1.6263051894781388,0.0,1.0,0.0,0.0,0.0,0.0,0.0,0.0,0.0,0.0,1.0,0.0,0.0,0.0,1.0,0.0,66.82
-0.5419113346545662,0.9548897035383193,1.5167912915203396,1.4378811217891294,1.1762979303881593,0.9625196845410557,0.0,1.0,0.0,0.0,0.0,0.0,0.0,0.0,0.0,0.0,1.0,1.0,0.0,0.0,0.0,0.0,66.82
0.9587662074657727,1.0058449715287945,1.0212104574948204,0.8271877268668155,0.7919293612790691,1.0386615926004428,1.0,0.0,0.0,0.0,0.0,1.0,0.0,0.0,0.0,0.0,0.0,1.0,0.0,0.0,0.0,0.0,62.7
-0.5419113346545662,1.5648159853014283,1.47173848842711,1.6727631967592507,1.5606664994972494,1.6477968570755486,0.0,1.0,0.0,0.0,0.0,0.0,0.0,0.0,0.0,0.0,1.0,0.0,1.0,0.0,0.0,0.0,72.08
2.4594437495861117,-1.0902963301185777,-1.0512184847937123,-0.9579160429061081,-1.177959555405025,-0.7887442008248718,1.0,0.0,0.0,0.0,0.0,0.0,0.0,0.0,0.0,0.0,1.0,1.0,0.0,0.0,0.0,0.0,66.82
-0.5419113346545662,0.5400357933849339,0.435524017282842,0.6392820668907192,0.8399754324177028,0.6579520523035044,0.0,1.0,0.0,0.0,0.0,0.0,0.0,0.0,0.0,0.0,1.0,1.0,0.0,0.0,0.0,0.0,66.82
-0.5419113346545662,1.5648159853014283,1.5167912915203396,1.3909047067951046,1.2243440015267966,1.5716549490161615,0.0,1.0,0.0,0.0,0.0,1.0,0.0,0.0,0.0,0.0,0.0,1.0,0.0,0.0,0.0,0.0,73.08
-0.5419113346545662,1.0951358169007082,1.561844094613566,1.4848575367831542,1.5126204283586158,1.3432292248379973,1.0,0.0,0.0,0.0,0.0,0.0,0.0,0.0,0.0,0.0,1.0,1.0,0.0,0.0,0.0,0.0,66.82
-0.5419113346545662,0.7263594646424807,0.39047121418961567,0.7332348968787656,0.743883290140432,-0.027325120230988625,0.0,1.0,0.0,0.0,0.0,0.0,0.0,0.0,0.0,1.0,0.0,1.0,0.0,0.0,0.0,0.0,58.64
-0.5419113346545662,-0.5497630997468139,-0.7053792164600436,-0.5600789522335158,-0.5570127611360792,-0.5779533623752439,0.0,1.0,0.0,0.0,0.0,1.0,0.0,0.0,0.0,0.0,0.0,1.0,0.0,0.0,0.0,0.0,75.7
0.9587662074657727,-0.43816348071717043,-0.6457432569546523,-0.582104722953912,-0.2650842037709337,-0.5603184766467075,0.0,1.0,0.0,0.0,0.0,0.0,0.0,0.0,0.0,0.0,1.0,0.0,0.0,0.0,0.0,1.0,62.7
-0.5419113346545662,0.2605502864986203,0.3003656080031564,0.5453292369026693,0.4556068633086127,0.3533844200659498,0.0,1.0,0.0,0.0,0.0,1.0,0.0,0.0,0.0,0.0,0.0,1.0,0.0,0.0,0.0,0.0,62.7
-0.5419113346545662,1.052425889343181,1.1113160636812764,1.2029990468190082,1.1282518592495223,0.9625196845410557,1.0,0.0,0.0,0.0,0.0,0.0,0.0,0.0,0.0,0.0,1.0,1.0,0.0,0.0,0.0,0.0,66.82
-0.5419113346545662,-0.8829158771738472,-0.7517505429529929,-0.751428785994347,-0.896442412453379,-0.9655747060147023,0.0,1.0,0.0,0.0,0.0,1.0,0.0,0.0,0.0,0.0,0.0,0.0,0.0,0.0,1.0,0.0,74.03
-0.5419113346545662,-0.29842072727401364,-0.4204792414885075,-0.34722264798379077,-0.16899206149365945,0.12495869588778542,1.0,0.0,0.0,0.0,0.0,0.0,0.0,0.0,0.0,0.0,1.0,1.0,0.0,0.0,0.0,0.0,66.82
-0.5419113346545662,-0.2052588916452402,-0.4204792414885075,-0.6760575529419619,-0.4092224171868416,-0.6364603847060946,1.0,0.0,0.0,0.0,0.0,1.0,0.0,0.0,0.0,0.0,0.0,1.0,0.0,0.0,0.0,0.0,75.71
-0.5419113346545662,-1.5095245904480514,-1.4566937126327721,-1.7095386828104935,-1.8025584802073007,-1.7024470975375292,0.0,1.0,0.0,0.0,0.0,1.0,0.0,0.0,0.0,0.0,0.0,1.0,0.0,0.0,0.0,0.0,62.7
-0.5419113346545662,-0.5313253163459439,-0.6006904538614227,-0.7230339679359868,-0.6494527728800238,-0.5603184766467075,1.0,0.0,0.0,0.0,0.0,1.0,0.0,0.0,0.0,0.0,0.0,1.0,0.0,0.0,0.0,0.0,58.64
0.9587662074657727,-2.1616574398494555,-1.9072217435650618,-2.0383735877686644,-2.186927049316391,-2.0070147297750807,1.0,0.0,0.0,0.0,0.0,1.0,0.0,0.0,0.0,0.0,0.0,1.0,0.0,0.0,0.0,0.0,80.54
-0.5419113346545662,1.0990068071575678,1.0662632605880502,1.2029990468190082,1.1282518592495223,1.19094540871922,1.0,0.0,0.0,0.0,0.0,1.0,0.0,0.0,0.0,0.0,0.0,1.0,0.0,0.0,0.0,0.0,62.7
0.9587662074657727,0.2605502864986203,0.12015439563024127,0.16951791695047663,0.21537650761543062,-0.17960893634976594,0.0,1.0,0.0,0.0,0.0,1.0,0.0,0.0,0.0,0.0,0.0,1.0,0.0,0.0,0.0,0.0,66.82
0.9587662074657727,-1.1684754006827356,-1.354577787361324,-1.3254782872768442,-1.3328519641470478,-1.2756717809262672,0.0,1.0,0.0,0.0,0.0,1.0,0.0,0.0,0.0,0.0,0.0,1.0,0.0,0.0,0.0,0.0,65.57
0.9587662074657727,0.679778546828094,0.5706824265625309,0.7802113118727906,0.7919293612790691,0.7340939603628913,0.0,1.0,0.0,0.0,0.0,0.0,0.0,0.0,0.0,0.0,1.0,0.0,0.0,1.0,0.0,0.0,66.82
-0.5419113346545662,1.8908824100021318,2.0574249286390853,2.1425273466994934,1.8969889974677057,1.7239387651349356,1.0,0.0,0.0,0.0,0.0,0.0,0.0,0.0,0.0,0.0,1.0,1.0,0.0,0.0,0.0,0.0,72.08
-0.5419113346545662,1.4716541496726547,-0.8259544693275674,0.921140556854862,0.16733043647679352,-0.40803466052793025,1.0,0.0,0.0,0.0,0.0,1.0,0.0,0.0,0.0,0.0,0.0,1.0,0.0,0.0,0.0,0.0,58.64
-0.5419113346545662,-0.2052588916452402,-0.19521522602236271,-0.20629340300171936,-0.2650842037709337,-0.7126022927654816,0.0,1.0,0.0,0.0,0.0,0.0,0.0,0.0,0.0,0.0,1.0,1.0,0.0,0.0,0.0,0.0,66.82
0.9587662074657727,-1.6920011937823631,-1.5864344198260674,-1.468990662597467,-1.6237916652761613,-1.5082445871099415,0.0,1.0,0.0,0.0,0.0,1.0,0.0,0.0,0.0,0.0,0.0,1.0,0.0,0.0,0.0,0.0,74.03
-0.5419113346545662,-1.0437154123041912,-0.9160600755140267,-0.8639632129180582,-0.8896831285732059,-0.6364603847060946,0.0,1.0,0.0,0.0,0.0,1.0,0.0,0.0,0.0,0.0,0.0,1.0,0.0,0.0,0.0,0.0,62.7
0.9587662074657727,-2.1150765220350687,-1.9072217435650618,-1.9913971727746396,-2.138880978177754,-2.0831566378344677,0.0,1.0,0.0,0.0,0.0,1.0,0.0,0.0,0.0,0.0,0.0,1.0,0.0,0.0,0.0,0.0,80.54
-0.5419113346545662,2.123786999074062,2.2376361410120005,2.2834565916815683,2.329403637715433,2.4092159376694284,1.0,0.0,0.0,0.0,0.0,0.0,0.0,0.0,0.0,0.0,1.0,1.0,0.0,0.0,0.0,0.0,72.08
-0.5419113346545662,0.9126831359000243,0.7959464420286756,0.5923056518966943,0.7919293612790691,0.6579520523035044,1.0,0.0,0.0,0.0,0.0,1.0,0.0,0.0,0.0,0.0,0.0,1.0,0.0,0.0,0.0,0.0,62.7
-0.5419113346545662,-0.5779062341603306,-0.2402680291155923,-0.3941990629778157,-0.31313027490957085,-0.10346702829037889,1.0,0.0,0.0,0.0,0.0,0.0,0.0,0.0,0.0,0.0,1.0,0.0,0.0,0.0,0.0,1.0,66.82
-0.5419113346545662,0.16413570902540478,0.22204731339892952,0.5401825918912665,0.267316392063072,0.04224078744788897,0.0,1.0,0.0,0.0,0.0,0.0,0.0,0.0,0.0,0.0,1.0,0.0,0.0,1.0,0.0,0.0,74.03
-0.5419113346545662,1.1921686427863412,1.2014216698677358,1.0150933868429117,1.1282518592495223,0.7340939603628913,0.0,1.0,0.0,0.0,0.0,0.0,0.0,0.0,0.0,0.0,1.0,1.0,0.0,0.0,0.0,0.0,66.82
-0.5419113346545662,1.4250732318582715,1.3365800791474214,1.0150933868429117,1.2723900726654336,1.4955130409567714,0.0,1.0,0.0,0.0,0.0,0.0,0.0,0.0,0.0,0.0,1.0,1.0,0.0,0.0,0.0,0.0,72.08
-0.5419113346545662,1.6871198344061393,1.5668157816944401,1.8317939697768835,1.915974698461378,1.9803475056451747,0.0,1.0,0.0,0.0,0.0,0.0,0.0,0.0,0.0,0.0,1.0,1.0,0.0,0.0,0.0,0.0,76.93
-0.5419113346545662,-0.39158256290278703,-0.19521522602236271,-0.3941990629778157,-0.07289991921638865,-0.17960893634976594,1.0,0.0,0.0,0.0,0.0,0.0,0.0,0.0,0.0,0.0,1.0,1.0,0.0,0.0,0.0,0.0,80.54
-0.5419113346545662,0.3537121221273904,0.435524017282842,0.4513764069146195,0.4556068633086127,0.2011006039471757,1.0,0.0,0.0,0.0,0.0,0.0,0.0,0.0,0.0,0.0,1.0,1.0,0.0,0.0,0.0,0.0,66.82
-0.5419113346545662,0.11693654279860055,0.750893638935446,0.7332348968787656,0.2634225787540677,-0.10346702829037889,1.0,0.0,0.0,0.0,0.0,1.0,0.0,0.0,0.0,0.0,0.0,1.0,0.0,0.0,0.0,0.0,66.82
-0.5419113346545662,-0.06551613820208338,0.12015439563024127,0.2634707469385231,0.6477911478631578,0.12495869588778542,1.0,0.0,0.0,0.0,0.0,0.0,0.0,0.0,0.0,0.0,1.0,1.0,0.0,0.0,0.0,0.0,66.82
6.961476375947129,-0.6925428615012563,-0.6126365634741483,-0.7992662444345557,-0.8479524622651928,-1.120623243470483,0.0,1.0,0.0,0.0,0.0,1.0,0.0,0.0,0.0,0.0,0.0,1.0,0.0,0.0,0.0,0.0,78.31
-0.5419113346545662,-1.4629436726336649,-1.4566937126327721,-1.4746566078403722,-1.5623281245141185,-1.0171699250030362,0.0,1.0,0.0,0.0,0.0,1.0,0.0,0.0,0.0,0.0,0.0,1.0,0.0,0.0,0.0,0.0,80.54
0.9587662074657727,-0.3593900840742196,-0.4735225839953004,-0.3208916600324759,-0.46003286075971034,-0.19033201873578545,1.0,0.0,0.0,0.0,0.0,1.0,0.0,0.0,0.0,0.0,0.0,1.0,0.0,0.0,0.0,0.0,78.31
-0.5419113346545662,0.30713120431300367,0.16520719872347087,0.357423576926573,0.5036529344472499,-0.10346702829037889,1.0,0.0,0.0,0.0,0.0,1.0,0.0,0.0,0.0,0.0,0.0,1.0,0.0,0.0,0.0,0.0,80.54
-0.5419113346545662,-0.6244871519747173,-0.4655320445817371,-0.582104722953912,-0.6974988440186609,-0.4841765685873173,1.0,0.0,0.0,0.0,0.0,1.0,0.0,0.0,0.0,0.0,0.0,0.0,0.0,1.0,0.0,0.0,62.7
-0.5419113346545662,-0.5497630997468139,-0.42715125750235106,-0.5122414937933071,-0.6055027113242655,-0.2678562874636791,0.0,1.0,0.0,0.0,0.0,1.0,0.0,0.0,0.0,0.0,0.0,1.0,0.0,0.0,0.0,0.0,65.57
-0.5419113346545662,-0.1586779738308568,-0.15016242292913312,0.0285886719684019,-0.024853848077751532,-0.3318927524685432,0.0,1.0,0.0,0.0,0.0,0.0,0.0,0.0,0.0,0.0,1.0,1.0,0.0,0.0,0.0,0.0,80.54
-0.5419113346545662,0.16738845086984686,1.0212104574948204,0.16951791695047663,0.743883290140432,0.42952632812534003,1.0,0.0,0.0,0.0,0.0,0.0,0.0,0.0,0.0,0.0,1.0,1.0,0.0,0.0,0.0,0.0,58.64
-0.5419113346545662,-0.06551613820208338,-0.19521522602236271,-0.34722264798379077,-0.024853848077751532,0.27724251200656275,0.0,1.0,0.0,0.0,0.0,1.0,0.0,0.0,0.0,0.0,0.0,1.0,0.0,0.0,0.0,0.0,73.08
-0.5419113346545662,1.0058449715287945,1.381632882240651,1.249975461813033,1.080205788110885,1.19094540871922,1.0,0.0,0.0,0.0,0.0,0.0,0.0,0.0,0.0,0.0,1.0,1.0,0.0,0.0,0.0,0.0,72.08
-0.5419113346545662,0.259322216861702,0.31478996638482487,0.25315784125002133,0.2188264418748858,0.35233786235945375,0.0,1.0,0.0,0.0,0.0,0.0,0.0,0.0,0.0,0.0,1.0,1.0,0.0,0.0,0.0,0.0,65.57
-0.5419113346545662,0.9592640537144109,0.9761576544015909,1.2029990468190082,0.9841136458336142,0.9625196845410557,0.0,1.0,0.0,0.0,0.0,0.0,0.0,0.0,0.0,0.0,1.0,1.0,0.0,0.0,0.0,0.0,72.08
0.9587662074657727,-1.2300390835617345,-1.1863768940733979,-1.1927981178762292,-1.2260056265436623,-1.3217375572405876,1.0,0.0,0.0,0.0,0.0,1.0,0.0,0.0,0.0,0.0,0.0,1.0,0.0,0.0,0.0,0.0,62.7
0.9587662074657727,-0.2518398094596269,-0.2853208322088187,-0.15931698800769445,-0.31313027490957085,-0.17960893634976594,0.0,1.0,0.0,0.0,0.0,1.0,0.0,0.0,0.0,0.0,0.0,1.0,0.0,0.0,0.0,0.0,62.7
-0.5419113346545662,0.4496952325342929,0.36116129287777415,0.39667021657064394,0.6067460433803717,0.5073863998152378,1.0,0.0,0.0,0.0,0.0,0.0,1.0,0.0,0.0,0.0,0.0,1.0,0.0,0.0,0.0,0.0,75.7
-0.5419113346545662,-0.2052588916452402,-0.015004013649447524,-0.20629340300171936,-0.12094599035502576,-0.027325120230988625,1.0,0.0,0.0,0.0,0.0,1.0,0.0,0.0,0.0,0.0,0.0,1.0,0.0,0.0,0.0,0.0,80.54
-0.5419113346545662,0.30713120431300367,0.16520719872347087,-0.01838774302562302,0.3595147210313385,0.0488167878283984,0.0,1.0,0.0,0.0,0.0,1.0,0.0,0.0,0.0,0.0,0.0,1.0,0.0,0.0,0.0,0.0,58.64
-0.5419113346545662,0.3537121221273904,0.39047121418961567,0.31044716193254807,0.16733043647679352,0.2011006039471757,1.0,0.0,0.0,0.0,0.0,0.0,0.0,0.0,0.0,0.0,1.0,1.0,0.0,0.0,0.0,0.0,66.82
0.9587662074657727,0.8195213002712508,0.48057682037607163,0.5453292369026693,0.743883290140432,0.6579520523035044,1.0,0.0,0.0,0.0,0.0,0.0,0.0,0.0,0.0,0.0,1.0,1.0,0.0,0.0,0.0,0.0,66.82
0.9587662074657727,-0.7401361154194049,-0.7517505429529929,-0.894941161314973,-0.8479524622651928,-0.7330018998310279,1.0,0.0,0.0,0.0,0.0,1.0,0.0,0.0,0.0,0.0,0.0,1.0,0.0,0.0,0.0,0.0,74.03
-0.5419113346545662,-0.9505535766754176,-1.0962712878869418,-1.1458217028822044,-1.2740516976822993,-1.3217375572405876,0.0,1.0,0.0,0.0,0.0,0.0,0.0,0.0,0.0,0.0,1.0,1.0,0.0,0.0,0.0,0.0,66.82
-0.5419113346545662,1.3784923140438847,1.2464744729609654,1.4848575367831542,1.6087125706358865,1.0386615926004428,1.0,0.0,0.0,0.0,0.0,0.0,0.0,0.0,0.0,0.0,1.0,1.0,0.0,0.0,0.0,0.0,72.08
-0.5419113346545662,-0.9971344944898043,-1.276482500259857,-1.2867509478642758,-1.0338213419891171,-1.3978794652999746,1.0,0.0,0.0,0.0,0.0,1.0,0.0,0.0,0.0,0.0,0.0,1.0,0.0,0.0,0.0,0.0,66.82
0.9587662074657727,-0.7642299054178741,-0.8259544693275674,-0.7230339679359868,-0.7935909862959352,-0.7887442008248718,0.0,1.0,0.0,0.0,0.0,1.0,0.0,0.0,0.0,0.0,0.0,1.0,0.0,0.0,0.0,0.0,62.7
3.9601212917064506,-0.2518398094596269,1.6519497008000252,-0.629081137947937,-0.6014067017413901,-0.5603184766467075,1.0,0.0,0.0,0.0,0.0,1.0,0.0,0.0,0.0,0.0,0.0,1.0,0.0,0.0,0.0,0.0,58.64
0.9587662074657727,0.16738845086984686,0.16520719872347087,0.21649433194449821,0.31146864989270484,0.42952632812534003,0.0,1.0,0.0,0.0,0.0,1.0,0.0,0.0,0.0,0.0,0.0,0.0,0.0,1.0,0.0,0.0,66.82
-0.5419113346545662,-0.11209705601647008,-0.33037363530204833,-0.0653641580196446,-0.12094599035502576,-0.3318927524685432,0.0,1.0,0.0,0.0,0.0,0.0,0.0,0.0,0.0,0.0,1.0,0.0,0.0,1.0,0.0,0.0,66.82
0.9587662074657727,1.1921686427863412,1.0212104574948204,1.0150933868429117,1.0321597169722514,1.19094540871922,0.0,1.0,0.0,0.0,0.0,1.0,0.0,0.0,0.0,0.0,0.0,1.0,0.0,0.0,0.0,0.0,66.82
-0.5419113346545662,0.7729403824568641,0.6607880327489868,0.921140556854862,0.551699005585887,0.8102358684222783,0.0,1.0,0.0,0.0,0.0,1.0,0.0,0.0,0.0,0.0,0.0,1.0,0.0,0.0,0.0,0.0,80.54
-0.5419113346545662,-0.9971344944898043,-1.2314296971666274,-0.629081137947937,-1.2260056265436623,-0.8648861088842589,1.0,0.0,0.0,0.0,0.0,1.0,0.0,0.0,0.0,0.0,0.0,1.0,0.0,0.0,0.0,0.0,62.7
0.9587662074657727,1.2587805491428088,1.2422164962437983,1.3534193853748038,1.3825852463913404,1.2826290870941515,0.0,1.0,0.0,0.0,0.0,1.0,0.0,0.0,0.0,0.0,0.0,1.0,0.0,0.0,0.0,0.0,76.93
-0.5419113346545662,1.6579778209302016,1.561844094613566,1.907645271729372,1.5126204283586158,1.5716549490161615,0.0,1.0,0.0,0.0,0.0,1.0,0.0,0.0,0.0,0.0,0.0,1.0,0.0,0.0,0.0,0.0,80.54
-0.5419113346545662,0.30713120431300367,0.34541841109638605,0.357423576926573,0.5997450767245207,0.505668236184727,1.0,0.0,0.0,0.0,0.0,1.0,0.0,0.0,0.0,0.0,0.0,1.0,0.0,0.0,0.0,0.0,66.82
-0.5419113346545662,0.8195213002712508,0.6157352296557604,0.4513764069146195,0.695837219001795,0.3533844200659498,1.0,0.0,0.0,0.0,0.0,1.0,0.0,0.0,0.0,0.0,0.0,1.0,0.0,0.0,0.0,0.0,62.7
-2.0425888767749054,-1.1368772479329612,-1.2314296971666274,-1.0988452878881794,-1.0338213419891171,-0.40803466052793025,0.0,1.0,0.0,0.0,0.0,1.0,0.0,0.0,0.0,0.0,0.0,1.0,0.0,0.0,0.0,0.0,75.71
0.9587662074657727,1.1635940413065116,1.1494738432579028,1.209907010054181,0.8007058441331131,-0.0352834812800047,0.0,1.0,0.0,0.0,0.0,1.0,0.0,0.0,0.0,0.0,0.0,1.0,0.0,0.0,0.0,0.0,45.71
-0.5419113346545662,-0.7642299054178741,-0.7809016662343379,-0.582104722953912,-0.21703813263229657,-0.7887442008248718,0.0,1.0,0.0,0.0,0.0,0.0,0.0,0.0,0.0,0.0,1.0,1.0,0.0,0.0,0.0,0.0,66.82
-0.5419113346545662,-0.9505535766754176,-1.0962712878869418,-0.7700103829300083,-0.8896831285732059,-1.1694537411218102,0.0,1.0,0.0,0.0,0.0,1.0,0.0,0.0,0.0,0.0,0.0,1.0,0.0,0.0,0.0,0.0,66.82
0.9587662074657727,-0.01893522038769667,-0.10510961983590351,-0.01838774302562302,0.16733043647679352,-0.027325120230988625,0.0,1.0,0.0,0.0,0.0,0.0,0.0,0.0,0.0,0.0,1.0,1.0,0.0,0.0,0.0,0.0,66.82
0.9587662074657727,0.40029303994177706,0.39047121418961567,0.31044716193254807,0.5036529344472499,0.3533844200659498,1.0,0.0,0.0,0.0,0.0,1.0,0.0,0.0,0.0,0.0,0.0,1.0,0.0,0.0,0.0,0.0,66.82
0.9587662074657727,1.3784923140438847,1.47173848842711,1.3909047067951046,1.3684822149427043,1.3432292248379973,1.0,0.0,0.0,0.0,0.0,0.0,0.0,0.0,0.0,0.0,1.0,1.0,0.0,0.0,0.0,0.0,72.08
-0.5419113346545662,-0.4420344709740333,-0.10510961983590351,0.16951791695047663,-0.12094599035502576,0.2011006039471757,0.0,1.0,0.0,0.0,0.0,1.0,0.0,0.0,0.0,0.0,0.0,0.0,0.0,1.0,0.0,0.0,66.82
0.9587662074657727,1.2587805491428088,0.8712458843002101,0.9228822594129324,1.091645545262227,0.5073863998152378,0.0,1.0,0.0,0.0,0.0,1.0,0.0,0.0,0.0,0.0,0.0,0.0,0.0,1.0,0.0,0.0,74.03
0.9587662074657727,0.5866167111993206,0.435524017282842,0.7332348968787656,0.551699005585887,0.8863777764816687,1.0,0.0,0.0,0.0,0.0,1.0,0.0,0.0,0.0,0.0,0.0,1.0,0.0,0.0,0.0,0.0,62.7
-0.5419113346545662,1.6113969031158148,1.291527276054195,1.1560226318249833,1.4645743572199785,1.19094540871922,1.0,0.0,0.0,0.0,0.0,0.0,0.0,0.0,0.0,0.0,1.0,1.0,0.0,0.0,0.0,0.0,62.7
0.9587662074657727,-0.45457659191051675,-0.38077993100940505,-0.3687291184726845,-0.3145630101951518,-0.5004290936473536,0.0,1.0,0.0,0.0,0.0,0.0,0.0,0.0,0.0,0.0,1.0,1.0,0.0,0.0,0.0,0.0,65.57
0.9587662074657727,1.3784923140438847,1.1113160636812764,1.3439282918010829,1.2243440015267966,1.114803500659833,0.0,1.0,0.0,0.0,0.0,0.0,0.0,0.0,0.0,0.0,1.0,0.0,0.0,0.0,0.0,1.0,72.08
-0.5419113346545662,-0.1586779738308568,-0.4204792414885075,-0.44117547797184065,-0.12094599035502576,-0.6364603847060946,0.0,1.0,0.0,0.0,0.0,1.0,0.0,0.0,0.0,0.0,0.0,0.0,0.0,1.0,0.0,0.0,62.7
0.9587662074657727,0.9592640537144109,1.0212104574948204,0.6392820668907192,0.9841136458336142,1.19094540871922,0.0,1.0,0.0,0.0,0.0,0.0,0.0,0.0,0.0,0.0,1.0,1.0,0.0,0.0,0.0,0.0,66.82
-0.5419113346545662,-0.026237306647186202,0.12930466041303088,0.061808007489186696,0.07335659131033073,-0.11280775000789507,0.0,1.0,0.0,0.0,0.0,1.0,0.0,0.0,0.0,0.0,0.0,1.0,0.0,0.0,0.0,0.0,78.31
0.9587662074657727,-0.7401361154194049,-0.6126365634741483,-0.41656657691289317,-0.5570127611360792,-0.5004290936473536,1.0,0.0,0.0,0.0,0.0,1.0,0.0,0.0,0.0,0.0,0.0,1.0,0.0,0.0,0.0,0.0,74.03
-0.5419113346545662,0.11654245510725957,0.03656200742713555,-0.22521674315205853,-0.2660730600069691,-0.11280775000789507,0.0,1.0,0.0,0.0,0.0,1.0,0.0,0.0,0.0,0.0,0.0,1.0,0.0,0.0,0.0,0.0,78.31
-0.5419113346545662,0.027645697426690038,0.12015439563024127,0.16951791695047663,-0.024853848077751532,-0.25575084440915297,1.0,0.0,0.0,0.0,0.0,0.0,0.0,0.0,0.0,0.0,1.0,1.0,0.0,0.0,0.0,0.0,66.82
-0.5419113346545662,0.679778546828094,0.5706824265625309,0.4043999919205979,0.551699005585887,0.8863777764816687,1.0,0.0,0.0,0.0,0.0,1.0,0.0,0.0,0.0,0.0,0.0,1.0,0.0,0.0,0.0,0.0,73.08
-0.5419113346545662,1.6579778209302016,1.5167912915203396,1.2029990468190082,1.6087125706358865,1.4955130409567714,0.0,1.0,0.0,0.0,0.0,0.0,0.0,0.0,0.0,0.0,1.0,1.0,0.0,0.0,0.0,0.0,66.82
-0.5419113346545662,1.704558738744585,1.7871081100797108,1.5788103667712041,1.5606664994972494,1.9523644893131,1.0,0.0,0.0,0.0,0.0,1.0,0.0,0.0,0.0,0.0,0.0,1.0,0.0,0.0,0.0,0.0,73.08
-0.5419113346545662,0.49345487557055046,0.12015439563024127,0.357423576926573,0.40756079216997565,-0.25575084440915297,1.0,0.0,0.0,0.0,0.0,0.0,0.0,0.0,0.0,0.0,1.0,1.0,0.0,0.0,0.0,0.0,66.82
-0.5419113346545662,0.3537121221273904,0.21026000181669727,0.12254150195645173,0.31146864989270484,0.12495869588778542,1.0,0.0,0.0,0.0,0.0,0.0,0.0,0.0,0.0,0.0,1.0,1.0,0.0,0.0,0.0,0.0,62.7
-0.5419113346545662,0.11654245510725957,0.12930466041303088,-0.0817043678314359,-0.1690931596305967,-0.11280775000789507,1.0,0.0,0.0,0.0,0.0,1.0,0.0,0.0,0.0,0.0,0.0,1.0,0.0,0.0,0.0,0.0,74.93
0.9587662074657727,-0.7642299054178741,-0.6907960600478819,-0.8169867979240333,-0.8416370574345722,-0.40803466052793025,1.0,0.0,0.0,0.0,0.0,1.0,0.0,0.0,0.0,0.0,0.0,1.0,0.0,0.0,0.0,0.0,33.59
-0.5419113346545662,0.5448817403705901,0.8712458843002101,0.6836949672118926,0.5582560931921856,0.35233786235945375,0.0,1.0,0.0,0.0,0.0,1.0,0.0,0.0,0.0,0.0,0.0,1.0,0.0,0.0,0.0,0.0,74.93
-0.5419113346545662,1.9374633278165152,2.0574249286390853,2.1895037616935182,1.8008968551904314,1.9523644893131,1.0,0.0,0.0,0.0,0.0,1.0,0.0,0.0,0.0,0.0,0.0,0.0,1.0,0.0,0.0,0.0,58.64
0.9587662074657727,-1.6026864260768217,-1.5918521219124608,-1.5686094378284219,-1.6103741956527522,-1.1694537411218102,0.0,1.0,0.0,0.0,0.0,0.0,0.0,0.0,0.0,0.0,1.0,1.0,0.0,0.0,0.0,0.0,66.82
-0.5419113346545662,1.6395265804879908,1.5204444552014909,1.5926066775758436,1.4795651467677093,1.8252989681893905,1.0,0.0,0.0,0.0,0.0,1.0,0.0,0.0,0.0,0.0,0.0,1.0,0.0,0.0,0.0,0.0,76.93
-0.5419113346545662,-0.43816348071717043,-0.2853208322088187,-0.11234057301366952,-0.31313027490957085,-0.10346702829037889,0.0,1.0,0.0,0.0,0.0,0.0,0.0,0.0,0.0,0.0,1.0,1.0,0.0,0.0,0.0,0.0,66.82
-0.5419113346545662,1.704558738744585,1.6068968977067957,1.6257867817652258,1.5126204283586158,0.9625196845410557,0.0,1.0,0.0,0.0,0.0,0.0,0.0,0.0,0.0,0.0,1.0,0.0,0.0,1.0,0.0,0.0,72.08
-0.5419113346545662,1.052425889343181,0.8409992451219053,0.8271877268668155,0.8880215035563399,1.114803500659833,1.0,0.0,0.0,0.0,0.0,0.0,0.0,0.0,0.0,0.0,1.0,0.0,0.0,1.0,0.0,0.0,66.82
-0.5419113346545662,-0.3450016450884003,-0.33037363530204833,-0.44117547797184065,-0.5053145594641159,-0.5603184766467075,0.0,1.0,0.0,0.0,0.0,0.0,0.0,0.0,0.0,0.0,1.0,1.0,0.0,0.0,0.0,0.0,66.82
-0.5419113346545662,1.052425889343181,1.381632882240651,1.6257867817652258,1.3204361438040673,1.19094540871922,0.0,1.0,0.0,0.0,0.0,0.0,0.0,0.0,0.0,0.0,1.0,0.0,0.0,1.0,0.0,0.0,72.08
0.9587662074657727,0.11654245510725957,0.1756759869059802,0.20532038280981268,0.07335659131033073,-0.11280775000789507,1.0,0.0,0.0,0.0,0.0,0.0,0.0,0.0,0.0,0.0,1.0,1.0,0.0,0.0,0.0,0.0,74.03
3.9601212917064506,-1.323200919190508,0.6157352296557604,-1.1458217028822044,-0.8416370574345722,-0.6364603847060946,0.0,1.0,0.0,0.0,0.0,1.0,0.0,0.0,0.0,0.0,0.0,1.0,0.0,0.0,0.0,0.0,58.64
-0.5419113346545662,0.6331976290137074,0.5256296234693012,0.4513764069146195,0.5036529344472499,1.0386615926004428,0.0,1.0,0.0,0.0,0.0,0.0,0.0,0.0,0.0,0.0,1.0,1.0,0.0,0.0,0.0,0.0,66.82
-0.5419113346545662,0.8304412638794783,0.6393892518354668,0.6836949672118926,0.8491957943212992,0.7399592059989122,0.0,1.0,0.0,0.0,0.0,1.0,0.0,0.0,0.0,0.0,0.0,1.0,0.0,0.0,0.0,0.0,74.03
-0.5419113346545662,-1.2766200013761213,-1.1413240909801714,-1.1458217028822044,-0.6494527728800238,-1.1694537411218102,0.0,1.0,0.0,0.0,0.0,1.0,0.0,0.0,0.0,0.0,0.0,0.0,0.0,0.0,0.0,1.0,62.7
-0.5419113346545662,1.5648159853014283,1.6068968977067957,1.7667160267473005,1.5126204283586158,1.4193711328973844,0.0,1.0,0.0,0.0,0.0,0.0,0.0,0.0,0.0,0.0,1.0,1.0,0.0,0.0,0.0,0.0,72.08
-0.5419113346545662,0.679778546828094,0.750893638935446,0.8271877268668155,0.7919293612790691,0.8102358684222783,1.0,0.0,0.0,0.0,0.0,0.0,0.0,0.0,0.0,0.0,1.0,1.0,0.0,0.0,0.0,0.0,66.82
-2.0425888767749054,-0.6244871519747173,-0.8259544693275674,-0.8169867979240333,-0.745544915157298,-0.8648861088842589,1.0,0.0,0.0,0.0,0.0,1.0,0.0,0.0,0.0,0.0,0.0,1.0,0.0,0.0,0.0,0.0,80.54
-0.5419113346545662,-1.5095245904480514,-1.5017465157260017,-1.521633022834397,-1.5142820533754815,-1.6263051894781388,1.0,0.0,0.0,0.0,0.0,1.0,0.0,0.0,0.0,0.0,0.0,1.0,0.0,0.0,0.0,0.0,66.82
-0.5419113346545662,-0.9039726588610308,-1.0061656817004825,-1.0988452878881794,-0.9857752708504801,-0.6364603847060946,0.0,1.0,0.0,0.0,0.0,1.0,0.0,0.0,0.0,0.0,0.0,1.0,0.0,0.0,0.0,0.0,80.54
-0.5419113346545662,1.9726793579150275,1.891415067145082,1.9753063450975061,2.0614445490259365,1.9028232369172842,1.0,0.0,0.0,0.0,0.0,1.0,0.0,0.0,0.0,0.0,0.0,1.0,0.0,0.0,0.0,0.0,78.31
-0.5419113346545662,0.21396936868423355,0.21026000181669727,0.12254150195645173,0.16733043647679352,0.12495869588778542,0.0,1.0,0.0,0.0,0.0,0.0,0.0,0.0,0.0,0.0,1.0,1.0,0.0,0.0,0.0,0.0,66.82
0.9587662074657727,-0.39158256290278703,-0.555637650768193,-0.3941990629778157,-0.5053145594641159,-0.027325120230988625,1.0,0.0,0.0,0.0,0.0,1.0,0.0,0.0,0.0,0.0,0.0,1.0,0.0,0.0,0.0,0.0,80.54
-0.5419113346545662,-0.3450016450884003,-0.33037363530204833,-0.3941990629778157,-0.3611763460482079,-0.3318927524685432,1.0,0.0,0.0,0.0,0.0,0.0,0.0,0.0,0.0,0.0,1.0,1.0,0.0,0.0,0.0,0.0,66.82
-0.5419113346545662,-0.39158256290278703,-0.4204792414885075,-0.34722264798379077,-0.2650842037709337,-0.17960893634976594,0.0,1.0,0.0,0.0,0.0,1.0,0.0,0.0,0.0,0.0,0.0,1.0,0.0,0.0,0.0,0.0,62.7
-0.5419113346545662,1.9726793579150275,1.7986724141591834,1.8317939697768835,2.109934499214123,1.9803475056451747,1.0,0.0,0.0,0.0,0.0,1.0,0.0,0.0,0.0,0.0,0.0,1.0,0.0,0.0,0.0,0.0,76.93
-0.5419113346545662,-0.6244871519747173,-0.7358488631411083,-0.7230339679359868,-0.45726848832547873,-0.4841765685873173,1.0,0.0,0.0,0.0,0.0,1.0,0.0,0.0,0.0,0.0,0.0,0.0,0.0,0.0,0.0,1.0,66.82
0.9587662074657727,-1.2766200013761213,-1.2314296971666274,-1.239774532870251,-1.0338213419891171,-1.4740213733593648,0.0,1.0,0.0,0.0,0.0,1.0,0.0,0.0,0.0,0.0,0.0,1.0,0.0,0.0,0.0,0.0,80.54
-0.5419113346545662,-0.8573917410466475,-0.7809016662343379,-0.8639632129180582,-0.745544915157298,-0.25575084440915297,0.0,1.0,0.0,0.0,0.0,0.0,0.0,0.0,0.0,0.0,1.0,0.0,0.0,1.0,0.0,0.0,66.82
-0.5419113346545662,1.3784923140438847,1.5167912915203396,1.4848575367831542,1.5126204283586158,1.4193711328973844,0.0,1.0,0.0,0.0,0.0,0.0,0.0,0.0,0.0,0.0,1.0,1.0,0.0,0.0,0.0,0.0,72.08
0.9587662074657727,-1.7424291795199818,-1.6369049250056873,-1.521633022834397,-1.6103741956527522,-1.6263051894781388,0.0,1.0,0.0,0.0,0.0,1.0,0.0,0.0,0.0,0.0,0.0,1.0,0.0,0.0,0.0,0.0,62.7
0.9587662074657727,-0.29842072727401364,-0.19521522602236271,0.0285886719684019,-0.21703813263229657,-0.17960893634976594,1.0,0.0,0.0,0.0,0.0,1.0,0.0,0.0,0.0,0.0,0.0,1.0,0.0,0.0,0.0,0.0,73.08
-2.0425888767749054,0.027645697426690038,0.12015439563024127,-0.11234057301366952,0.16733043647679352,0.2011006039471757,0.0,1.0,0.0,0.0,0.0,1.0,0.0,0.0,0.0,0.0,0.0,1.0,0.0,0.0,0.0,0.0,58.64
-0.5419113346545662,0.49345487557055046,0.5706824265625309,0.31044716193254807,0.21537650761543062,0.3533844200659498,1.0,0.0,0.0,0.0,0.0,0.0,0.0,0.0,0.0,0.0,1.0,1.0,0.0,0.0,0.0,0.0,72.08
-0.5419113346545662,-0.7401361154194049,-0.7981218694459423,-0.751428785994347,-0.7994625120770067,-1.0430989747425927,1.0,0.0,0.0,0.0,0.0,1.0,0.0,0.0,0.0,0.0,0.0,1.0,0.0,0.0,0.0,0.0,78.31
-0.5419113346545662,0.679778546828094,0.6607880327489868,0.6862584818847407,0.5997450767245207,0.42952632812534003,1.0,0.0,0.0,0.0,0.0,1.0,0.0,0.0,0.0,0.0,0.0,1.0,0.0,0.0,0.0,0.0,80.54
-0.5419113346545662,1.3784923140438847,1.561844094613566,1.8136924417413254,1.8969889974677057,1.6477968570755486,1.0,0.0,0.0,0.0,0.0,0.0,0.0,0.0,0.0,0.0,1.0,1.0,0.0,0.0,0.0,0.0,72.08
-0.5419113346545662,1.5648159853014283,1.5167912915203396,1.4848575367831542,1.7048047129131607,1.3432292248379973,0.0,1.0,0.0,0.0,0.0,1.0,0.0,0.0,0.0,0.0,0.0,1.0,0.0,0.0,0.0,0.0,62.7
0.9587662074657727,-0.8108108232322608,-0.9160600755140267,-0.629081137947937,-0.937729199711843,-1.1694537411218102,0.0,1.0,0.0,0.0,0.0,1.0,0.0,0.0,0.0,0.0,0.0,1.0,0.0,0.0,0.0,0.0,62.7
0.9587662074657727,-0.2052588916452402,-0.10510961983590351,-0.15931698800769445,-0.16899206149365945,0.12495869588778542,1.0,0.0,0.0,0.0,0.0,0.0,0.0,0.0,0.0,0.0,1.0,1.0,0.0,0.0,0.0,0.0,66.82
-0.5419113346545662,-0.1586779738308568,-0.2853208322088187,-0.3002462329897659,-0.16899206149365945,-0.5603184766467075,0.0,1.0,0.0,0.0,0.0,0.0,0.0,0.0,0.0,0.0,1.0,1.0,0.0,0.0,0.0,0.0,66.82
2.4594437495861117,-0.1586779738308568,-0.2402680291155923,-0.20629340300171936,-0.12094599035502576,-0.6364603847060946,0.0,1.0,0.0,0.0,0.0,1.0,0.0,0.0,0.0,0.0,0.0,1.0,0.0,0.0,0.0,0.0,62.7
-0.5419113346545662,0.3537121221273904,0.34541841109638605,0.4983528219086444,0.4556068633086127,0.6579520523035044,0.0,1.0,0.0,0.0,0.0,1.0,0.0,0.0,0.0,0.0,0.0,1.0,0.0,0.0,0.0,0.0,72.08
-0.5419113346545662,1.0990068071575678,1.47173848842711,1.3439282918010829,1.1282518592495223,0.9625196845410557,1.0,0.0,0.0,0.0,0.0,1.0,0.0,0.0,0.0,0.0,0.0,1.0,0.0,0.0,0.0,0.0,80.54
-0.5419113346545662,-0.6244871519747173,-0.8259544693275674,-0.7700103829300083,-0.8896831285732059,-0.3318927524685432,0.0,1.0,0.0,0.0,0.0,1.0,0.0,0.0,0.0,0.0,0.0,1.0,0.0,0.0,0.0,0.0,33.59
0.9587662074657727,1.3063738030609575,1.5668157816944401,1.3534193853748038,1.5280550969558955,1.4376776245499354,0.0,1.0,0.0,0.0,0.0,1.0,0.0,0.0,0.0,0.0,0.0,1.0,0.0,0.0,0.0,0.0,76.93
0.9587662074657727,1.8443014921877452,2.0123721255458555,1.7197396117532755,2.089173282022251,1.800080673194326,1.0,0.0,0.0,0.0,0.0,0.0,0.0,0.0,0.0,0.0,1.0,1.0,0.0,0.0,0.0,0.0,72.08
-0.5419113346545662,0.027645697426690038,0.21026000181669727,-0.11234057301366952,0.07123829419952268,0.2011006039471757,1.0,0.0,0.0,0.0,0.0,0.0,0.0,0.0,0.0,0.0,1.0,1.0,0.0,0.0,0.0,0.0,66.82
0.9587662074657727,-0.48474439853155715,-0.6006904538614227,-0.6760575529419619,-0.6494527728800238,-0.3318927524685432,1.0,0.0,0.0,0.0,0.0,1.0,0.0,0.0,0.0,0.0,0.0,1.0,0.0,0.0,0.0,0.0,80.54
-0.5419113346545662,0.027645697426690038,-0.015004013649447524,-0.01838774302562302,0.16733043647679352,0.3533844200659498,1.0,0.0,0.0,0.0,0.0,0.0,0.0,0.0,0.0,0.0,1.0,1.0,0.0,0.0,0.0,0.0,66.82
-0.5419113346545662,0.8195213002712508,0.7959464420286756,0.8271877268668155,0.5997450767245207,0.8102358684222783,1.0,0.0,0.0,0.0,0.0,1.0,0.0,0.0,0.0,0.0,0.0,1.0,0.0,0.0,0.0,0.0,72.08
3.9601212917064506,0.11654245510725957,0.03656200742713555,0.10964546592939536,0.1703364916867031,0.04224078744788897,1.0,0.0,0.0,0.0,0.0,1.0,0.0,0.0,0.0,0.0,0.0,1.0,0.0,0.0,0.0,0.0,74.03
-0.5419113346545662,0.30713120431300367,0.16520719872347087,0.2634707469385231,0.3595147210313385,0.27724251200656275,0.0,1.0,0.0,0.0,0.0,0.0,0.0,0.0,0.0,0.0,1.0,1.0,0.0,0.0,0.0,0.0,66.82
-0.5419113346545662,0.4468739577561638,0.435524017282842,0.4043999919205979,0.21537650761543062,-0.25575084440915297,1.0,0.0,0.0,0.0,0.0,0.0,0.0,0.0,0.0,0.0,1.0,1.0,0.0,0.0,0.0,0.0,66.82
-0.5419113346545662,-0.5313253163459439,-0.555637650768193,-0.48815189296586553,-0.45726848832547873,0.27724251200656275,1.0,0.0,0.0,0.0,0.0,1.0,0.0,0.0,0.0,0.0,0.0,1.0,0.0,0.0,0.0,0.0,80.54
0.9587662074657727,0.5866167111993206,0.5256296234693012,0.8741641418608405,0.695837219001795,0.7340939603628913,0.0,1.0,0.0,0.0,0.0,1.0,0.0,0.0,0.0,0.0,0.0,0.0,0.0,1.0,0.0,0.0,62.7
0.9587662074657727,0.07422661524107345,-0.19521522602236271,-0.11234057301366952,-0.2650842037709337,-0.027325120230988625,1.0,0.0,0.0,0.0,0.0,0.0,0.0,0.0,0.0,0.0,1.0,1.0,0.0,0.0,0.0,0.0,66.82
0.9587662074657727,1.1455877249719546,1.3365800791474214,1.0620698018369368,1.2243440015267966,0.9625196845410557,1.0,0.0,0.0,0.0,0.0,0.0,0.0,0.0,0.0,0.0,1.0,1.0,0.0,0.0,0.0,0.0,72.08
0.9587662074657727,-1.7890100973343683,-1.6369049250056873,-1.7565150978045183,-1.8025584802073007,-1.4740213733593648,0.0,1.0,0.0,0.0,0.0,1.0,0.0,0.0,0.0,0.0,0.0,1.0,0.0,0.0,0.0,0.0,66.82
0.9587662074657727,1.4716541496726547,1.561844094613566,1.4848575367831542,1.5606664994972494,1.19094540871922,1.0,0.0,0.0,0.0,0.0,0.0,0.0,0.0,0.0,0.0,1.0,1.0,0.0,0.0,0.0,0.0,72.08
-0.5419113346545662,0.5400357933849339,0.7058408358422165,0.9681169718488869,0.6477911478631578,0.42952632812534003,1.0,0.0,0.0,0.0,0.0,1.0,0.0,0.0,0.0,0.0,0.0,1.0,0.0,0.0,0.0,0.0,66.82
-0.5419113346545662,-2.1150765220350687,-1.9072217435650618,-2.0383735877686644,-1.9947427647618456,-1.7785890055969162,1.0,0.0,0.0,0.0,0.0,1.0,0.0,0.0,0.0,0.0,0.0,1.0,0.0,0.0,0.0,0.0,80.54
-0.5419113346545662,0.5448817403705901,0.4075326193707235,0.3009952996902266,0.36429629243944434,0.4298621310873441,0.0,1.0,0.0,0.0,0.0,1.0,0.0,0.0,0.0,0.0,0.0,0.0,0.0,1.0,0.0,0.0,74.03
0.9587662074657727,-1.596814685946066,-1.5400630933331214,-1.6603404963582982,-1.526811764899789,-1.4307203183820512,0.0,1.0,0.0,0.0,0.0,0.0,0.0,0.0,0.0,1.0,0.0,1.0,0.0,0.0,0.0,0.0,74.03
-0.5419113346545662,0.5866167111993206,0.34541841109638605,0.7332348968787656,0.6477911478631578,0.8102358684222783,1.0,0.0,0.0,0.0,0.0,1.0,0.0,0.0,0.0,0.0,0.0,1.0,0.0,0.0,0.0,0.0,62.7
-0.5419113346545662,0.7263594646424807,1.0212104574948204,0.7802113118727906,0.5997450767245207,0.581810144244114,0.0,1.0,0.0,0.0,0.0,0.0,0.0,1.0,0.0,0.0,0.0,1.0,0.0,0.0,0.0,0.0,66.82
-0.5419113346545662,0.2605502864986203,0.25531280490992686,0.21649433194449821,0.2634225787540677,-0.10346702829037889,0.0,1.0,0.0,0.0,0.0,1.0,0.0,0.0,0.0,0.0,0.0,1.0,0.0,0.0,0.0,0.0,80.54
-0.5419113346545662,1.052425889343181,1.1113160636812764,1.1090462168309616,0.936067574694977,1.19094540871922,1.0,0.0,0.0,0.0,0.0,0.0,0.0,0.0,0.0,0.0,1.0,1.0,0.0,0.0,0.0,0.0,66.82
-0.5419113346545662,0.7263594646424807,0.750893638935446,0.7802113118727906,0.8399754324177028,1.3432292248379973,0.0,1.0,0.0,0.0,0.0,1.0,0.0,0.0,0.0,0.0,0.0,1.0,0.0,0.0,0.0,0.0,58.64
-0.5419113346545662,1.8443014921877452,1.6970025038932548,1.7667160267473005,1.8008968551904314,1.876222581253713,1.0,0.0,0.0,0.0,0.0,0.0,0.0,0.0,0.0,0.0,1.0,1.0,0.0,0.0,0.0,0.0,72.08
-0.5419113346545662,1.331911396229498,1.291527276054195,1.3909047067951046,1.3684822149427043,1.6477968570755486,1.0,0.0,0.0,0.0,0.0,1.0,0.0,0.0,0.0,0.0,0.0,1.0,0.0,0.0,0.0,0.0,58.64
0.9587662074657727,0.9592640537144109,0.8860520482151316,0.9681169718488869,0.9841136458336142,1.267087316778607,0.0,1.0,0.0,0.0,0.0,1.0,0.0,0.0,0.0,0.0,0.0,1.0,0.0,0.0,0.0,0.0,62.7
-0.5419113346545662,-1.7424291795199818,-1.7270105311921464,-1.7095386828104935,-1.7064663379300264,-1.4740213733593648,1.0,0.0,0.0,0.0,0.0,1.0,0.0,0.0,0.0,0.0,0.0,1.0,0.0,0.0,0.0,0.0,66.82
-0.5419113346545662,-1.7890100973343683,-1.6369049250056873,-1.7095386828104935,-1.5623281245141185,-1.7785890055969162,0.0,1.0,0.0,0.0,0.0,0.0,0.0,0.0,0.0,0.0,1.0,1.0,0.0,0.0,0.0,0.0,66.82
0.9587662074657727,0.40029303994177706,0.34541841109638605,0.4983528219086444,0.3595147210313385,0.581810144244114,1.0,0.0,0.0,0.0,0.0,1.0,0.0,0.0,0.0,0.0,0.0,0.0,0.0,0.0,0.0,1.0,62.7
3.9601212917064506,-2.0219146864062987,-1.9522745466582914,-1.9444207577806147,-1.9466966936232086,-1.9308728217156934,0.0,1.0,0.0,0.0,0.0,1.0,0.0,0.0,0.0,0.0,0.0,1.0,0.0,0.0,0.0,0.0,80.54
-0.5419113346545662,-0.9039726588610308,-0.6006904538614227,-0.9109396279120832,-0.2650842037709337,-1.1694537411218102,0.0,1.0,0.0,0.0,0.0,1.0,0.0,0.0,0.0,0.0,0.0,1.0,0.0,0.0,0.0,0.0,66.82
-0.5419113346545662,-1.183458165747348,-1.1863768940733979,-1.239774532870251,-1.0338213419891171,-1.1694537411218102,0.0,1.0,0.0,0.0,0.0,1.0,0.0,0.0,0.0,0.0,0.0,1.0,0.0,0.0,0.0,0.0,62.7
-0.5419113346545662,-1.0902963301185777,-1.0962712878869418,-1.4276801928463505,-1.2740516976822993,-1.3978794652999746,1.0,0.0,0.0,0.0,0.0,1.0,0.0,0.0,0.0,0.0,0.0,1.0,0.0,0.0,0.0,0.0,80.54
0.9587662074657727,-1.3697818370048913,-1.4566937126327721,-1.239774532870251,-1.3220977688209365,-1.1694537411218102,0.0,1.0,0.0,0.0,0.0,1.0,0.0,0.0,0.0,0.0,0.0,1.0,0.0,0.0,0.0,0.0,62.7
-0.5419113346545662,-1.6492673438912082,-1.6819577280989169,-1.6625622678164718,-1.7064663379300264,-1.9308728217156934,0.0,1.0,0.0,0.0,0.0,1.0,0.0,0.0,0.0,0.0,0.0,1.0,0.0,0.0,0.0,0.0,80.54
-0.5419113346545662,1.4716541496726547,1.4266856853338805,1.3909047067951046,1.4645743572199785,1.114803500659833,0.0,1.0,0.0,0.0,0.0,0.0,0.0,0.0,0.0,0.0,1.0,1.0,0.0,0.0,0.0,0.0,66.82
-0.5419113346545662,1.1455877249719546,1.561844094613566,1.2029990468190082,1.3684822149427043,1.5716549490161615,0.0,1.0,0.0,0.0,0.0,0.0,0.0,0.0,0.0,0.0,1.0,1.0,0.0,0.0,0.0,0.0,72.08
0.9587662074657727,-0.12142381448348,-0.056180645558763086,-0.03386690939122724,-0.12060320944241053,-0.11280775000789507,0.0,1.0,0.0,0.0,0.0,1.0,0.0,0.0,0.0,0.0,0.0,1.0,0.0,0.0,0.0,0.0,74.03
-0.5419113346545662,-0.5973563536649592,-0.7517505429529929,-0.6079164106737245,-0.5570127611360792,-0.6554776311031343,1.0,0.0,0.0,0.0,0.0,1.0,0.0,0.0,0.0,0.0,0.0,1.0,0.0,0.0,0.0,0.0,75.7
-0.5419113346545662,1.4716541496726547,1.561844094613566,1.4378811217891294,1.5606664994972494,1.4193711328973844,0.0,1.0,0.0,0.0,0.0,0.0,0.0,0.0,0.0,0.0,1.0,1.0,0.0,0.0,0.0,0.0,72.08
-0.5419113346545662,0.49345487557055046,0.5256296234693012,0.4513764069146195,0.5997450767245207,0.581810144244114,1.0,0.0,0.0,0.0,0.0,1.0,0.0,0.0,0.0,0.0,0.0,1.0,0.0,0.0,0.0,0.0,62.7
-0.5419113346545662,-0.5021698458286654,-0.7981218694459423,-0.7035913275541383,-0.6055027113242655,-1.0430989747425927,0.0,1.0,0.0,0.0,0.0,1.0,0.0,0.0,0.0,0.0,0.0,1.0,0.0,0.0,0.0,0.0,65.57
-0.5419113346545662,0.07422661524107345,-0.15016242292913312,-0.34722264798379077,-0.21703813263229657,0.2011006039471757,1.0,0.0,0.0,0.0,0.0,1.0,0.0,0.0,0.0,0.0,0.0,1.0,0.0,0.0,0.0,0.0,33.59
-0.5419113346545662,0.11693654279860055,0.34541841109638605,0.4513764069146195,0.2634225787540677,0.2011006039471757,1.0,0.0,0.0,0.0,0.0,0.0,0.0,0.0,0.0,0.0,1.0,1.0,0.0,0.0,0.0,0.0,66.82
-0.5419113346545662,-1.3697818370048913,-1.2314296971666274,-1.2867509478642758,-1.3701438399595702,-1.3217375572405876,1.0,0.0,0.0,0.0,0.0,1.0,0.0,0.0,0.0,0.0,0.0,1.0,0.0,0.0,0.0,0.0,80.54
0.9587662074657727,-1.3697818370048913,-1.4116409095395426,-1.5686094378284219,-1.5142820533754815,-1.4740213733593648,0.0,1.0,0.0,0.0,0.0,0.0,0.0,0.0,0.0,0.0,1.0,0.0,0.0,0.0,1.0,0.0,66.82
-0.5419113346545662,1.2111872952246603,1.2885878227367475,1.305581926934595,1.237115395826782,1.3601533558220418,0.0,1.0,0.0,0.0,0.0,0.0,0.0,0.0,0.0,0.0,1.0,0.0,0.0,1.0,0.0,0.0,76.93
-0.5419113346545662,0.4468739577561638,0.48057682037607163,0.4513764069146195,0.3595147210313385,-0.10346702829037889,1.0,0.0,0.0,0.0,0.0,1.0,0.0,0.0,0.0,0.0,0.0,1.0,0.0,0.0,0.0,0.0,66.82
-0.5419113346545662,-0.06938712845894297,0.39047121418961567,0.2634707469385231,-0.024853848077751532,0.12495869588778542,1.0,0.0,0.0,0.0,0.0,1.0,0.0,0.0,0.0,0.0,0.0,1.0,0.0,0.0,0.0,0.0,66.82
-0.5419113346545662,1.4250732318582715,1.8321609131729404,1.4848575367831542,1.6567586417745237,1.7239387651349356,1.0,0.0,0.0,0.0,0.0,0.0,0.0,0.0,0.0,0.0,1.0,0.0,0.0,1.0,0.0,0.0,72.08
2.4594437495861117,-1.6444079398642146,-1.6328057463190166,-1.564665579477884,-1.381341914335234,-1.5082445871099415,1.0,0.0,0.0,0.0,0.0,1.0,0.0,0.0,0.0,0.0,0.0,0.0,0.0,1.0,0.0,0.0,65.57
-0.5419113346545662,1.5182350674870415,1.381632882240651,1.5318339517771793,1.6087125706358865,1.0386615926004428,0.0,1.0,0.0,0.0,0.0,0.0,0.0,0.0,0.0,0.0,1.0,1.0,0.0,0.0,0.0,0.0,72.08
0.9587662074657727,0.7729403824568641,0.6607880327489868,0.8741641418608405,0.8399754324177028,0.8102358684222783,0.0,1.0,0.0,0.0,0.0,0.0,0.0,0.0,0.0,0.0,1.0,1.0,0.0,0.0,0.0,0.0,72.08
-0.5419113346545662,2.1703679168884458,2.3277417471984596,2.3304330066755896,2.233311495438162,2.4853578457288186,0.0,1.0,0.0,0.0,0.0,0.0,0.0,0.0,0.0,0.0,1.0,1.0,0.0,0.0,0.0,0.0,72.08
-0.5419113346545662,-1.183458165747348,-1.0061656817004825,-0.9109396279120832,-0.937729199711843,-1.0171699250030362,1.0,0.0,0.0,0.0,0.0,1.0,0.0,0.0,0.0,0.0,0.0,1.0,0.0,0.0,0.0,0.0,66.82
-0.5419113346545662,-0.8573917410466475,-0.8710072724207971,-0.7230339679359868,-0.7935909862959352,-0.8648861088842589,0.0,1.0,0.0,0.0,0.0,1.0,0.0,0.0,0.0,0.0,0.0,1.0,0.0,0.0,0.0,0.0,66.82
-0.5419113346545662,-0.6925428615012563,-0.8444931959388916,-0.3687291184726845,-0.46003286075971034,-0.5779533623752439,0.0,1.0,0.0,0.0,0.0,1.0,0.0,0.0,0.0,0.0,0.0,1.0,0.0,0.0,0.0,0.0,75.7
-0.5419113346545662,-1.3697818370048913,-1.4116409095395426,-1.2867509478642758,-1.2740516976822993,-1.5501632814187518,0.0,1.0,0.0,0.0,0.0,1.0,0.0,0.0,0.0,0.0,0.0,1.0,0.0,0.0,0.0,0.0,62.7
-0.5419113346545662,0.5448817403705901,0.5002752723566222,0.5401825918912665,0.4127862426276305,0.4298621310873441,1.0,0.0,0.0,0.0,0.0,1.0,0.0,0.0,0.0,0.0,0.0,1.0,0.0,0.0,0.0,0.0,74.03
0.9587662074657727,0.027645697426690038,0.030048789443782073,0.07556508696242682,0.07123829419952268,0.2011006039471757,0.0,1.0,0.0,0.0,0.0,0.0,0.0,0.0,0.0,0.0,1.0,1.0,0.0,0.0,0.0,0.0,66.82
0.9587662074657727,-0.06551613820208338,-0.2402680291155923,0.16951791695047663,-0.2650842037709337,-0.027325120230988625,0.0,1.0,0.0,0.0,0.0,1.0,0.0,0.0,0.0,0.0,0.0,1.0,0.0,0.0,0.0,0.0,73.08
-0.5419113346545662,1.7511396565589716,1.6519497008000252,1.5318339517771793,1.4645743572199785,1.5716549490161615,1.0,0.0,0.0,0.0,0.0,1.0,0.0,0.0,0.0,0.0,0.0,1.0,0.0,0.0,0.0,0.0,66.82
-0.5419113346545662,1.2387495606007246,1.156368866774506,1.249975461813033,1.1762979303881593,1.0386615926004428,1.0,0.0,0.0,0.0,0.0,0.0,0.0,0.0,0.0,0.0,1.0,1.0,0.0,0.0,0.0,0.0,66.82
0.9587662074657727,0.30713120431300367,0.5256296234693012,0.357423576926573,0.4556068633086127,0.42952632812534003,0.0,1.0,0.0,0.0,0.0,1.0,0.0,0.0,0.0,0.0,0.0,1.0,0.0,0.0,0.0,0.0,80.54
0.9587662074657727,1.1455877249719546,1.291527276054195,1.0620698018369368,1.2243440015267966,1.6477968570755486,0.0,1.0,0.0,0.0,0.0,1.0,0.0,0.0,0.0,0.0,0.0,1.0,0.0,0.0,0.0,0.0,73.08
0.9587662074657727,0.3545087246979991,0.26841863989187886,0.25315784125002133,0.31580634225125814,0.2748135936315634,1.0,0.0,0.0,0.0,0.0,1.0,0.0,0.0,0.0,0.0,0.0,1.0,0.0,0.0,0.0,0.0,75.7
0.9587662074657727,0.7263594646424807,0.5256296234693012,0.357423576926573,0.40756079216997565,0.505668236184727,1.0,0.0,0.0,0.0,0.0,1.0,0.0,0.0,0.0,0.0,0.0,0.0,0.0,1.0,0.0,0.0,62.7
-0.5419113346545662,-0.5021698458286654,-0.7053792164600436,-0.6079164106737245,-0.46003286075971034,-0.11280775000789507,0.0,1.0,0.0,0.0,0.0,1.0,0.0,0.0,0.0,0.0,0.0,1.0,0.0,0.0,0.0,0.0,74.03
-0.5419113346545662,1.0208142795520694,1.0567311902720042,1.1142320931737637,1.3340952962031543,0.9725320121825867,0.0,1.0,0.0,0.0,0.0,1.0,0.0,0.0,0.0,0.0,0.0,1.0,0.0,0.0,0.0,0.0,75.7
-0.5419113346545662,-0.11209705601647008,-0.2402680291155923,-0.34722264798379077,0.02319222306088558,-0.25575084440915297,1.0,0.0,0.0,0.0,0.0,0.0,0.0,0.0,0.0,0.0,1.0,1.0,0.0,0.0,0.0,0.0,66.82
0.9587662074657727,-0.39158256290278703,-0.4655320445817371,-0.44117547797184065,-0.3611763460482079,-0.5603184766467075,0.0,1.0,0.0,0.0,0.0,1.0,0.0,0.0,0.0,0.0,0.0,0.0,0.0,1.0,0.0,0.0,66.82
0.9587662074657727,1.7977205743733584,2.2826889441052303,2.001598101717422,1.8489429263290686,1.876222581253713,1.0,0.0,0.0,0.0,0.0,0.0,0.0,0.0,0.0,0.0,1.0,1.0,0.0,0.0,0.0,0.0,72.08
0.9587662074657727,-1.2636619085190326,-1.308206460868378,-0.990616078195387,-1.041912263017934,-1.2756717809262672,0.0,1.0,0.0,0.0,0.0,0.0,0.0,0.0,0.0,0.0,1.0,1.0,0.0,0.0,0.0,0.0,74.03
-0.5419113346545662,-1.0902963301185777,-1.0962712878869418,-1.1458217028822044,-1.0338213419891171,-1.3978794652999746,0.0,1.0,0.0,0.0,0.0,1.0,0.0,0.0,0.0,0.0,0.0,0.0,0.0,0.0,0.0,1.0,62.7
0.9587662074657727,-0.6244871519747173,-0.555637650768193,-0.48815189296586553,-0.553360630602753,-0.5603184766467075,1.0,0.0,0.0,0.0,0.0,0.0,0.0,0.0,1.0,0.0,0.0,1.0,0.0,0.0,0.0,0.0,66.82
0.9587662074657727,1.5182350674870415,1.2014216698677358,1.4378811217891294,1.3204361438040673,1.0386615926004428,1.0,0.0,0.0,0.0,0.0,0.0,0.0,0.0,0.0,0.0,1.0,1.0,0.0,0.0,0.0,0.0,66.82
-0.5419113346545662,-0.7215199778603469,-0.555637650768193,-0.7700103829300083,-0.9857752708504801,-0.9410280169436459,1.0,0.0,0.0,0.0,0.0,0.0,0.0,0.0,0.0,0.0,1.0,1.0,0.0,0.0,0.0,0.0,66.82
-0.5419113346545662,-0.43816348071717043,-0.8259544693275674,-0.7700103829300083,-0.553360630602753,-0.5603184766467075,0.0,1.0,0.0,0.0,0.0,0.0,0.0,0.0,0.0,0.0,1.0,1.0,0.0,0.0,0.0,0.0,66.82
-0.5419113346545662,1.3539670569791027,1.4277018022155954,0.9228822594129324,1.3340952962031543,1.67025043073361,1.0,0.0,0.0,0.0,0.0,1.0,0.0,0.0,0.0,0.0,0.0,0.0,0.0,1.0,0.0,0.0,76.93
-0.5419113346545662,0.3537121221273904,-0.555637650768193,-1.1458217028822044,-0.024853848077751532,-0.7887442008248718,1.0,0.0,0.0,0.0,0.0,0.0,0.0,0.0,0.0,0.0,1.0,0.0,1.0,0.0,0.0,0.0,58.64
-0.5419113346545662,-1.0902963301185777,-1.0061656817004825,-1.2867509478642758,-0.937729199711843,-1.1694537411218102,0.0,1.0,0.0,0.0,0.0,0.0,0.0,0.0,0.0,0.0,1.0,1.0,0.0,0.0,0.0,0.0,66.82
-0.5419113346545662,-0.2642035762379258,-0.5198939104882497,-0.5600789522335158,-0.3145630101951518,-0.11280775000789507,1.0,0.0,0.0,0.0,0.0,1.0,0.0,0.0,0.0,0.0,0.0,1.0,0.0,0.0,0.0,0.0,78.31
-0.5419113346545662,0.21396936868423355,0.12015439563024127,0.21649433194449821,0.02319222306088558,-0.25575084440915297,1.0,0.0,0.0,0.0,0.0,0.0,0.0,0.0,0.0,0.0,1.0,1.0,0.0,0.0,0.0,0.0,66.82
-0.5419113346545662,-1.5095245904480514,-1.5467993188192313,-1.4276801928463505,-1.4662359822368443,-1.3978794652999746,1.0,0.0,0.0,0.0,0.0,0.0,0.0,0.0,0.0,0.0,1.0,0.0,0.0,0.0,1.0,0.0,66.82
-0.5419113346545662,-0.9505535766754176,-0.8710072724207971,-1.0988452878881794,-0.6014067017413901,-1.0933118330624232,1.0,0.0,0.0,0.0,0.0,0.0,0.0,0.0,0.0,0.0,1.0,1.0,0.0,0.0,0.0,0.0,66.82
0.9587662074657727,-1.1208821467645869,-1.0299785019106855,-1.0862909950758044,-1.0904022132061202,-1.1981475121983767,1.0,0.0,0.0,0.0,0.0,1.0,0.0,0.0,0.0,0.0,0.0,1.0,0.0,0.0,0.0,0.0,74.03
-0.5419113346545662,1.1455877249719546,1.0212104574948204,1.0620698018369368,1.1282518592495223,0.8102358684222783,1.0,0.0,0.0,0.0,0.0,0.0,0.0,0.0,0.0,0.0,1.0,1.0,0.0,0.0,0.0,0.0,72.08
0.9587662074657727,0.2605502864986203,0.21026000181669727,0.12254150195645173,0.16733043647679352,0.2011006039471757,0.0,1.0,0.0,0.0,0.0,1.0,0.0,0.0,0.0,0.0,0.0,1.0,0.0,0.0,0.0,0.0,62.7
-0.5419113346545662,-0.7176489876034874,-0.7809016662343379,-0.8169867979240333,-0.8896831285732059,-0.6364603847060946,1.0,0.0,0.0,0.0,0.0,1.0,0.0,0.0,0.0,0.0,0.0,1.0,0.0,0.0,0.0,0.0,62.7
-0.5419113346545662,-0.01893522038769667,-0.2853208322088187,0.0285886719684019,-0.16899206149365945,-0.25575084440915297,0.0,1.0,0.0,0.0,0.0,1.0,0.0,0.0,0.0,0.0,0.0,1.0,0.0,0.0,0.0,0.0,58.64
-0.5419113346545662,-1.5095245904480514,-1.276482500259857,-1.2867509478642758,-1.4181899110982072,-1.2455956491812006,0.0,1.0,0.0,0.0,0.0,1.0,0.0,0.0,0.0,0.0,0.0,1.0,0.0,0.0,0.0,0.0,80.54
-0.5419113346545662,-0.2518398094596269,-0.2853208322088187,-0.44117547797184065,-0.21703813263229657,-0.17960893634976594,0.0,1.0,0.0,0.0,0.0,1.0,0.0,0.0,0.0,0.0,0.0,1.0,0.0,0.0,0.0,0.0,62.7
-0.5419113346545662,-0.2518398094596269,-0.15016242292913312,-0.11234057301366952,-0.024853848077751532,-0.10346702829037889,1.0,0.0,0.0,0.0,0.0,1.0,0.0,0.0,0.0,0.0,0.0,1.0,0.0,0.0,0.0,0.0,66.82
-0.5419113346545662,1.1455877249719546,1.561844094613566,1.3439282918010829,1.2243440015267966,0.2011006039471757,0.0,1.0,0.0,0.0,0.0,1.0,0.0,0.0,0.0,0.0,0.0,0.0,0.0,1.0,0.0,0.0,33.59
0.9587662074657727,1.7511396565589716,1.47173848842711,1.3439282918010829,1.5126204283586158,1.4955130409567714,1.0,0.0,0.0,0.0,0.0,0.0,0.0,0.0,0.0,0.0,1.0,1.0,0.0,0.0,0.0,0.0,72.08
2.4594437495861117,-2.347981111106999,-2.1324857590312063,-2.2262792477447606,-2.3791113338709358,-2.159298545893858,0.0,1.0,0.0,0.0,0.0,1.0,0.0,0.0,0.0,0.0,0.0,1.0,0.0,0.0,0.0,0.0,80.54
-0.5419113346545662,-1.5095245904480514,-1.4566937126327721,-1.4276801928463505,-1.4662359822368443,-1.2455956491812006,1.0,0.0,0.0,0.0,0.0,1.0,0.0,0.0,0.0,0.0,0.0,1.0,0.0,0.0,0.0,0.0,80.54
-0.5419113346545662,1.6579778209302016,1.6970025038932548,1.1090462168309616,1.6567586417745237,1.876222581253713,0.0,1.0,0.0,0.0,0.0,1.0,0.0,0.0,0.0,0.0,0.0,1.0,0.0,0.0,0.0,0.0,58.64
-0.5419113346545662,-0.2052588916452402,-0.10510961983590351,-0.15931698800769445,-0.21703813263229657,-0.25575084440915297,0.0,1.0,0.0,0.0,0.0,1.0,0.0,0.0,0.0,0.0,0.0,1.0,0.0,0.0,0.0,0.0,62.7
-0.5419113346545662,-1.0437154123041912,-1.0061656817004825,-1.1927981178762292,-0.937729199711843,-1.0171699250030362,0.0,1.0,0.0,0.0,0.0,1.0,0.0,0.0,0.0,0.0,0.0,1.0,0.0,0.0,0.0,0.0,62.7
-0.5419113346545662,-0.7176489876034874,-0.3754264383952779,-0.34722264798379077,-0.3611763460482079,-0.17960893634976594,0.0,1.0,0.0,0.0,0.0,0.0,0.0,0.0,0.0,0.0,1.0,1.0,0.0,0.0,0.0,0.0,66.82
-0.5419113346545662,-1.0437154123041912,-0.555637650768193,-1.0988452878881794,-0.8896831285732059,-0.9410280169436459,0.0,1.0,0.0,0.0,0.0,0.0,0.0,0.0,0.0,0.0,1.0,1.0,0.0,0.0,0.0,0.0,66.82
-0.5419113346545662,-0.39158256290278703,-0.555637650768193,-0.48815189296586553,-0.4092224171868416,-0.7126022927654816,0.0,1.0,0.0,0.0,0.0,1.0,0.0,0.0,0.0,0.0,0.0,1.0,0.0,0.0,0.0,0.0,80.54
-0.5419113346545662,-0.7401361154194049,-0.8444931959388916,-0.7992662444345557,-0.7994625120770067,-0.8105261685589183,0.0,1.0,0.0,0.0,0.0,1.0,0.0,0.0,0.0,0.0,0.0,1.0,0.0,0.0,0.0,0.0,75.7
-0.5419113346545662,1.4250732318582715,1.5167912915203396,1.5318339517771793,1.5606664994972494,1.4193711328973844,1.0,0.0,0.0,0.0,0.0,1.0,0.0,0.0,0.0,0.0,0.0,1.0,0.0,0.0,0.0,0.0,62.7
-0.5419113346545662,-1.2766200013761213,-1.2314296971666274,-1.4746566078403722,-1.4662359822368443,-1.0933118330624232,0.0,1.0,0.0,0.0,0.0,1.0,0.0,0.0,0.0,0.0,0.0,1.0,0.0,0.0,0.0,0.0,66.82
-0.5419113346545662,-0.01893522038769667,-0.015004013649447524,-0.01838774302562302,-0.024853848077751532,-0.3318927524685432,0.0,1.0,0.0,0.0,0.0,1.0,0.0,0.0,0.0,0.0,0.0,1.0,0.0,0.0,0.0,0.0,66.82
0.9587662074657727,1.052425889343181,1.0212104574948204,0.8741641418608405,0.743883290140432,1.267087316778607,0.0,1.0,0.0,0.0,0.0,1.0,0.0,0.0,0.0,0.0,0.0,1.0,0.0,0.0,0.0,0.0,73.08
-0.5419113346545662,-0.1586779738308568,-0.33037363530204833,0.0285886719684019,-0.16899206149365945,-0.25575084440915297,0.0,1.0,0.0,0.0,0.0,1.0,0.0,0.0,0.0,0.0,0.0,1.0,0.0,0.0,0.0,0.0,58.64
0.9587662074657727,-0.48474439853155715,-0.5105848476749635,-0.582104722953912,-0.6974988440186609,-0.40803466052793025,0.0,1.0,0.0,0.0,0.0,0.0,0.0,0.0,0.0,0.0,1.0,1.0,0.0,0.0,0.0,0.0,66.82
-0.5419113346545662,1.1635940413065116,1.1494738432579028,1.0185571762933465,0.7037259437567407,1.2826290870941515,1.0,0.0,0.0,0.0,0.0,0.0,0.0,0.0,0.0,0.0,1.0,1.0,0.0,0.0,0.0,0.0,76.93
2.4594437495861117,-0.3450016450884003,-0.4655320445817371,-0.2532698179957443,-0.4092224171868416,-0.5603184766467075,1.0,0.0,0.0,0.0,0.0,1.0,0.0,0.0,0.0,0.0,0.0,1.0,0.0,0.0,0.0,0.0,80.54
-0.5419113346545662,1.1455877249719546,1.2464744729609654,1.296951876807058,1.080205788110885,1.114803500659833,0.0,1.0,0.0,0.0,0.0,1.0,0.0,0.0,0.0,0.0,0.0,1.0,0.0,0.0,0.0,0.0,80.54
0.9587662074657727,-1.416362754819278,-1.2314296971666274,-1.2867509478642758,-1.2260056265436623,-1.0171699250030362,0.0,1.0,0.0,0.0,0.0,1.0,0.0,0.0,0.0,0.0,0.0,1.0,0.0,0.0,0.0,0.0,80.54
-0.5419113346545662,0.12080753305546015,-0.06005681674267392,0.07556508696242682,0.21537650761543062,-0.17960893634976594,1.0,0.0,0.0,0.0,0.0,1.0,0.0,0.0,0.0,0.0,0.0,1.0,0.0,0.0,0.0,0.0,80.54
0.9587662074657727,0.30691547077985054,0.22204731339892952,0.3488327581304353,0.2188264418748858,-0.19033201873578545,0.0,1.0,0.0,0.0,0.0,0.0,0.0,0.0,0.0,0.0,1.0,1.0,0.0,0.0,0.0,0.0,78.31
0.9587662074657727,-0.6710680697891007,-0.7358488631411083,-0.7230339679359868,-0.5053145594641159,-0.6364603847060946,0.0,1.0,0.0,0.0,0.0,1.0,0.0,0.0,0.0,0.0,0.0,1.0,0.0,0.0,0.0,0.0,62.7
-0.5419113346545662,0.9899093945288673,1.2464744729609654,1.296951876807058,1.2723900726654336,1.114803500659833,0.0,1.0,0.0,0.0,0.0,1.0,0.0,0.0,0.0,0.0,0.0,1.0,0.0,0.0,0.0,0.0,62.7
-0.5419113346545662,-1.787187701618657,-1.7719197257978647,-1.7560154132387154,-1.9147313664052747,-1.585768855837832,1.0,0.0,0.0,0.0,0.0,1.0,0.0,0.0,0.0,0.0,0.0,1.0,0.0,0.0,0.0,0.0,75.7
0.9587662074657727,-0.01893522038769667,-0.10510961983590351,-0.20629340300171936,-0.024853848077751532,-0.10346702829037889,1.0,0.0,0.0,0.0,0.0,0.0,0.0,0.0,0.0,0.0,1.0,0.0,0.0,0.0,0.0,1.0,66.82
3.9601212917064506,0.2605502864986203,0.6157352296557604,-0.11234057301366952,-1.4181899110982072,-0.4841765685873173,0.0,1.0,0.0,0.0,0.0,1.0,0.0,0.0,0.0,0.0,0.0,1.0,0.0,0.0,0.0,0.0,58.64
0.9587662074657727,0.8195213002712508,0.750893638935446,1.0620698018369368,0.7919293612790691,0.8863777764816687,1.0,0.0,0.0,0.0,0.0,1.0,0.0,0.0,0.0,0.0,0.0,1.0,0.0,0.0,0.0,0.0,66.82
-0.5419113346545662,0.027645697426690038,-0.015004013649447524,-0.20629340300171936,0.11928436533815638,-0.40803466052793025,1.0,0.0,0.0,0.0,0.0,0.0,0.0,0.0,0.0,0.0,1.0,1.0,0.0,0.0,0.0,0.0,66.82
0.9587662074657727,1.4967468187335484,1.7523010876662342,1.7839565113366749,1.6735249475204506,2.057871774373065,1.0,0.0,0.0,0.0,0.0,1.0,0.0,0.0,0.0,0.0,0.0,1.0,0.0,0.0,0.0,0.0,76.93
-0.5419113346545662,-1.8355910151487518,-1.7270105311921464,-1.7565150978045183,-1.8986506224845714,-1.7785890055969162,1.0,0.0,0.0,0.0,0.0,1.0,0.0,0.0,0.0,0.0,0.0,1.0,0.0,0.0,0.0,0.0,80.54
-0.5419113346545662,1.0058449715287945,1.0662632605880502,0.921140556854862,0.8399754324177028,1.0386615926004428,1.0,0.0,0.0,0.0,0.0,0.0,0.0,0.0,0.0,0.0,1.0,1.0,0.0,0.0,0.0,0.0,66.82
-0.5419113346545662,-0.2557107997164865,0.6607880327489868,0.07556508696242682,0.07123829419952268,-0.40803466052793025,1.0,0.0,0.0,0.0,0.0,1.0,0.0,0.0,0.0,0.0,0.0,1.0,0.0,0.0,0.0,0.0,66.82
0.9587662074657727,0.925627771715772,1.1494738432579028,0.6358575087716839,0.7037259437567407,0.6624349372710185,1.0,0.0,0.0,0.0,0.0,1.0,0.0,0.0,0.0,0.0,0.0,0.0,0.0,1.0,0.0,0.0,74.03
-0.5419113346545662,-0.40698333799236813,-0.6590078899670944,-0.5122414937933071,-0.2660730600069691,-0.5004290936473536,0.0,1.0,0.0,0.0,0.0,1.0,0.0,0.0,0.0,0.0,0.0,1.0,0.0,0.0,0.0,0.0,75.7
-0.5419113346545662,0.7263594646424807,0.750893638935446,0.7802113118727906,0.743883290140432,0.42952632812534003,1.0,0.0,0.0,0.0,0.0,0.0,0.0,0.0,0.0,0.0,1.0,1.0,0.0,0.0,0.0,0.0,66.82
0.9587662074657727,0.027645697426690038,-0.19521522602236271,-0.15931698800769445,-0.12094599035502576,0.12495869588778542,0.0,1.0,0.0,0.0,0.0,1.0,0.0,0.0,0.0,0.0,0.0,1.0,0.0,0.0,0.0,0.0,33.59
2.4594437495861117,-1.1368772479329612,-1.0512184847937123,-1.4276801928463505,-0.9857752708504801,-1.0171699250030362,0.0,1.0,0.0,0.0,0.0,0.0,0.0,0.0,0.0,0.0,1.0,1.0,0.0,0.0,0.0,0.0,66.82
0.9587662074657727,-0.29842072727401364,-0.15016242292913312,0.21649433194449821,-0.21703813263229657,-0.027325120230988625,1.0,0.0,0.0,0.0,0.0,0.0,0.0,0.0,0.0,0.0,1.0,1.0,0.0,0.0,0.0,0.0,66.82
-0.5419113346545662,-0.39158256290278703,-0.2402680291155923,-0.3941990629778157,-0.45726848832547873,-0.7887442008248718,0.0,1.0,0.0,0.0,0.0,0.0,0.0,0.0,0.0,0.0,1.0,1.0,0.0,0.0,0.0,0.0,66.82
-0.5419113346545662,-0.43816348071717043,-0.3754264383952779,-0.44117547797184065,-0.31313027490957085,-0.027325120230988625,1.0,0.0,0.0,0.0,0.0,1.0,0.0,0.0,0.0,0.0,0.0,1.0,0.0,0.0,0.0,0.0,62.7
3.9601212917064506,0.07422661524107345,-0.5105848476749635,-0.11234057301366952,0.4556068633086127,-1.4740213733593648,0.0,1.0,0.0,0.0,0.0,0.0,0.0,0.0,0.0,0.0,1.0,1.0,0.0,0.0,0.0,0.0,58.64
-0.5419113346545662,1.4716541496726547,1.8772137162661702,2.048574516711447,1.6567586417745237,1.4955130409567714,0.0,1.0,0.0,0.0,0.0,0.0,0.0,0.0,0.0,0.0,1.0,1.0,0.0,0.0,0.0,0.0,72.08
-0.5419113346545662,-1.3697818370048913,-1.3665881064463161,-1.4746566078403722,-1.4662359822368443,-1.7024470975375292,0.0,1.0,0.0,0.0,0.0,1.0,0.0,0.0,0.0,0.0,0.0,1.0,0.0,0.0,0.0,0.0,80.54
-0.5419113346545662,0.30713120431300367,0.16520719872347087,0.5923056518966943,0.551699005585887,0.505668236184727,1.0,0.0,0.0,0.0,0.0,0.0,0.0,0.0,0.0,0.0,1.0,1.0,0.0,0.0,0.0,0.0,66.82
-0.5419113346545662,2.123786999074062,2.2376361410120005,2.2834565916815683,2.329403637715433,2.4092159376694284,0.0,1.0,0.0,0.0,0.0,0.0,0.0,0.0,0.0,0.0,1.0,0.0,0.0,1.0,0.0,0.0,72.08
-0.5419113346545662,0.21172896294355334,0.22204731339892952,0.25315784125002133,0.1703364916867031,-0.0352834812800047,1.0,0.0,0.0,0.0,0.0,1.0,0.0,0.0,0.0,0.0,0.0,1.0,0.0,0.0,0.0,0.0,74.03
-0.5419113346545662,1.0058449715287945,1.1113160636812764,0.6862584818847407,0.6477911478631578,0.8102358684222783,1.0,0.0,0.0,0.0,0.0,0.0,0.0,0.0,0.0,0.0,1.0,1.0,0.0,0.0,0.0,0.0,66.82
-0.5419113346545662,1.8908824100021318,2.0123721255458555,2.1425273466994934,1.7528507840517977,1.876222581253713,1.0,0.0,0.0,0.0,0.0,0.0,0.0,0.0,0.0,0.0,1.0,1.0,0.0,0.0,0.0,0.0,72.08
0.9587662074657727,0.07422661524107345,-0.2402680291155923,0.0285886719684019,-0.024853848077751532,-0.3318927524685432,1.0,0.0,0.0,0.0,0.0,1.0,0.0,0.0,0.0,0.0,0.0,1.0,0.0,0.0,0.0,0.0,80.54
0.9587662074657727,1.0058449715287945,1.0662632605880502,1.249975461813033,1.2243440015267966,1.0386615926004428,1.0,0.0,0.0,0.0,0.0,0.0,0.0,0.0,0.0,0.0,1.0,1.0,0.0,0.0,0.0,0.0,66.82
-0.5419113346545662,1.1921686427863412,1.1113160636812764,1.4378811217891294,1.0321597169722514,1.4193711328973844,0.0,1.0,0.0,0.0,0.0,0.0,0.0,0.0,0.0,0.0,1.0,1.0,0.0,0.0,0.0,0.0,80.54
-0.5419113346545662,0.5448817403705901,0.7321319048213655,0.5880200503314752,0.5582560931921856,0.5073863998152378,1.0,0.0,0.0,0.0,0.0,1.0,0.0,0.0,0.0,0.0,0.0,1.0,0.0,0.0,0.0,0.0,75.7
-0.5419113346545662,-0.43816348071717043,-0.4655320445817371,-0.3002462329897659,-0.4092224171868416,-0.40803466052793025,1.0,0.0,0.0,0.0,0.0,1.0,0.0,0.0,0.0,0.0,0.0,0.0,0.0,1.0,0.0,0.0,80.54
0.9587662074657727,-0.9971344944898043,-0.9160600755140267,-1.239774532870251,-1.129913484266388,-1.0933118330624232,0.0,1.0,0.0,0.0,0.0,1.0,0.0,0.0,0.0,0.0,0.0,1.0,0.0,0.0,0.0,0.0,62.7
-0.5419113346545662,0.07422661524107345,0.21026000181669727,0.12254150195645173,0.07123829419952268,0.27724251200656275,1.0,0.0,0.0,0.0,0.0,1.0,0.0,0.0,0.0,0.0,0.0,0.0,0.0,1.0,0.0,0.0,58.64
0.9587662074657727,-1.0902963301185777,-1.0962712878869418,-1.1927981178762292,-1.0818674131277544,-0.9410280169436459,0.0,1.0,0.0,0.0,0.0,0.0,0.0,0.0,0.0,0.0,1.0,1.0,0.0,0.0,0.0,0.0,66.82
-0.5419113346545662,-0.2052588916452402,-0.06005681674267392,0.0285886719684019,-0.16899206149365945,0.42952632812534003,0.0,1.0,0.0,0.0,0.0,1.0,0.0,0.0,0.0,0.0,0.0,0.0,0.0,1.0,0.0,0.0,62.7
-0.5419113346545662,-0.11209705601647008,0.21026000181669727,-0.0653641580196446,0.07123829419952268,0.3533844200659498,1.0,0.0,0.0,0.0,0.0,0.0,0.0,0.0,0.0,0.0,1.0,1.0,0.0,0.0,0.0,0.0,72.08
-0.5419113346545662,-1.183458165747348,-1.1413240909801714,-1.1458217028822044,-0.8896831285732059,-0.7126022927654816,1.0,0.0,0.0,0.0,0.0,1.0,0.0,0.0,0.0,0.0,0.0,1.0,0.0,0.0,0.0,0.0,75.71
-0.5419113346545662,1.3784923140438847,1.2464744729609654,1.1560226318249833,1.2243440015267966,1.3432292248379973,1.0,0.0,0.0,0.0,0.0,1.0,0.0,0.0,0.0,0.0,0.0,1.0,0.0,0.0,0.0,0.0,58.64
0.9587662074657727,0.4468739577561638,0.3003656080031564,0.21649433194449821,0.3595147210313385,0.42952632812534003,1.0,0.0,0.0,0.0,0.0,1.0,0.0,0.0,0.0,0.0,0.0,0.0,0.0,0.0,0.0,1.0,62.7
0.9587662074657727,0.16738845086984686,0.07510159253701168,0.16951791695047663,0.07123829419952268,-0.4841765685873173,0.0,1.0,0.0,0.0,0.0,0.0,0.0,0.0,0.0,0.0,1.0,1.0,0.0,0.0,0.0,0.0,66.82
-0.5419113346545662,0.9592640537144109,0.9311048513083612,0.8741641418608405,0.936067574694977,1.267087316778607,1.0,0.0,0.0,0.0,0.0,1.0,0.0,0.0,0.0,0.0,0.0,1.0,0.0,0.0,0.0,0.0,33.59
-0.5419113346545662,-1.323200919190508,-1.3665881064463161,-1.239774532870251,-1.2740516976822993,-1.5501632814187518,0.0,1.0,0.0,0.0,0.0,1.0,0.0,0.0,0.0,0.0,0.0,1.0,0.0,0.0,0.0,0.0,62.7
0.9587662074657727,1.052425889343181,0.750893638935446,0.4983528219086444,0.5997450767245207,0.8863777764816687,1.0,0.0,0.0,0.0,0.0,1.0,0.0,0.0,0.0,0.0,0.0,1.0,0.0,0.0,0.0,0.0,75.71
-0.5419113346545662,-0.11596804627332967,-0.15016242292913312,-0.01838774302562302,-0.4092224171868416,-0.6364603847060946,1.0,0.0,0.0,0.0,0.0,1.0,0.0,0.0,0.0,0.0,0.0,1.0,0.0,0.0,0.0,0.0,66.82
0.9587662074657727,1.001470621352706,0.9750170769141926,0.8087539439225011,0.8488101002567529,0.9625196845410557,0.0,1.0,0.0,0.0,0.0,0.0,0.0,0.0,0.0,0.0,1.0,0.0,0.0,1.0,0.0,0.0,66.82
2.4594437495861117,0.259322216861702,0.08293333392008158,0.25315784125002133,0.07335659131033073,0.11976505617577934,1.0,0.0,0.0,0.0,0.0,1.0,0.0,0.0,0.0,0.0,0.0,1.0,0.0,0.0,0.0,0.0,78.31
-0.5419113346545662,0.07422661524107345,-0.5105848476749635,-0.20629340300171936,-0.31313027490957085,0.42952632812534003,1.0,0.0,0.0,0.0,0.0,0.0,0.0,0.0,0.0,0.0,1.0,1.0,0.0,0.0,0.0,0.0,58.64
0.9587662074657727,-0.3117968301560744,-0.5198939104882497,-0.22521674315205853,-0.07211325925422436,-0.42290482491945985,1.0,0.0,0.0,0.0,0.0,1.0,0.0,0.0,0.0,0.0,0.0,1.0,0.0,0.0,0.0,0.0,75.7
0.9587662074657727,-1.6492673438912082,-1.4566937126327721,-1.4276801928463505,-1.6103741956527522,-1.5501632814187518,1.0,0.0,0.0,0.0,0.0,1.0,0.0,0.0,0.0,0.0,0.0,1.0,0.0,0.0,0.0,0.0,62.7
2.4594437495861117,0.1591431104368956,0.8849114707277366,0.7148011139344512,1.0321597169722514,0.581810144244114,1.0,0.0,0.0,0.0,0.0,0.0,0.0,0.0,1.0,0.0,0.0,1.0,0.0,0.0,0.0,0.0,66.82
0.9587662074657727,0.40210197861614433,0.26841863989187886,0.20532038280981268,0.1703364916867031,0.04224078744788897,0.0,1.0,0.0,0.0,0.0,1.0,0.0,0.0,0.0,0.0,0.0,1.0,0.0,0.0,0.0,0.0,74.03
0.9587662074657727,2.123786999074062,2.2826889441052303,2.0955509317054686,2.233311495438162,2.2569321215506544,1.0,0.0,0.0,0.0,0.0,0.0,0.0,0.0,0.0,0.0,1.0,1.0,0.0,0.0,0.0,0.0,72.08
-0.5419113346545662,-1.6026864260768217,-1.276482500259857,-1.615585852822447,-1.7064663379300264,-1.3217375572405876,0.0,1.0,0.0,0.0,0.0,1.0,0.0,0.0,0.0,0.0,0.0,1.0,0.0,0.0,0.0,0.0,80.54
0.9587662074657727,0.5866167111993206,0.39047121418961567,0.4513764069146195,0.6477911478631578,0.7340939603628913,0.0,1.0,0.0,0.0,0.0,0.0,0.0,0.0,0.0,0.0,1.0,1.0,0.0,0.0,0.0,0.0,66.82
-0.5419113346545662,1.1921686427863412,1.2014216698677358,1.0620698018369368,1.0321597169722514,0.9625196845410557,1.0,0.0,0.0,0.0,0.0,0.0,0.0,0.0,0.0,0.0,1.0,1.0,0.0,0.0,0.0,0.0,66.82
-0.5419113346545662,-0.1586779738308568,0.12015439563024127,-0.11234057301366952,-0.2650842037709337,-0.25575084440915297,0.0,1.0,0.0,0.0,0.0,1.0,0.0,0.0,0.0,0.0,0.0,1.0,0.0,0.0,0.0,0.0,73.08
-0.5419113346545662,1.3784923140438847,1.4266856853338805,1.5788103667712041,1.4645743572199785,1.5716549490161615,1.0,0.0,0.0,0.0,0.0,0.0,0.0,0.0,0.0,0.0,1.0,1.0,0.0,0.0,0.0,0.0,72.08
-0.5419113346545662,-0.01893522038769667,0.030048789443782073,-0.15931698800769445,-0.12094599035502576,-0.7887442008248718,1.0,0.0,0.0,0.0,0.0,1.0,0.0,0.0,0.0,0.0,0.0,1.0,0.0,0.0,0.0,0.0,80.54
-0.5419113346545662,0.21172896294355334,0.31478996638482487,0.3488327581304353,0.31580634225125814,0.1972893249036697,1.0,0.0,0.0,0.0,0.0,1.0,0.0,0.0,0.0,0.0,0.0,1.0,0.0,0.0,0.0,0.0,75.7
0.9587662074657727,-0.6244871519747173,-0.555637650768193,-0.629081137947937,-0.553360630602753,-0.40803466052793025,0.0,1.0,0.0,0.0,0.0,1.0,0.0,0.0,0.0,0.0,0.0,1.0,0.0,0.0,0.0,0.0,66.82
-0.5419113346545662,-1.6026864260768217,-1.5918521219124608,-1.5686094378284219,-1.6584202667913894,-1.5501632814187518,0.0,1.0,0.0,0.0,0.0,1.0,0.0,0.0,0.0,0.0,0.0,1.0,0.0,0.0,0.0,0.0,80.54
-0.5419113346545662,0.6331976290137074,0.6157352296557604,0.8271877268668155,0.743883290140432,0.42952632812534003,1.0,0.0,0.0,0.0,0.0,1.0,0.0,0.0,0.0,0.0,0.0,1.0,0.0,0.0,0.0,0.0,80.54
-0.5419113346545662,-0.29842072727401364,-0.33037363530204833,-0.6760575529419619,-0.7935909862959352,-0.4841765685873173,1.0,0.0,0.0,0.0,0.0,1.0,0.0,0.0,0.0,0.0,0.0,0.0,0.0,1.0,0.0,0.0,62.7
0.9587662074657727,-0.2052588916452402,-0.19521522602236271,-0.2532698179957443,-0.16899206149365945,-0.4841765685873173,0.0,1.0,0.0,0.0,0.0,0.0,0.0,0.0,0.0,1.0,0.0,1.0,0.0,0.0,0.0,0.0,66.82
-0.5419113346545662,-1.416362754819278,-1.4116409095395426,-1.2867509478642758,-1.2740516976822993,-1.0933118330624232,1.0,0.0,0.0,0.0,0.0,1.0,0.0,0.0,0.0,0.0,0.0,1.0,0.0,0.0,0.0,0.0,80.54
-0.5419113346545662,-0.3450016450884003,-0.2853208322088187,-0.2532698179957443,-0.12094599035502576,-0.40803466052793025,1.0,0.0,0.0,0.0,0.0,1.0,0.0,0.0,0.0,0.0,0.0,1.0,0.0,0.0,0.0,0.0,80.54
0.9587662074657727,-0.9971344944898043,-1.0061656817004825,-0.8169867979240333,-0.9857752708504801,-1.3217375572405876,0.0,1.0,0.0,0.0,0.0,1.0,0.0,0.0,0.0,0.0,0.0,1.0,0.0,0.0,0.0,0.0,73.08
-0.5419113346545662,-1.2300390835617345,-1.276482500259857,-1.2867509478642758,-1.177959555405025,-1.0171699250030362,0.0,1.0,0.0,0.0,0.0,1.0,0.0,0.0,0.0,0.0,0.0,1.0,0.0,0.0,0.0,0.0,80.54
-0.5419113346545662,1.4716541496726547,1.291527276054195,1.4378811217891294,1.2243440015267966,1.4955130409567714,1.0,0.0,0.0,0.0,0.0,1.0,0.0,0.0,0.0,0.0,0.0,1.0,0.0,0.0,0.0,0.0,58.64
-0.5419113346545662,1.3784923140438847,1.47173848842711,1.5318339517771793,1.5126204283586158,1.3432292248379973,0.0,1.0,0.0,0.0,0.0,1.0,0.0,0.0,0.0,0.0,0.0,1.0,0.0,0.0,0.0,0.0,62.7
-0.5419113346545662,-0.7877293693375534,-0.7517505429529929,-0.8471037028747643,-0.8479524622651928,-0.2678562874636791,1.0,0.0,0.0,0.0,0.0,1.0,0.0,0.0,0.0,0.0,0.0,1.0,0.0,0.0,0.0,0.0,75.7
-0.5419113346545662,-0.7176489876034874,-0.8710072724207971,-1.239774532870251,-1.2740516976822993,-0.7126022927654816,1.0,0.0,0.0,0.0,0.0,1.0,0.0,0.0,0.0,0.0,0.0,1.0,0.0,0.0,0.0,0.0,62.7
0.9587662074657727,0.9592640537144109,0.9311048513083612,0.9681169718488869,1.080205788110885,0.8102358684222783,1.0,0.0,0.0,0.0,0.0,0.0,0.0,0.0,0.0,0.0,1.0,1.0,0.0,0.0,0.0,0.0,66.82
-0.5419113346545662,2.0678658657513216,1.937786393638028,2.0709812619779235,1.915974698461378,2.1353960431009584,1.0,0.0,0.0,0.0,0.0,1.0,0.0,0.0,0.0,0.0,0.0,1.0,0.0,0.0,0.0,0.0,76.93
0.9587662074657727,-0.45457659191051675,-0.5198939104882497,-0.5600789522335158,-0.5570127611360792,-0.2678562874636791,1.0,0.0,0.0,0.0,0.0,1.0,0.0,0.0,0.0,0.0,0.0,1.0,0.0,0.0,0.0,0.0,74.03
0.9587662074657727,-0.45457659191051675,-0.42715125750235106,-0.5600789522335158,-0.46003286075971034,-0.42290482491945985,1.0,0.0,0.0,0.0,0.0,1.0,0.0,0.0,0.0,0.0,0.0,1.0,0.0,0.0,0.0,0.0,74.03
-0.5419113346545662,-1.8821719329631386,-1.6819577280989169,-1.7565150978045183,-1.8986506224845714,-1.6263051894781388,0.0,1.0,0.0,0.0,0.0,1.0,0.0,0.0,0.0,0.0,0.0,1.0,0.0,0.0,0.0,0.0,80.54
-0.5419113346545662,-0.5021698458286654,-0.4735225839953004,-0.5600789522335158,-0.46003286075971034,-0.3453805561915695,1.0,0.0,0.0,0.0,0.0,1.0,0.0,0.0,0.0,0.0,0.0,1.0,0.0,0.0,0.0,0.0,78.31
-0.5419113346545662,-0.43816348071717043,-0.9160600755140267,-0.7700103829300083,-0.937729199711843,-0.5603184766467075,1.0,0.0,0.0,0.0,0.0,1.0,0.0,0.0,0.0,0.0,0.0,1.0,0.0,0.0,0.0,0.0,33.59
-0.5419113346545662,0.7729403824568641,0.9311048513083612,0.8741641418608405,0.743883290140432,0.8863777764816687,0.0,1.0,0.0,0.0,0.0,1.0,0.0,0.0,0.0,0.0,0.0,1.0,0.0,0.0,0.0,0.0,80.54
-0.5419113346545662,0.259322216861702,0.1756759869059802,0.39667021657064394,0.2188264418748858,0.5073863998152378,0.0,1.0,0.0,0.0,0.0,1.0,0.0,0.0,0.0,0.0,0.0,1.0,0.0,0.0,0.0,0.0,78.31
-0.5419113346545662,1.7977205743733584,2.0123721255458555,1.7197396117532755,1.8489429263290686,1.9523644893131,1.0,0.0,0.0,0.0,0.0,0.0,0.0,0.0,0.0,0.0,1.0,1.0,0.0,0.0,0.0,0.0,72.08
-0.5419113346545662,1.4015603108972512,1.3813304757226461,0.8750448009727239,1.3340952962031543,1.4376776245499354,0.0,1.0,0.0,0.0,0.0,0.0,0.0,0.0,0.0,0.0,1.0,0.0,0.0,1.0,0.0,0.0,76.93
-0.5419113346545662,-0.6925428615012563,-0.6126365634741483,-0.8471037028747643,-0.750972561888824,-0.5779533623752439,1.0,0.0,0.0,0.0,0.0,1.0,0.0,0.0,0.0,0.0,0.0,1.0,0.0,0.0,0.0,0.0,75.7
0.9587662074657727,0.40029303994177706,-0.10510961983590351,-0.15931698800769445,-0.07289991921638865,0.2011006039471757,0.0,1.0,0.0,0.0,1.0,0.0,0.0,0.0,0.0,0.0,0.0,1.0,0.0,0.0,0.0,0.0,66.82
-0.5419113346545662,1.2853304784151114,1.3365800791474214,1.4378811217891294,1.1762979303881593,1.4955130409567714,0.0,1.0,0.0,0.0,0.0,0.0,0.0,0.0,0.0,0.0,1.0,1.0,0.0,0.0,0.0,0.0,80.54
0.9587662074657727,-0.43816348071717043,-0.555637650768193,-0.7230339679359868,-0.6494527728800238,-0.7887442008248718,1.0,0.0,0.0,0.0,0.0,1.0,0.0,0.0,0.0,0.0,0.0,1.0,0.0,0.0,0.0,0.0,58.64
-0.5419113346545662,-0.40698333799236813,-0.42715125750235106,-0.5600789522335158,-0.5570127611360792,0.1972893249036697,1.0,0.0,0.0,0.0,0.0,1.0,0.0,0.0,0.0,0.0,0.0,1.0,0.0,0.0,0.0,0.0,78.31
-0.5419113346545662,-0.01893522038769667,0.34541841109638605,0.07556508696242682,-0.024853848077751532,0.2011006039471757,0.0,1.0,0.0,0.0,0.0,1.0,0.0,0.0,0.0,0.0,0.0,1.0,0.0,0.0,0.0,0.0,66.82
-0.5419113346545662,-1.323200919190508,-1.3215353033530866,-1.3337273628583006,-1.2260056265436623,-1.3978794652999746,0.0,1.0,0.0,0.0,0.0,1.0,0.0,0.0,0.0,0.0,0.0,1.0,0.0,0.0,0.0,0.0,62.7
-0.5419113346545662,-1.2766200013761213,-1.276482500259857,-1.0988452878881794,-0.8896831285732059,-1.2455956491812006,0.0,1.0,0.0,0.0,0.0,0.0,0.0,0.0,0.0,0.0,1.0,1.0,0.0,0.0,0.0,0.0,66.82
-2.0425888767749054,-0.9039726588610308,-0.961112878607253,-0.8639632129180582,-0.8896831285732059,-1.0933118330624232,0.0,1.0,0.0,0.0,0.0,1.0,0.0,0.0,0.0,0.0,0.0,1.0,0.0,0.0,0.0,0.0,58.64
-0.5419113346545662,1.8443014921877452,1.7871081100797108,1.7197396117532755,1.6567586417745237,1.7239387651349356,1.0,0.0,0.0,0.0,0.0,0.0,0.0,0.0,0.0,0.0,1.0,1.0,0.0,0.0,0.0,0.0,72.08
-0.5419113346545662,-0.43816348071717043,-0.4655320445817371,-0.2532698179957443,-0.3611763460482079,-0.25575084440915297,0.0,1.0,0.0,0.0,0.0,1.0,0.0,0.0,0.0,0.0,0.0,1.0,0.0,0.0,0.0,0.0,62.7
-0.5419113346545662,0.07422661524107345,0.12015439563024127,0.12254150195645173,0.11928436533815638,0.3533844200659498,1.0,0.0,0.0,0.0,0.0,1.0,0.0,0.0,0.0,0.0,0.0,1.0,0.0,0.0,0.0,0.0,62.7
-0.5419113346545662,1.2587805491428088,1.4277018022155954,1.305581926934595,1.3825852463913404,1.4376776245499354,1.0,0.0,0.0,0.0,0.0,1.0,0.0,0.0,0.0,0.0,0.0,1.0,0.0,0.0,0.0,0.0,75.7
-0.5419113346545662,1.6113969031158148,1.5167912915203396,1.3439282918010829,1.6087125706358865,1.876222581253713,0.0,1.0,0.0,0.0,0.0,0.0,0.0,0.0,0.0,0.0,1.0,1.0,0.0,0.0,0.0,0.0,72.08
-0.5419113346545662,0.027645697426690038,-0.015004013649447524,-0.01838774302562302,-0.12094599035502576,0.12495869588778542,1.0,0.0,0.0,0.0,0.0,1.0,0.0,0.0,0.0,0.0,0.0,1.0,0.0,0.0,0.0,0.0,80.54
8.462153918067468,-0.0738305605653348,0.12930466041303088,0.061808007489186696,0.07335659131033073,-0.6554776311031343,0.0,1.0,0.0,0.0,0.0,1.0,0.0,0.0,0.0,0.0,0.0,1.0,0.0,0.0,0.0,0.0,75.7
0.9587662074657727,-0.7176489876034874,-0.9160600755140267,-0.7700103829300083,-0.9857752708504801,-1.2455956491812006,0.0,1.0,0.0,0.0,0.0,0.0,0.0,0.0,0.0,0.0,1.0,1.0,0.0,0.0,0.0,0.0,66.82
-0.5419113346545662,0.925627771715772,1.2885878227367475,0.9228822594129324,1.237115395826782,0.8950077434546929,1.0,0.0,0.0,0.0,0.0,1.0,0.0,0.0,0.0,0.0,0.0,1.0,0.0,0.0,0.0,0.0,75.7
-0.5419113346545662,-1.2766200013761213,-1.3215353033530866,-1.0048924579001297,-1.129913484266388,-1.2455956491812006,0.0,1.0,0.0,0.0,0.0,1.0,0.0,0.0,0.0,0.0,0.0,1.0,0.0,0.0,0.0,0.0,80.54
-0.5419113346545662,-0.6710680697891007,-0.8259544693275674,-0.5351283079598871,-0.745544915157298,-0.4841765685873173,0.0,1.0,0.0,0.0,0.0,1.0,0.0,0.0,0.0,0.0,0.0,1.0,0.0,0.0,0.0,0.0,80.54
0.9587662074657727,-0.9971344944898043,-0.961112878607253,-1.1458217028822044,-0.7935909862959352,-0.6364603847060946,0.0,1.0,0.0,0.0,0.0,0.0,0.0,0.0,0.0,0.0,1.0,1.0,0.0,0.0,0.0,0.0,66.82
-0.5419113346545662,-0.8108108232322608,-0.8710072724207971,-0.7700103829300083,-0.937729199711843,-1.1694537411218102,0.0,1.0,0.0,0.0,0.0,1.0,0.0,0.0,0.0,0.0,0.0,1.0,0.0,0.0,0.0,0.0,66.82
-0.5419113346545662,-1.183458165747348,-1.0512184847937123,-1.2867509478642758,-1.2260056265436623,-1.4740213733593648,0.0,1.0,0.0,0.0,0.0,1.0,0.0,0.0,0.0,0.0,0.0,1.0,0.0,0.0,0.0,0.0,75.71
-0.5419113346545662,-0.2052588916452402,-0.5105848476749635,-0.48815189296586553,-0.5053145594641159,-0.17960893634976594,1.0,0.0,0.0,0.0,0.0,1.0,0.0,0.0,0.0,0.0,0.0,1.0,0.0,0.0,0.0,0.0,66.82
-0.5419113346545662,1.331911396229498,1.6519497008000252,1.2029990468190082,1.2723900726654336,1.4955130409567714,0.0,1.0,0.0,0.0,0.0,1.0,0.0,0.0,0.0,0.0,0.0,1.0,0.0,0.0,0.0,0.0,72.08
0.9587662074657727,0.07422661524107345,0.030048789443782073,0.07556508696242682,0.31146864989270484,0.0488167878283984,1.0,0.0,0.0,0.0,0.0,0.0,0.0,0.0,0.0,0.0,1.0,1.0,0.0,0.0,0.0,0.0,66.82
0.9587662074657727,-0.3117968301560744,-0.38077993100940505,-0.46440403535309843,-0.41154291057152415,-0.2678562874636791,0.0,1.0,0.0,0.0,0.0,1.0,0.0,0.0,0.0,0.0,0.0,1.0,0.0,0.0,0.0,0.0,78.31
-0.5419113346545662,0.12080753305546015,0.21026000181669727,-0.01838774302562302,0.11928436533815638,-0.17960893634976594,1.0,0.0,0.0,0.0,0.0,1.0,0.0,0.0,0.0,0.0,0.0,1.0,0.0,0.0,0.0,0.0,62.7
0.9587662074657727,-0.9781023850101445,-0.937235848924787,-0.9427786197551783,-1.041912263017934,-1.0430989747425927,0.0,1.0,0.0,0.0,0.0,1.0,0.0,0.0,0.0,0.0,0.0,1.0,0.0,0.0,0.0,0.0,74.03
-0.5419113346545662,0.49345487557055046,0.5256296234693012,0.4043999919205979,0.40756079216997565,0.8102358684222783,1.0,0.0,0.0,0.0,0.0,0.0,0.0,0.0,0.0,0.0,1.0,1.0,0.0,0.0,0.0,0.0,66.82
-0.5419113346545662,-0.9505535766754176,-1.2314296971666274,-0.9579160429061081,-1.0818674131277544,-0.7126022927654816,0.0,1.0,0.0,0.0,0.0,1.0,0.0,0.0,0.0,0.0,0.0,1.0,0.0,0.0,0.0,0.0,33.59
-0.5419113346545662,0.07422661524107345,0.030048789443782073,0.07556508696242682,0.11928436533815638,-0.027325120230988625,1.0,0.0,0.0,0.0,0.0,1.0,0.0,0.0,0.0,0.0,0.0,1.0,0.0,0.0,0.0,0.0,80.54
0.9587662074657727,-0.2518398094596269,-0.15016242292913312,-0.11234057301366952,-0.07289991921638865,-0.4841765685873173,1.0,0.0,0.0,0.0,0.0,0.0,0.0,0.0,0.0,0.0,1.0,1.0,0.0,0.0,0.0,0.0,66.82
-0.5419113346545662,0.7729403824568641,0.9761576544015909,1.0620698018369368,1.080205788110885,0.8102358684222783,0.0,1.0,0.0,0.0,0.0,0.0,0.0,0.0,0.0,0.0,1.0,1.0,0.0,0.0,0.0,0.0,66.82
-0.5419113346545662,-0.3450016450884003,-0.33037363530204833,-0.44117547797184065,-0.553360630602753,-0.17960893634976594,0.0,1.0,0.0,0.0,0.0,1.0,0.0,0.0,0.0,0.0,0.0,1.0,0.0,0.0,0.0,0.0,66.82
-0.5419113346545662,-1.695848261705595,-1.6819577280989169,-1.5686094378284219,-1.4181899110982072,-1.3978794652999746,0.0,1.0,0.0,0.0,0.0,1.0,0.0,0.0,0.0,0.0,0.0,0.0,0.0,0.0,0.0,1.0,62.7
-0.5419113346545662,-0.9039726588610308,-0.6907960600478819,-0.7700103829300083,-0.9857752708504801,-0.9410280169436459,1.0,0.0,0.0,0.0,0.0,1.0,0.0,0.0,0.0,0.0,0.0,1.0,0.0,0.0,0.0,0.0,80.54
-0.5419113346545662,1.3539670569791027,1.4740731287085413,1.305581926934595,1.3825852463913404,1.2826290870941515,0.0,1.0,0.0,0.0,0.0,1.0,0.0,0.0,0.0,0.0,0.0,1.0,0.0,0.0,0.0,0.0,76.93
0.9587662074657727,-0.11209705601647008,-0.4204792414885075,-0.0653641580196446,-0.024853848077751532,-0.3318927524685432,0.0,1.0,0.0,0.0,0.0,1.0,0.0,0.0,0.0,0.0,0.0,1.0,0.0,0.0,0.0,0.0,80.54
-0.5419113346545662,1.052425889343181,1.291527276054195,1.0620698018369368,1.2243440015267966,1.5716549490161615,0.0,1.0,0.0,0.0,0.0,1.0,0.0,0.0,0.0,0.0,0.0,1.0,0.0,0.0,0.0,0.0,73.08
-0.5419113346545662,0.49345487557055046,0.6157352296557604,0.5453292369026693,0.5997450767245207,0.2011006039471757,1.0,0.0,0.0,0.0,0.0,0.0,0.0,0.0,0.0,0.0,1.0,0.0,0.0,0.0,0.0,1.0,66.82
-0.5419113346545662,-0.40698333799236813,-0.4735225839953004,-0.46440403535309843,-0.46003286075971034,-0.5004290936473536,0.0,1.0,0.0,0.0,0.0,1.0,0.0,0.0,0.0,0.0,0.0,1.0,0.0,0.0,0.0,0.0,74.03
0.9587662074657727,0.7263594646424807,0.7058408358422165,0.9681169718488869,0.5997450767245207,1.19094540871922,0.0,1.0,0.0,0.0,0.0,0.0,0.0,0.0,0.0,0.0,1.0,1.0,0.0,0.0,0.0,0.0,72.08
-0.5419113346545662,-0.30229171753087325,-0.06005681674267392,-0.20629340300171936,-0.4092224171868416,-0.17960893634976594,0.0,1.0,0.0,0.0,0.0,0.0,0.0,0.0,0.0,0.0,1.0,0.0,0.0,1.0,0.0,0.0,66.82
-0.5419113346545662,1.5648159853014283,1.8321609131729404,1.5788103667712041,1.4645743572199785,1.7239387651349356,1.0,0.0,0.0,0.0,0.0,0.0,0.0,0.0,0.0,0.0,1.0,1.0,0.0,0.0,0.0,0.0,72.08
-0.5419113346545662,-0.7877293693375534,-0.937235848924787,-0.9427786197551783,-0.8479524622651928,-0.9655747060147023,0.0,1.0,0.0,0.0,0.0,0.0,0.0,0.0,0.0,0.0,1.0,1.0,0.0,0.0,0.0,0.0,74.03
-0.5419113346545662,0.027645697426690038,0.16520719872347087,0.0285886719684019,0.16733043647679352,0.2011006039471757,1.0,0.0,0.0,0.0,0.0,1.0,0.0,0.0,0.0,0.0,0.0,1.0,0.0,0.0,0.0,0.0,62.7
-0.5419113346545662,1.0058449715287945,1.2464744729609654,1.1560226318249833,1.080205788110885,0.9625196845410557,1.0,0.0,0.0,0.0,0.0,1.0,0.0,0.0,0.0,0.0,0.0,1.0,0.0,0.0,0.0,0.0,80.54
-0.5419113346545662,1.052425889343181,0.8860520482151316,0.921140556854862,1.0321597169722514,1.0386615926004428,1.0,0.0,0.0,0.0,0.0,0.0,0.0,0.0,0.0,0.0,1.0,1.0,0.0,0.0,0.0,0.0,66.82
-0.5419113346545662,-0.5313253163459439,-1.0512184847937123,-1.0518688728941545,-1.129913484266388,-0.9410280169436459,0.0,1.0,0.0,0.0,0.0,1.0,0.0,0.0,0.0,0.0,0.0,1.0,0.0,0.0,0.0,0.0,80.54
2.4594437495861117,-2.2082383576638422,-1.997327349751521,-2.132326417756714,-2.186927049316391,-2.0831566378344677,1.0,0.0,0.0,0.0,0.0,1.0,0.0,0.0,0.0,0.0,0.0,1.0,0.0,0.0,0.0,0.0,80.54
-0.5419113346545662,-0.9971344944898043,-1.0512184847937123,-1.0048924579001297,-0.6014067017413901,-1.0933118330624232,0.0,1.0,0.0,0.0,0.0,0.0,0.0,0.0,0.0,0.0,1.0,1.0,0.0,0.0,0.0,0.0,66.82
-0.5419113346545662,-1.695848261705595,-1.5467993188192313,-1.7565150978045183,-1.5623281245141185,-1.7024470975375292,0.0,1.0,0.0,0.0,0.0,0.0,0.0,0.0,0.0,0.0,1.0,1.0,0.0,0.0,0.0,0.0,66.82
-0.5419113346545662,1.331911396229498,1.3365800791474214,1.249975461813033,1.2243440015267966,1.19094540871922,1.0,0.0,0.0,0.0,0.0,1.0,0.0,0.0,0.0,0.0,0.0,1.0,0.0,0.0,0.0,0.0,72.08
-0.5419113346545662,1.1921686427863412,-0.5105848476749635,-0.11234057301366952,1.2723900726654336,0.8102358684222783,0.0,1.0,0.0,0.0,0.0,1.0,0.0,0.0,0.0,0.0,0.0,1.0,0.0,0.0,0.0,0.0,58.64
-0.5419113346545662,0.9126831359000243,0.6157352296557604,0.7802113118727906,0.695837219001795,0.7340939603628913,0.0,1.0,0.0,0.0,0.0,0.0,0.0,0.0,0.0,0.0,1.0,1.0,0.0,0.0,0.0,0.0,66.82
-0.5419113346545662,-0.8573917410466475,-1.0061656817004825,-0.8169867979240333,-0.8416370574345722,-1.3217375572405876,0.0,1.0,0.0,0.0,0.0,0.0,0.0,0.0,0.0,0.0,1.0,0.0,0.0,1.0,0.0,0.0,66.82
-0.5419113346545662,-0.6710680697891007,-0.5105848476749635,-0.8639632129180582,-0.745544915157298,-0.3318927524685432,1.0,0.0,0.0,0.0,0.0,1.0,0.0,0.0,0.0,0.0,0.0,1.0,0.0,0.0,0.0,0.0,73.08
-0.5419113346545662,-1.2766200013761213,-1.1863768940733979,-1.1458217028822044,-0.8416370574345722,-1.3217375572405876,1.0,0.0,0.0,0.0,0.0,1.0,0.0,0.0,0.0,0.0,0.0,1.0,0.0,0.0,0.0,0.0,80.54
0.9587662074657727,-1.4540349241916235,-1.354577787361324,-1.421153204157258,-1.3328519641470478,-1.0430989747425927,0.0,1.0,0.0,0.0,0.0,1.0,0.0,0.0,0.0,0.0,0.0,1.0,0.0,0.0,0.0,0.0,74.03
-0.5419113346545662,-0.5779062341603306,-0.5105848476749635,-0.5351283079598871,-0.6494527728800238,-0.8648861088842589,1.0,0.0,0.0,0.0,0.0,1.0,0.0,0.0,0.0,0.0,0.0,1.0,0.0,0.0,0.0,0.0,80.54
0.9587662074657727,-1.3697818370048913,-1.276482500259857,-1.2867509478642758,-1.3220977688209365,-1.3217375572405876,0.0,1.0,0.0,0.0,0.0,1.0,0.0,0.0,0.0,0.0,0.0,1.0,0.0,0.0,0.0,0.0,62.7
-0.5419113346545662,0.027645697426690038,-0.19521522602236271,0.2634707469385231,0.07123829419952268,0.2011006039471757,1.0,0.0,0.0,0.0,0.0,1.0,0.0,0.0,0.0,0.0,0.0,1.0,0.0,0.0,0.0,0.0,33.59
-0.5419113346545662,0.7729403824568641,0.7058408358422165,0.8271877268668155,0.5997450767245207,0.8102358684222783,1.0,0.0,0.0,0.0,0.0,1.0,0.0,0.0,0.0,0.0,0.0,1.0,0.0,0.0,0.0,0.0,62.7
-0.5419113346545662,-1.2636619085190326,-1.0763498284036348,-1.134128453516013,-1.2358720637706788,-0.42290482491945985,0.0,1.0,0.0,0.0,0.0,1.0,0.0,0.0,0.0,0.0,0.0,1.0,0.0,0.0,0.0,0.0,74.03
0.9587662074657727,-0.2518398094596269,0.07510159253701168,-0.01838774302562302,-0.2650842037709337,0.3533844200659498,0.0,1.0,0.0,0.0,0.0,0.0,0.0,0.0,0.0,0.0,1.0,1.0,0.0,0.0,0.0,0.0,66.82
0.9587662074657727,1.7511396565589716,1.9673193224526293,1.9546216867233968,1.7048047129131607,1.6477968570755486,1.0,0.0,0.0,0.0,0.0,1.0,0.0,0.0,0.0,0.0,0.0,1.0,0.0,0.0,0.0,0.0,72.08
2.4594437495861117,0.7263594646424807,0.5256296234693012,-0.3941990629778157,-0.31313027490957085,-0.7126022927654816,1.0,0.0,0.0,0.0,0.0,1.0,0.0,0.0,0.0,0.0,0.0,1.0,0.0,0.0,0.0,0.0,58.64
-0.5419113346545662,-0.1690170684016286,-0.19529462503760775,-0.1295418262716446,-0.3145630101951518,-0.3453805561915695,0.0,1.0,0.0,0.0,0.0,1.0,0.0,0.0,0.0,0.0,0.0,1.0,0.0,0.0,0.0,0.0,65.57
0.9587662074657727,2.030625163445289,2.3277417471984596,2.2834565916815683,2.329403637715433,2.104648305431877,0.0,1.0,0.0,0.0,0.0,0.0,0.0,0.0,0.0,0.0,1.0,1.0,0.0,0.0,0.0,0.0,72.08
0.9587662074657727,-0.8353226232556987,-0.8908645224318377,-0.894941161314973,-0.9449323626415652,-0.7330018998310279,0.0,1.0,0.0,0.0,0.0,1.0,0.0,0.0,0.0,0.0,0.0,1.0,0.0,0.0,0.0,0.0,74.03
-0.5419113346545662,-0.5779062341603306,-0.5105848476749635,-0.582104722953912,-0.6494527728800238,-0.7126022927654816,0.0,1.0,0.0,0.0,0.0,0.0,0.0,0.0,0.0,0.0,1.0,1.0,0.0,0.0,0.0,0.0,66.82
2.4594437495861117,-1.3112551624371778,-1.16909248138953,-1.2776408288366357,-1.42983186452342,-0.8880504372868087,1.0,0.0,0.0,0.0,0.0,1.0,0.0,0.0,0.0,0.0,0.0,1.0,0.0,0.0,0.0,0.0,75.7
-0.5419113346545662,-1.3112551624371778,-1.16909248138953,-1.0862909950758044,-1.2358720637706788,-1.5082445871099415,0.0,1.0,0.0,0.0,0.0,1.0,0.0,0.0,0.0,0.0,0.0,1.0,0.0,0.0,0.0,0.0,78.31
-0.5419113346545662,-0.9505535766754176,-1.0061656817004825,-1.0988452878881794,-0.9857752708504801,-0.7126022927654816,0.0,1.0,0.0,0.0,0.0,1.0,0.0,0.0,0.0,0.0,0.0,1.0,0.0,0.0,0.0,0.0,80.54
0.9587662074657727,-0.06551613820208338,-0.2402680291155923,-0.20629340300171936,0.16733043647679352,-0.027325120230988625,1.0,0.0,0.0,0.0,0.0,1.0,0.0,0.0,0.0,0.0,0.0,1.0,0.0,0.0,0.0,0.0,75.71
-0.5419113346545662,-0.5779062341603306,-0.4655320445817371,-0.34722264798379077,-0.31313027490957085,-0.17960893634976594,0.0,1.0,0.0,0.0,0.0,1.0,0.0,0.0,0.0,0.0,0.0,0.0,0.0,1.0,0.0,0.0,62.7
-0.5419113346545662,-0.2052588916452402,-0.2402680291155923,-0.3002462329897659,-0.12094599035502576,-0.5603184766467075,1.0,0.0,0.0,0.0,0.0,0.0,0.0,0.0,0.0,0.0,1.0,1.0,0.0,0.0,0.0,0.0,66.82
-0.5419113346545662,0.16738845086984686,0.25531280490992686,0.4983528219086444,0.4556068633086127,0.42952632812534003,0.0,1.0,0.0,0.0,0.0,1.0,0.0,0.0,0.0,0.0,0.0,1.0,0.0,0.0,0.0,0.0,62.7
-0.5419113346545662,0.07422661524107345,-0.015004013649447524,0.2634707469385231,-0.2650842037709337,0.12495869588778542,0.0,1.0,0.0,0.0,0.0,1.0,0.0,0.0,0.0,0.0,0.0,1.0,0.0,0.0,0.0,0.0,73.08
-0.5419113346545662,-1.183458165747348,-1.276482500259857,-1.3807037778523257,-1.3220977688209365,-1.2455956491812006,0.0,1.0,0.0,0.0,0.0,1.0,0.0,0.0,0.0,0.0,0.0,1.0,0.0,0.0,0.0,0.0,62.7
-0.5419113346545662,-0.2518398094596269,-0.2853208322088187,-0.3002462329897659,-0.12094599035502576,-0.25575084440915297,0.0,1.0,0.0,0.0,0.0,1.0,0.0,0.0,0.0,0.0,0.0,1.0,0.0,0.0,0.0,0.0,80.54
-0.5419113346545662,0.21396936868423355,0.3003656080031564,0.357423576926573,0.2634225787540677,0.42952632812534003,1.0,0.0,0.0,0.0,0.0,0.0,0.0,0.0,0.0,0.0,1.0,1.0,0.0,0.0,0.0,0.0,66.82
0.9587662074657727,-0.29842072727401364,-0.2853208322088187,-0.20629340300171936,-0.3611763460482079,-0.3318927524685432,0.0,1.0,0.0,0.0,0.0,1.0,0.0,0.0,0.0,0.0,0.0,1.0,0.0,0.0,0.0,0.0,62.7
-0.5419113346545662,-0.9305091310919958,-1.0299785019106855,-1.0384535366355956,-0.7994625120770067,-1.585768855837832,1.0,0.0,0.0,0.0,0.0,1.0,0.0,0.0,0.0,0.0,0.0,1.0,0.0,0.0,0.0,0.0,75.7
0.9587662074657727,0.8661022180856375,0.6157352296557604,0.8741641418608405,0.5997450767245207,0.505668236184727,1.0,0.0,0.0,0.0,0.0,0.0,0.0,0.0,0.0,0.0,1.0,1.0,0.0,0.0,0.0,0.0,62.7
-0.5419113346545662,0.5866167111993206,0.9761576544015909,0.6862584818847407,0.695837219001795,0.9625196845410557,1.0,0.0,0.0,0.0,0.0,1.0,0.0,0.0,0.0,0.0,0.0,1.0,0.0,0.0,0.0,0.0,80.54
0.9587662074657727,1.6113969031158148,1.291527276054195,1.3909047067951046,1.7048047129131607,0.8863777764816687,1.0,0.0,0.0,0.0,0.0,0.0,0.0,0.0,0.0,0.0,1.0,1.0,0.0,0.0,0.0,0.0,66.82
-0.5419113346545662,1.5648159853014283,1.8321609131729404,1.5788103667712041,1.5606664994972494,1.7239387651349356,1.0,0.0,0.0,0.0,0.0,0.0,0.0,0.0,0.0,0.0,1.0,1.0,0.0,0.0,0.0,0.0,72.08
-0.5419113346545662,-0.29842072727401364,-0.2853208322088187,-0.11234057301366952,-0.31313027490957085,-0.6364603847060946,1.0,0.0,0.0,0.0,0.0,1.0,0.0,0.0,0.0,0.0,0.0,1.0,0.0,0.0,0.0,0.0,73.08
-0.5419113346545662,0.40029303994177706,0.3003656080031564,0.357423576926573,0.2634225787540677,0.581810144244114,0.0,1.0,0.0,0.0,0.0,1.0,0.0,0.0,0.0,0.0,0.0,1.0,0.0,0.0,0.0,0.0,62.7
-0.5419113346545662,-1.975333768591912,-1.7720633342853762,-1.8034915127985431,-1.8986506224845714,-1.4740213733593648,0.0,1.0,0.0,0.0,0.0,1.0,0.0,0.0,0.0,0.0,0.0,1.0,0.0,0.0,0.0,0.0,73.08
-0.5419113346545662,-0.9505535766754176,-1.0061656817004825,-1.0048924579001297,-1.129913484266388,-0.9410280169436459,0.0,1.0,0.0,0.0,0.0,0.0,0.0,0.0,0.0,0.0,1.0,1.0,0.0,0.0,0.0,0.0,66.82
-0.5419113346545662,-0.2518398094596269,-0.2402680291155923,-0.01838774302562302,-0.16899206149365945,-0.3318927524685432,0.0,1.0,0.0,0.0,0.0,0.0,0.0,0.0,0.0,0.0,1.0,1.0,0.0,0.0,0.0,0.0,66.82
-0.5419113346545662,0.8195213002712508,0.8409992451219053,0.921140556854862,0.695837219001795,0.7340939603628913,1.0,0.0,0.0,0.0,0.0,1.0,0.0,0.0,0.0,0.0,0.0,1.0,0.0,0.0,0.0,0.0,66.82
-0.5419113346545662,0.5448817403705901,0.6857605783284161,0.6836949672118926,0.655235993568558,0.9725320121825867,1.0,0.0,0.0,0.0,0.0,1.0,0.0,0.0,0.0,0.0,0.0,1.0,0.0,0.0,0.0,0.0,65.57
0.9587662074657727,-0.3488726353452599,-0.6006904538614227,-0.2532698179957443,-0.6974988440186609,-0.5603184766467075,1.0,0.0,0.0,0.0,0.0,0.0,0.0,0.0,0.0,0.0,1.0,1.0,0.0,0.0,0.0,0.0,66.82
2.4594437495861117,-0.2518398094596269,-0.2402680291155923,-0.3002462329897659,-0.2650842037709337,-0.7126022927654816,0.0,1.0,0.0,0.0,0.0,0.0,0.0,0.0,0.0,0.0,1.0,1.0,0.0,0.0,0.0,0.0,66.82
-0.5419113346545662,-1.416362754819278,-1.3665881064463161,-1.4276801928463505,-1.5142820533754815,-0.7126022927654816,0.0,1.0,0.0,0.0,0.0,1.0,0.0,0.0,0.0,0.0,0.0,1.0,0.0,0.0,0.0,0.0,75.71
0.9587662074657727,-1.8821719329631386,-1.8171161373786058,-1.9444207577806147,-2.042788835900483,-1.5501632814187518,1.0,0.0,0.0,0.0,0.0,1.0,0.0,0.0,0.0,0.0,0.0,1.0,0.0,0.0,0.0,0.0,62.7
0.9587662074657727,1.0058449715287945,1.0662632605880502,1.1560226318249833,0.9841136458336142,0.8863777764816687,0.0,1.0,0.0,0.0,0.0,0.0,0.0,0.0,0.0,0.0,1.0,0.0,0.0,1.0,0.0,0.0,66.82
-0.5419113346545662,1.0058449715287945,0.9311048513083612,0.9681169718488869,1.080205788110885,0.8863777764816687,1.0,0.0,0.0,0.0,0.0,0.0,0.0,0.0,0.0,0.0,1.0,1.0,0.0,0.0,0.0,0.0,72.08
-0.5419113346545662,2.0772060812596758,2.0123721255458555,2.377409421669615,1.945035068606343,1.876222581253713,0.0,1.0,0.0,0.0,0.0,1.0,0.0,0.0,0.0,0.0,0.0,1.0,0.0,0.0,0.0,0.0,58.64
-0.5419113346545662,-0.29842072727401364,-0.33037363530204833,-0.34722264798379077,-0.3611763460482079,-0.17960893634976594,0.0,1.0,0.0,0.0,0.0,1.0,0.0,0.0,0.0,0.0,0.0,1.0,0.0,0.0,0.0,0.0,62.7
-0.5419113346545662,-1.0256956389282932,-0.9836071754177362,-1.0384535366355956,-1.1873821135824927,-0.7330018998310279,0.0,1.0,0.0,0.0,0.0,1.0,0.0,0.0,0.0,0.0,0.0,1.0,0.0,0.0,0.0,0.0,74.93
-0.5419113346545662,-0.48474439853155715,-0.6006904538614227,-0.48815189296586553,-0.31313027490957085,-0.5603184766467075,0.0,1.0,0.0,0.0,0.0,1.0,0.0,0.0,0.0,0.0,0.0,1.0,0.0,0.0,0.0,0.0,62.7
0.9587662074657727,1.2853304784151114,1.7420553069864846,1.6727631967592507,1.3204361438040673,1.800080673194326,1.0,0.0,0.0,0.0,0.0,0.0,0.0,0.0,0.0,0.0,1.0,1.0,0.0,0.0,0.0,0.0,72.08
-0.5419113346545662,-1.0437154123041912,-0.9160600755140267,-0.8639632129180582,-0.9857752708504801,-0.6364603847060946,0.0,1.0,0.0,0.0,0.0,0.0,0.0,0.0,0.0,0.0,1.0,1.0,0.0,0.0,0.0,0.0,80.54
-0.5419113346545662,0.027645697426690038,-0.2402680291155923,-0.2532698179957443,0.02319222306088558,-0.25575084440915297,1.0,0.0,0.0,0.0,0.0,1.0,0.0,0.0,0.0,0.0,0.0,1.0,0.0,0.0,0.0,0.0,66.82
-0.5419113346545662,-1.0902963301185777,-1.0962712878869418,-1.0518688728941545,-1.0338213419891171,-1.3978794652999746,0.0,1.0,0.0,0.0,0.0,1.0,0.0,0.0,0.0,0.0,0.0,1.0,0.0,0.0,0.0,0.0,66.82
-0.5419113346545662,-0.7642299054178741,-0.8259544693275674,-0.7230339679359868,-0.6494527728800238,-0.7887442008248718,1.0,0.0,0.0,0.0,0.0,1.0,0.0,0.0,0.0,0.0,0.0,1.0,0.0,0.0,0.0,0.0,62.7
-0.5419113346545662,0.6331976290137074,0.5706824265625309,0.2634707469385231,0.5036529344472499,0.7340939603628913,1.0,0.0,0.0,0.0,0.0,1.0,0.0,0.0,0.0,0.0,0.0,1.0,0.0,0.0,0.0,0.0,62.7
0.9587662074657727,0.49345487557055046,0.6607880327489868,0.6862584818847407,0.743883290140432,0.7340939603628913,1.0,0.0,0.0,0.0,0.0,1.0,0.0,0.0,0.0,0.0,0.0,1.0,0.0,0.0,0.0,0.0,62.7
-0.5419113346545662,-0.01893522038769667,0.030048789443782073,-0.0653641580196446,-0.024853848077751532,0.27724251200656275,0.0,1.0,0.0,0.0,0.0,1.0,0.0,0.0,0.0,0.0,0.0,0.0,1.0,0.0,0.0,0.0,62.7
0.9587662074657727,-1.183458165747348,-0.961112878607253,-0.11234057301366952,0.9841136458336142,-0.7887442008248718,0.0,1.0,0.0,0.0,0.0,0.0,0.0,0.0,0.0,0.0,1.0,1.0,0.0,0.0,0.0,0.0,58.64
-0.5419113346545662,-0.2518398094596269,-0.6006904538614227,-0.34722264798379077,-0.3611763460482079,-0.3318927524685432,1.0,0.0,0.0,0.0,0.0,1.0,0.0,0.0,0.0,0.0,0.0,1.0,0.0,0.0,0.0,0.0,66.82
-2.0425888767749054,-1.183458165747348,-1.0512184847937123,-1.2867509478642758,-1.2260056265436623,-1.2455956491812006,0.0,1.0,0.0,0.0,0.0,1.0,0.0,0.0,0.0,0.0,0.0,1.0,0.0,0.0,0.0,0.0,75.71
2.4594437495861117,-2.2082383576638422,-1.997327349751521,-2.132326417756714,-2.234973120455028,-2.0831566378344677,0.0,1.0,0.0,0.0,0.0,1.0,0.0,0.0,0.0,0.0,0.0,1.0,0.0,0.0,0.0,0.0,66.82
0.9587662074657727,0.16738845086984686,0.25531280490992686,0.2634707469385231,0.31146864989270484,0.3533844200659498,1.0,0.0,0.0,0.0,0.0,0.0,0.0,0.0,0.0,0.0,1.0,1.0,0.0,0.0,0.0,0.0,66.82
-0.5419113346545662,-1.0902963301185777,-1.1863768940733979,-1.0988452878881794,-1.0818674131277544,-0.9410280169436459,0.0,1.0,0.0,0.0,0.0,0.0,0.0,0.0,0.0,0.0,1.0,1.0,0.0,0.0,0.0,0.0,66.82
0.9587662074657727,0.6331976290137074,0.5706824265625309,0.5453292369026693,0.695837219001795,0.8102358684222783,0.0,1.0,0.0,0.0,0.0,0.0,0.0,0.0,0.0,0.0,1.0,0.0,1.0,0.0,0.0,0.0,66.82
5.460798833826789,-0.2052588916452402,-0.3754264383952779,-0.11234057301366952,-0.16899206149365945,0.0488167878283984,1.0,0.0,0.0,0.0,0.0,0.0,0.0,0.0,0.0,0.0,1.0,1.0,0.0,0.0,0.0,0.0,75.71
0.9587662074657727,-1.3588484163553265,-1.308206460868378,-1.3733157457170528,-1.381341914335234,-1.0430989747425927,1.0,0.0,0.0,0.0,0.0,1.0,0.0,0.0,0.0,0.0,0.0,1.0,0.0,0.0,0.0,0.0,74.03
0.9587662074657727,-1.5095245904480514,-1.6819577280989169,-1.7095386828104935,-1.6103741956527522,-1.3978794652999746,0.0,1.0,0.0,0.0,0.0,0.0,0.0,0.0,0.0,0.0,1.0,0.0,0.0,0.0,0.0,1.0,62.7
-0.5419113346545662,-0.6449496075831077,-0.6590078899670944,-0.7992662444345557,-0.8479524622651928,-0.8105261685589183,0.0,1.0,0.0,0.0,0.0,0.0,0.0,0.0,0.0,0.0,1.0,1.0,0.0,0.0,0.0,0.0,74.03
-0.5419113346545662,0.9126831359000243,0.9761576544015909,0.8271877268668155,0.9841136458336142,1.267087316778607,0.0,1.0,0.0,0.0,0.0,1.0,0.0,0.0,0.0,0.0,0.0,1.0,0.0,0.0,0.0,0.0,62.7
-0.5419113346545662,1.4250732318582715,0.8860520482151316,1.1560226318249833,1.1282518592495223,1.3432292248379973,0.0,1.0,0.0,0.0,0.0,1.0,0.0,0.0,0.0,0.0,0.0,0.0,0.0,0.0,0.0,1.0,73.08
0.9587662074657727,-0.6244871519747173,-0.6907960600478819,-0.629081137947937,-0.553360630602753,-0.4841765685873173,0.0,1.0,0.0,0.0,0.0,1.0,0.0,0.0,0.0,0.0,0.0,1.0,0.0,0.0,0.0,0.0,66.82
-0.5419113346545662,-1.5492214320279174,-1.2154638078824795,-1.5168281210376755,-1.5753017150879751,-1.3531960496541575,1.0,0.0,0.0,0.0,0.0,1.0,0.0,0.0,0.0,0.0,0.0,1.0,0.0,0.0,0.0,0.0,75.7
-0.5419113346545662,-0.7642299054178741,-0.6457432569546523,-0.7230339679359868,-0.6494527728800238,-0.9410280169436459,1.0,0.0,0.0,0.0,0.0,1.0,0.0,0.0,0.0,0.0,0.0,1.0,0.0,0.0,0.0,0.0,80.54
-0.5419113346545662,-0.3593900840742196,-0.42715125750235106,-0.3208916600324759,-0.21758310981878287,0.1972893249036697,0.0,1.0,0.0,0.0,0.0,1.0,0.0,0.0,0.0,0.0,0.0,1.0,0.0,0.0,0.0,0.0,78.31
-0.5419113346545662,-0.5973563536649592,-0.6590078899670944,-0.5600789522335158,-0.6055027113242655,-0.5779533623752439,0.0,1.0,0.0,0.0,0.0,1.0,0.0,0.0,0.0,0.0,0.0,1.0,0.0,0.0,0.0,0.0,75.7
0.9587662074657727,-0.7642299054178741,-0.7809016662343379,-1.0048924579001297,-0.8896831285732059,-0.7887442008248718,1.0,0.0,0.0,0.0,0.0,1.0,0.0,0.0,0.0,0.0,0.0,1.0,0.0,0.0,0.0,0.0,66.82
0.9587662074657727,-0.6710680697891007,0.9761576544015909,0.2634707469385231,0.7919293612790691,-0.17960893634976594,1.0,0.0,0.0,0.0,0.0,0.0,0.0,0.0,0.0,0.0,1.0,1.0,0.0,0.0,0.0,0.0,58.64
-0.5419113346545662,0.07422661524107345,0.16520719872347087,0.07556508696242682,0.02319222306088558,0.2011006039471757,0.0,1.0,0.0,0.0,0.0,1.0,0.0,0.0,0.0,0.0,0.0,1.0,0.0,0.0,0.0,0.0,62.7
-0.5419113346545662,1.6579778209302016,1.8321609131729404,1.9546216867233968,1.5606664994972494,1.876222581253713,0.0,1.0,0.0,0.0,0.0,0.0,0.0,0.0,0.0,0.0,1.0,1.0,0.0,0.0,0.0,0.0,72.08
-0.5419113346545662,1.7511396565589716,1.7871081100797108,1.860668856735347,1.7528507840517977,1.876222581253713,1.0,0.0,0.0,0.0,0.0,0.0,0.0,0.0,0.0,0.0,1.0,1.0,0.0,0.0,0.0,0.0,72.08
-0.5419113346545662,-1.4629436726336649,-1.4116409095395426,-1.521633022834397,-1.4662359822368443,-1.4740213733593648,1.0,0.0,0.0,0.0,0.0,0.0,0.0,0.0,0.0,0.0,1.0,0.0,0.0,1.0,0.0,0.0,66.82
3.9601212917064506,-0.2518398094596269,1.0212104574948204,0.07556508696242682,0.07123829419952268,0.8863777764816687,0.0,1.0,0.0,0.0,0.0,1.0,0.0,0.0,0.0,0.0,0.0,1.0,0.0,0.0,0.0,0.0,58.64
-0.5419113346545662,-1.4629436726336649,-1.3665881064463161,-1.3807037778523257,-1.4181899110982072,-1.4740213733593648,0.0,1.0,0.0,0.0,0.0,1.0,0.0,0.0,0.0,0.0,0.0,1.0,0.0,0.0,0.0,0.0,62.7
0.9587662074657727,-0.9039726588610308,-1.0962712878869418,-1.1927981178762292,-1.0338213419891171,-1.1694537411218102,0.0,1.0,0.0,0.0,0.0,1.0,0.0,0.0,0.0,0.0,0.0,1.0,0.0,0.0,0.0,0.0,73.08
0.9587662074657727,0.9126831359000243,0.6607880327489868,0.6862584818847407,0.6477911478631578,0.2011006039471757,1.0,0.0,0.0,0.0,0.0,0.0,0.0,0.0,0.0,0.0,1.0,1.0,0.0,0.0,0.0,0.0,66.82
-0.5419113346545662,-0.43816348071717043,-0.555637650768193,-0.48815189296586553,-0.6014067017413901,-0.5603184766467075,0.0,1.0,0.0,0.0,0.0,1.0,0.0,0.0,0.0,0.0,0.0,1.0,0.0,0.0,0.0,0.0,58.64
0.9587662074657727,-0.1586779738308568,-0.19521522602236271,-0.3941990629778157,-0.024853848077751532,-0.25575084440915297,1.0,0.0,0.0,0.0,0.0,1.0,0.0,0.0,0.0,0.0,0.0,1.0,0.0,0.0,0.0,0.0,80.54
-0.5419113346545662,0.12080753305546015,-0.06005681674267392,0.0285886719684019,0.16733043647679352,0.2011006039471757,1.0,0.0,0.0,0.0,0.0,1.0,0.0,0.0,0.0,0.0,0.0,1.0,0.0,0.0,0.0,0.0,66.82
-0.5419113346545662,1.1455877249719546,1.0662632605880502,1.296951876807058,1.0321597169722514,1.9523644893131,0.0,1.0,0.0,0.0,0.0,1.0,0.0,0.0,0.0,0.0,0.0,1.0,0.0,0.0,0.0,0.0,75.71
-0.5419113346545662,0.7263594646424807,0.6157352296557604,0.5923056518966943,0.5997450767245207,0.505668236184727,1.0,0.0,0.0,0.0,0.0,1.0,0.0,0.0,0.0,0.0,0.0,1.0,0.0,0.0,0.0,0.0,66.82
-0.5419113346545662,1.4716541496726547,1.7420553069864846,1.3909047067951046,1.6087125706358865,1.4193711328973844,1.0,0.0,0.0,0.0,0.0,0.0,0.0,0.0,0.0,0.0,1.0,1.0,0.0,0.0,0.0,0.0,72.08
0.9587662074657727,1.6579778209302016,1.6970025038932548,1.5318339517771793,1.8008968551904314,1.5716549490161615,1.0,0.0,0.0,0.0,0.0,0.0,0.0,0.0,0.0,0.0,1.0,0.0,0.0,1.0,0.0,0.0,72.08
-0.5419113346545662,0.9126831359000243,0.5706824265625309,0.4983528219086444,0.4556068633086127,0.42952632812534003,1.0,0.0,0.0,0.0,0.0,1.0,0.0,0.0,0.0,0.0,0.0,1.0,0.0,0.0,0.0,0.0,66.82
-0.5419113346545662,0.21172896294355334,0.03656200742713555,0.013970549048981425,-0.07211325925422436,-0.2678562874636791,0.0,1.0,0.0,0.0,0.0,1.0,0.0,0.0,0.0,0.0,0.0,1.0,0.0,0.0,0.0,0.0,75.7
-0.5419113346545662,0.07035562498421385,0.5256296234693012,0.4043999919205979,0.16733043647679352,0.0488167878283984,1.0,0.0,0.0,0.0,0.0,1.0,0.0,0.0,0.0,0.0,0.0,1.0,0.0,0.0,0.0,0.0,66.82
0.9587662074657727,0.07422661524107345,0.12015439563024127,0.16951791695047663,0.11928436533815638,0.27724251200656275,0.0,1.0,0.0,0.0,0.0,1.0,0.0,0.0,0.0,0.0,0.0,1.0,0.0,0.0,0.0,0.0,62.7
-0.5419113346545662,-0.3450016450884003,-0.5105848476749635,-0.48815189296586553,-0.31313027490957085,-0.40803466052793025,1.0,0.0,0.0,0.0,0.0,1.0,0.0,0.0,0.0,0.0,0.0,0.0,0.0,0.0,0.0,1.0,66.82
-0.5419113346545662,-1.2766200013761213,-1.1413240909801714,-1.1927981178762292,-1.177959555405025,-0.7887442008248718,0.0,1.0,0.0,0.0,0.0,1.0,0.0,0.0,0.0,0.0,0.0,1.0,0.0,0.0,0.0,0.0,66.82
-0.5419113346545662,0.027645697426690038,-0.015004013649447524,-0.15931698800769445,-0.16899206149365945,-0.3318927524685432,1.0,0.0,0.0,0.0,0.0,1.0,0.0,0.0,0.0,0.0,0.0,1.0,0.0,0.0,0.0,0.0,58.64
-0.5419113346545662,1.0990068071575678,1.0662632605880502,1.1090462168309616,1.4645743572199785,0.6579520523035044,1.0,0.0,0.0,0.0,0.0,1.0,0.0,0.0,0.0,0.0,0.0,1.0,0.0,0.0,0.0,0.0,80.54
0.9587662074657727,-0.2518398094596269,-0.4204792414885075,0.0285886719684019,0.02319222306088558,-0.7126022927654816,1.0,0.0,0.0,0.0,0.0,1.0,0.0,0.0,0.0,0.0,0.0,0.0,0.0,1.0,0.0,0.0,62.7
-0.5419113346545662,-1.183458165747348,-1.2314296971666274,-1.239774532870251,-1.3220977688209365,-1.2455956491812006,0.0,1.0,0.0,0.0,0.0,0.0,0.0,0.0,0.0,0.0,1.0,1.0,0.0,0.0,0.0,0.0,66.82
0.9587662074657727,0.9592640537144109,0.9761576544015909,1.2029990468190082,0.8399754324177028,1.19094540871922,1.0,0.0,0.0,0.0,0.0,1.0,0.0,0.0,0.0,0.0,0.0,1.0,0.0,0.0,0.0,0.0,80.54
0.9587662074657727,-0.48474439853155715,-0.6006904538614227,0.12254150195645173,1.1282518592495223,0.505668236184727,0.0,1.0,0.0,0.0,0.0,1.0,0.0,0.0,0.0,0.0,0.0,1.0,0.0,0.0,0.0,0.0,58.64
-0.5419113346545662,0.7729403824568641,0.7058408358422165,0.5453292369026693,0.8399754324177028,0.27724251200656275,1.0,0.0,0.0,0.0,0.0,1.0,0.0,0.0,0.0,0.0,0.0,0.0,0.0,1.0,0.0,0.0,66.82
-0.5419113346545662,-0.3450016450884003,-0.15016242292913312,-0.34722264798379077,-0.31313027490957085,-0.10346702829037889,0.0,1.0,0.0,0.0,0.0,0.0,0.0,0.0,0.0,0.0,1.0,0.0,0.0,0.0,0.0,1.0,80.54
-0.5419113346545662,-1.7890100973343683,-1.6819577280989169,-1.6625622678164718,-1.7064663379300264,-1.9308728217156934,0.0,1.0,0.0,0.0,0.0,1.0,0.0,0.0,0.0,0.0,0.0,1.0,0.0,0.0,0.0,0.0,80.54
-0.5419113346545662,1.2853304784151114,1.1113160636812764,1.0620698018369368,1.1762979303881593,1.19094540871922,1.0,0.0,0.0,0.0,0.0,0.0,0.0,0.0,0.0,0.0,1.0,0.0,0.0,1.0,0.0,0.0,66.82
-0.5419113346545662,-0.39158256290278703,-0.2402680291155923,-0.629081137947937,-0.5053145594641159,-0.40803466052793025,1.0,0.0,0.0,0.0,0.0,1.0,0.0,0.0,0.0,0.0,0.0,1.0,0.0,0.0,0.0,0.0,66.82
-0.5419113346545662,-0.6244871519747173,-0.6006904538614227,-0.582104722953912,-0.5053145594641159,-0.7126022927654816,1.0,0.0,0.0,0.0,0.0,1.0,0.0,0.0,0.0,0.0,0.0,0.0,0.0,1.0,0.0,0.0,66.82
-0.5419113346545662,0.7263594646424807,0.6607880327489868,0.357423576926573,0.5036529344472499,0.27724251200656275,1.0,0.0,0.0,0.0,0.0,1.0,0.0,0.0,0.0,0.0,0.0,1.0,0.0,0.0,0.0,0.0,62.7
0.9587662074657727,-1.0437154123041912,-1.1413240909801714,-1.0048924579001297,-1.129913484266388,-0.5603184766467075,1.0,0.0,0.0,0.0,0.0,1.0,0.0,0.0,0.0,0.0,0.0,0.0,0.0,1.0,0.0,0.0,80.54
-0.5419113346545662,1.1455877249719546,1.291527276054195,1.1560226318249833,0.7919293612790691,0.9625196845410557,1.0,0.0,0.0,0.0,0.0,0.0,0.0,0.0,0.0,0.0,1.0,1.0,0.0,0.0,0.0,0.0,72.08
-0.5419113346545662,0.5361648031280744,0.48057682037607163,0.7802113118727906,0.936067574694977,0.6579520523035044,0.0,1.0,0.0,0.0,0.0,0.0,0.0,0.0,0.0,0.0,1.0,1.0,0.0,0.0,0.0,0.0,66.82
-0.5419113346545662,-0.2052588916452402,-0.2402680291155923,-0.3002462329897659,-0.2650842037709337,-0.027325120230988625,0.0,1.0,0.0,0.0,0.0,1.0,0.0,0.0,0.0,0.0,0.0,1.0,0.0,0.0,0.0,0.0,62.7
-0.5419113346545662,0.9126831359000243,0.8409992451219053,0.8741641418608405,1.0321597169722514,0.7340939603628913,1.0,0.0,0.0,0.0,0.0,0.0,0.0,0.0,0.0,0.0,1.0,1.0,0.0,0.0,0.0,0.0,66.82
0.9587662074657727,-1.416362754819278,-1.3215353033530866,-1.2867509478642758,-1.0818674131277544,-1.0933118330624232,1.0,0.0,0.0,0.0,0.0,0.0,0.0,0.0,0.0,0.0,1.0,1.0,0.0,0.0,0.0,0.0,66.82
-0.5419113346545662,0.12080753305546015,0.39047121418961567,0.2634707469385231,0.07123829419952268,0.12495869588778542,1.0,0.0,0.0,0.0,0.0,0.0,0.0,0.0,0.0,0.0,1.0,1.0,0.0,0.0,0.0,0.0,66.82
-0.5419113346545662,-0.1586779738308568,-0.2402680291155923,0.0285886719684019,-0.16899206149365945,-0.3318927524685432,0.0,1.0,0.0,0.0,0.0,1.0,0.0,0.0,0.0,0.0,0.0,1.0,0.0,0.0,0.0,0.0,66.82
-0.5419113346545662,-0.2052588916452402,-0.15016242292913312,-0.2532698179957443,-0.2650842037709337,-0.17960893634976594,0.0,1.0,0.0,0.0,0.0,1.0,0.0,0.0,0.0,0.0,0.0,1.0,0.0,0.0,0.0,0.0,80.54
2.4594437495861117,-0.9505535766754176,-1.2314296971666274,-1.1458217028822044,-1.3220977688209365,-1.3217375572405876,0.0,1.0,0.0,0.0,0.0,1.0,0.0,0.0,0.0,0.0,0.0,1.0,0.0,0.0,0.0,0.0,80.54
2.4594437495861117,-1.1368772479329612,-0.961112878607253,-0.8169867979240333,-0.937729199711843,-0.8648861088842589,1.0,0.0,0.0,0.0,0.0,0.0,0.0,0.0,0.0,0.0,1.0,1.0,0.0,0.0,0.0,0.0,66.82
-0.5419113346545662,-1.3697818370048913,-1.3665881064463161,-1.4276801928463505,-1.4181899110982072,-1.1694537411218102,1.0,0.0,0.0,0.0,0.0,0.0,0.0,0.0,0.0,0.0,1.0,1.0,0.0,0.0,0.0,0.0,66.82
-0.5419113346545662,0.30713120431300367,0.12015439563024127,0.2634707469385231,0.07123829419952268,0.0488167878283984,0.0,1.0,0.0,0.0,0.0,1.0,0.0,0.0,0.0,0.0,0.0,1.0,0.0,0.0,0.0,0.0,80.54
-0.5419113346545662,-0.2518398094596269,-0.19521522602236271,-0.11234057301366952,-0.31313027490957085,-0.027325120230988625,0.0,1.0,0.0,0.0,0.0,1.0,0.0,0.0,0.0,0.0,0.0,1.0,0.0,0.0,0.0,0.0,80.54
-0.5419113346545662,0.30713120431300367,0.21026000181669727,0.4043999919205979,0.31146864989270484,0.3533844200659498,1.0,0.0,0.0,0.0,0.0,1.0,0.0,0.0,0.0,0.0,0.0,1.0,0.0,0.0,0.0,0.0,66.82
-2.0425888767749054,0.5400357933849339,0.5256296234693012,0.6862584818847407,0.5036529344472499,0.581810144244114,1.0,0.0,0.0,0.0,0.0,1.0,0.0,0.0,0.0,0.0,0.0,1.0,0.0,0.0,0.0,0.0,80.54
0.9587662074657727,0.16413570902540478,0.08293333392008158,0.20532038280981268,0.07335659131033073,0.35233786235945375,0.0,1.0,0.0,0.0,0.0,1.0,0.0,0.0,0.0,0.0,0.0,1.0,0.0,0.0,0.0,0.0,74.03
-0.5419113346545662,0.16738845086984686,0.3003656080031564,0.31044716193254807,0.21537650761543062,0.27724251200656275,1.0,0.0,0.0,0.0,0.0,1.0,0.0,0.0,0.0,0.0,0.0,1.0,0.0,0.0,0.0,0.0,66.82
-0.5419113346545662,0.3537121221273904,0.12015439563024127,0.31044716193254807,0.40756079216997565,0.2011006039471757,0.0,1.0,0.0,0.0,0.0,1.0,0.0,0.0,0.0,0.0,0.0,1.0,0.0,0.0,0.0,0.0,66.82
-0.5419113346545662,-0.9039726588610308,-0.7809016662343379,-1.0048924579001297,-1.0818674131277544,-0.9410280169436459,0.0,1.0,0.0,0.0,0.0,0.0,0.0,0.0,0.0,0.0,1.0,1.0,0.0,0.0,0.0,0.0,66.82
2.4594437495861117,-2.2082383576638422,-1.997327349751521,-2.132326417756714,-2.234973120455028,-2.159298545893858,0.0,1.0,0.0,0.0,0.0,0.0,0.0,0.0,0.0,0.0,1.0,1.0,0.0,0.0,0.0,0.0,80.54
-0.5419113346545662,-0.2518398094596269,-0.4204792414885075,-0.5351283079598871,-0.31313027490957085,-0.6364603847060946,0.0,1.0,0.0,0.0,0.0,1.0,0.0,0.0,0.0,0.0,0.0,1.0,0.0,0.0,0.0,0.0,66.82
-0.5419113346545662,2.030625163445289,1.9222665193593997,1.8136924417413254,1.945035068606343,1.7239387651349356,1.0,0.0,0.0,0.0,0.0,0.0,0.0,0.0,0.0,0.0,1.0,1.0,0.0,0.0,0.0,0.0,72.08
-0.5419113346545662,1.331911396229498,1.2014216698677358,1.296951876807058,1.4165282860813415,1.4955130409567714,0.0,1.0,0.0,0.0,0.0,1.0,0.0,0.0,0.0,0.0,0.0,0.0,0.0,0.0,0.0,1.0,58.64
2.4594437495861117,0.07422661524107345,-0.15016242292913312,-0.20629340300171936,0.02319222306088558,-0.10346702829037889,1.0,0.0,0.0,0.0,0.0,1.0,0.0,0.0,0.0,0.0,0.0,1.0,0.0,0.0,0.0,0.0,62.7
-0.5419113346545662,1.7511396565589716,1.4266856853338805,1.0150933868429117,1.4645743572199785,1.4955130409567714,1.0,0.0,0.0,0.0,0.0,0.0,0.0,0.0,0.0,0.0,1.0,1.0,0.0,0.0,0.0,0.0,72.08
-0.5419113346545662,-0.6710680697891007,-0.555637650768193,-0.629081137947937,-0.6974988440186609,-0.5603184766467075,0.0,1.0,0.0,0.0,0.0,0.0,0.0,0.0,0.0,0.0,1.0,1.0,0.0,0.0,0.0,0.0,66.82
-0.5419113346545662,0.30713120431300367,0.25531280490992686,0.357423576926573,0.16733043647679352,0.0488167878283984,0.0,1.0,0.0,0.0,0.0,0.0,0.0,0.0,0.0,0.0,1.0,1.0,0.0,0.0,0.0,0.0,66.82
0.9587662074657727,0.4468739577561638,0.21026000181669727,0.5923056518966943,0.3595147210313385,0.27724251200656275,1.0,0.0,0.0,0.0,0.0,1.0,0.0,0.0,0.0,0.0,0.0,1.0,0.0,0.0,0.0,0.0,73.08
0.9587662074657727,2.3058321353420608,2.2160143525957205,2.0709812619779235,2.1584244494023057,2.212920311828849,1.0,0.0,0.0,0.0,0.0,1.0,0.0,0.0,0.0,0.0,0.0,1.0,0.0,0.0,0.0,0.0,76.93
0.9587662074657727,1.4967468187335484,1.5668157816944401,1.4969317606954262,1.5765450471440816,1.3601533558220418,1.0,0.0,0.0,0.0,0.0,0.0,0.0,0.0,0.0,0.0,1.0,1.0,0.0,0.0,0.0,0.0,76.93
0.9587662074657727,-0.8829158771738472,-0.7517505429529929,-0.6557538691139331,-0.8479524622651928,-0.6554776311031343,0.0,1.0,0.0,0.0,0.0,1.0,0.0,0.0,0.0,0.0,0.0,1.0,0.0,0.0,0.0,0.0,78.31
-0.5419113346545662,0.027645697426690038,-0.10510961983590351,0.6392820668907192,0.07123829419952268,0.27724251200656275,0.0,1.0,0.0,0.0,0.0,1.0,0.0,0.0,0.0,0.0,0.0,1.0,0.0,0.0,0.0,0.0,75.71
-0.5419113346545662,0.8195213002712508,0.750893638935446,0.9681169718488869,0.7919293612790691,0.581810144244114,0.0,1.0,0.0,0.0,0.0,1.0,0.0,0.0,0.0,0.0,0.0,1.0,0.0,0.0,0.0,0.0,66.82
-0.5419113346545662,0.9126831359000243,0.9761576544015909,0.9681169718488869,0.9841136458336142,0.8863777764816687,1.0,0.0,0.0,0.0,0.0,1.0,0.0,0.0,0.0,0.0,0.0,1.0,0.0,0.0,0.0,0.0,66.82
2.4594437495861117,0.679778546828094,-0.10510961983590351,-0.11234057301366952,-0.9857752708504801,-0.027325120230988625,1.0,0.0,0.0,0.0,0.0,0.0,0.0,0.0,0.0,0.0,1.0,1.0,0.0,0.0,0.0,0.0,58.64
-0.5419113346545662,0.21396936868423355,0.16520719872347087,0.21649433194449821,0.21537650761543062,0.12495869588778542,1.0,0.0,0.0,0.0,0.0,0.0,0.0,0.0,0.0,0.0,1.0,1.0,0.0,0.0,0.0,0.0,66.82
-0.5419113346545662,0.5400357933849339,0.750893638935446,0.6862584818847407,0.7919293612790691,0.9625196845410557,1.0,0.0,0.0,0.0,0.0,0.0,0.0,0.0,0.0,0.0,1.0,0.0,0.0,0.0,1.0,0.0,72.08
0.9587662074657727,0.5400357933849339,0.16520719872347087,0.07556508696242682,0.4556068633086127,0.6579520523035044,0.0,1.0,0.0,0.0,0.0,1.0,0.0,0.0,0.0,0.0,0.0,1.0,0.0,0.0,0.0,0.0,33.59
0.9587662074657727,-0.8829158771738472,-1.0299785019106855,-1.0384535366355956,-0.8479524622651928,-0.7330018998310279,0.0,1.0,0.0,0.0,0.0,1.0,0.0,0.0,0.0,0.0,0.0,1.0,0.0,0.0,0.0,0.0,75.7
-0.5419113346545662,1.7977205743733584,1.6519497008000252,1.7667160267473005,1.4165282860813415,1.3432292248379973,1.0,0.0,0.0,0.0,0.0,1.0,0.0,0.0,0.0,0.0,0.0,1.0,0.0,0.0,0.0,0.0,80.54
-0.5419113346545662,-0.9505535766754176,-0.8710072724207971,-0.9109396279120832,-0.937729199711843,-0.8648861088842589,0.0,1.0,0.0,0.0,0.0,1.0,0.0,0.0,0.0,0.0,0.0,1.0,0.0,0.0,0.0,0.0,80.54
0.9587662074657727,1.0990068071575678,1.0212104574948204,1.2029990468190082,1.080205788110885,1.267087316778607,1.0,0.0,0.0,0.0,0.0,1.0,0.0,0.0,0.0,0.0,0.0,1.0,0.0,0.0,0.0,0.0,62.7
-0.5419113346545662,-0.2518398094596269,-0.6006904538614227,-0.01838774302562302,-0.3611763460482079,-0.40803466052793025,1.0,0.0,0.0,0.0,0.0,1.0,0.0,0.0,0.0,0.0,0.0,1.0,0.0,0.0,0.0,0.0,62.7
-0.5419113346545662,-0.6710680697891007,-0.6457432569546523,-0.7700103829300083,-0.6014067017413901,-0.5603184766467075,1.0,0.0,0.0,0.0,0.0,1.0,0.0,0.0,0.0,0.0,0.0,1.0,0.0,0.0,0.0,0.0,80.54
-0.5419113346545662,-1.3697818370048913,-1.0512184847937123,-1.1927981178762292,-1.2740516976822993,-1.2455956491812006,0.0,1.0,0.0,0.0,0.0,1.0,0.0,0.0,0.0,0.0,0.0,1.0,0.0,0.0,0.0,0.0,80.54
0.9587662074657727,-0.9505535766754176,-0.961112878607253,-1.1458217028822044,-0.9857752708504801,-1.0171699250030362,0.0,1.0,0.0,0.0,0.0,1.0,0.0,0.0,0.0,0.0,0.0,1.0,0.0,0.0,0.0,0.0,62.7
-0.5419113346545662,0.679778546828094,0.8860520482151316,0.6392820668907192,0.695837219001795,1.114803500659833,1.0,0.0,0.0,0.0,0.0,0.0,0.0,0.0,0.0,0.0,1.0,0.0,0.0,1.0,0.0,0.0,72.08
-0.5419113346545662,0.6331976290137074,0.5256296234693012,0.8741641418608405,0.936067574694977,0.8102358684222783,1.0,0.0,0.0,0.0,0.0,1.0,0.0,0.0,0.0,0.0,0.0,1.0,0.0,0.0,0.0,0.0,33.59
-0.5419113346545662,-0.8108108232322608,-0.9160600755140267,-0.7700103829300083,-0.8896831285732059,-0.7887442008248718,1.0,0.0,0.0,0.0,0.0,1.0,0.0,0.0,0.0,0.0,0.0,1.0,0.0,0.0,0.0,0.0,62.7
-0.5419113346545662,-0.5313253163459439,-0.6006904538614227,-0.582104722953912,-0.21703813263229657,-0.40803466052793025,0.0,1.0,0.0,0.0,0.0,1.0,0.0,0.0,0.0,0.0,0.0,1.0,0.0,0.0,0.0,0.0,33.59
-0.5419113346545662,-1.5095245904480514,-1.6819577280989169,-1.3807037778523257,-1.6103741956527522,-1.0933118330624232,0.0,1.0,0.0,0.0,0.0,1.0,0.0,0.0,0.0,0.0,0.0,1.0,0.0,0.0,0.0,0.0,75.71
2.4594437495861117,-0.43816348071717043,-0.5105848476749635,-0.6760575529419619,-0.45726848832547873,-0.7126022927654816,0.0,1.0,0.0,0.0,0.0,0.0,0.0,0.0,0.0,0.0,1.0,1.0,0.0,0.0,0.0,0.0,66.82
0.9587662074657727,0.4468739577561638,0.16520719872347087,0.4513764069146195,0.40756079216997565,0.6579520523035044,1.0,0.0,0.0,0.0,0.0,0.0,0.0,0.0,0.0,0.0,1.0,1.0,0.0,0.0,0.0,0.0,66.82
-0.5419113346545662,1.052425889343181,0.8409992451219053,1.3909047067951046,0.7919293612790691,1.114803500659833,1.0,0.0,0.0,0.0,0.0,1.0,0.0,0.0,0.0,0.0,0.0,1.0,0.0,0.0,0.0,0.0,80.54
-0.5419113346545662,-0.7877293693375534,-0.7053792164600436,-0.7992662444345557,-0.750972561888824,-0.6554776311031343,1.0,0.0,0.0,0.0,0.0,1.0,0.0,0.0,0.0,0.0,0.0,1.0,0.0,0.0,0.0,0.0,75.7
-0.5419113346545662,-0.2518398094596269,-0.33037363530204833,-0.582104722953912,-0.4092224171868416,-0.7126022927654816,0.0,1.0,0.0,0.0,0.0,0.0,0.0,0.0,0.0,1.0,0.0,1.0,0.0,0.0,0.0,0.0,75.71
0.9587662074657727,-0.026237306647186202,0.03656200742713555,-0.1295418262716446,-0.21758310981878287,0.04224078744788897,0.0,1.0,0.0,0.0,0.0,1.0,0.0,0.0,0.0,0.0,0.0,1.0,0.0,0.0,0.0,0.0,74.03
-0.5419113346545662,1.052425889343181,0.8860520482151316,1.1560226318249833,1.0321597169722514,1.3432292248379973,0.0,1.0,0.0,0.0,0.0,1.0,0.0,0.0,0.0,0.0,0.0,1.0,0.0,0.0,0.0,0.0,73.08
-0.5419113346545662,0.3537121221273904,0.07510159253701168,0.12254150195645173,0.07123829419952268,-0.40803466052793025,1.0,0.0,0.0,0.0,0.0,0.0,0.0,0.0,0.0,0.0,1.0,1.0,0.0,0.0,0.0,0.0,66.82
0.9587662074657727,1.0990068071575678,1.0212104574948204,1.0150933868429117,1.1282518592495223,0.8102358684222783,0.0,1.0,0.0,0.0,0.0,0.0,0.0,0.0,0.0,0.0,1.0,1.0,0.0,0.0,0.0,0.0,72.08
-0.5419113346545662,0.16738845086984686,-0.19521522602236271,-0.15931698800769445,0.11928436533815638,0.0488167878283984,1.0,0.0,0.0,0.0,0.0,1.0,0.0,0.0,0.0,0.0,0.0,1.0,0.0,0.0,0.0,0.0,75.71
-0.5419113346545662,0.7828480099613296,0.5930179253425175,0.4445076750108526,0.7037259437567407,0.6624349372710185,0.0,1.0,0.0,0.0,0.0,1.0,0.0,0.0,0.0,0.0,0.0,0.0,0.0,0.0,0.0,1.0,65.57
0.9587662074657727,1.3539670569791027,1.2885878227367475,1.3534193853748038,1.2856053460149681,1.2826290870941515,1.0,0.0,0.0,0.0,0.0,1.0,0.0,0.0,0.0,0.0,0.0,1.0,0.0,0.0,0.0,0.0,74.03
0.9587662074657727,-0.9039726588610308,-0.8710072724207971,-0.8639632129180582,-0.937729199711843,-0.7126022927654816,0.0,1.0,0.0,0.0,0.0,1.0,0.0,0.0,0.0,0.0,0.0,1.0,0.0,0.0,0.0,0.0,80.54
-0.5419113346545662,-2.0219146864062987,-1.9522745466582914,-1.9913971727746396,-2.090834907039117,-1.7785890055969162,0.0,1.0,0.0,0.0,0.0,1.0,0.0,0.0,0.0,0.0,0.0,1.0,0.0,0.0,0.0,0.0,75.71
0.9587662074657727,1.052425889343181,1.0662632605880502,1.0150933868429117,0.8880215035563399,0.8102358684222783,1.0,0.0,0.0,0.0,0.0,1.0,0.0,0.0,0.0,0.0,0.0,1.0,0.0,0.0,0.0,0.0,66.82
0.9587662074657727,-0.7642299054178741,-0.8259544693275674,-0.9109396279120832,-0.745544915157298,-0.3318927524685432,0.0,1.0,0.0,0.0,0.0,0.0,0.0,0.0,0.0,1.0,0.0,1.0,0.0,0.0,0.0,0.0,66.82
-0.5419113346545662,-0.1690170684016286,-0.3344086045164557,-0.3687291184726845,-0.363052960383338,-0.11280775000789507,1.0,0.0,0.0,0.0,0.0,0.0,0.0,0.0,0.0,0.0,1.0,1.0,0.0,0.0,0.0,0.0,74.03
-0.5419113346545662,-0.9971344944898043,-0.9160600755140267,-0.9109396279120832,-0.9857752708504801,-1.2455956491812006,0.0,1.0,0.0,0.0,0.0,0.0,0.0,0.0,0.0,0.0,1.0,1.0,0.0,0.0,0.0,0.0,66.82
0.9587662074657727,-0.9039726588610308,-0.8710072724207971,-0.34722264798379077,-0.6014067017413901,-0.40803466052793025,0.0,1.0,0.0,0.0,0.0,1.0,0.0,0.0,0.0,0.0,0.0,1.0,0.0,0.0,0.0,0.0,75.71
-0.5419113346545662,-1.2300390835617345,-1.1863768940733979,-1.4276801928463505,-1.3701438399595702,-1.3217375572405876,1.0,0.0,0.0,0.0,0.0,0.0,0.0,0.0,0.0,0.0,1.0,1.0,0.0,0.0,0.0,0.0,66.82
-0.5419113346545662,0.3537121221273904,0.750893638935446,0.357423576926573,0.3595147210313385,0.505668236184727,1.0,0.0,0.0,0.0,0.0,0.0,0.0,0.0,0.0,0.0,1.0,1.0,0.0,0.0,0.0,0.0,72.08
-0.5419113346545662,0.07422661524107345,0.07510159253701168,0.0285886719684019,0.11928436533815638,-0.25575084440915297,1.0,0.0,0.0,0.0,0.0,0.0,0.0,0.0,0.0,0.0,1.0,1.0,0.0,0.0,0.0,0.0,66.82
-0.5419113346545662,-0.29842072727401364,-0.4204792414885075,-0.15931698800769445,0.02319222306088558,-0.4841765685873173,1.0,0.0,0.0,0.0,0.0,1.0,0.0,0.0,0.0,0.0,0.0,1.0,0.0,0.0,0.0,0.0,80.54
-0.5419113346545662,-0.06551613820208338,-0.19521522602236271,0.07556508696242682,-0.07289991921638865,-0.17960893634976594,1.0,0.0,0.0,0.0,0.0,1.0,0.0,0.0,0.0,0.0,0.0,1.0,0.0,0.0,0.0,0.0,80.54
0.9587662074657727,0.30713120431300367,0.12015439563024127,-0.0653641580196446,0.02319222306088558,0.2011006039471757,0.0,1.0,0.0,0.0,0.0,1.0,0.0,0.0,0.0,0.0,0.0,1.0,0.0,0.0,0.0,0.0,73.08
-0.5419113346545662,-1.416362754819278,-1.5467993188192313,-1.239774532870251,-1.2740516976822993,-1.5501632814187518,0.0,1.0,0.0,0.0,0.0,1.0,0.0,0.0,0.0,0.0,0.0,1.0,0.0,0.0,0.0,0.0,80.54
-0.5419113346545662,-0.7642299054178741,-0.7809016662343379,-0.7700103829300083,-0.8896831285732059,-0.9410280169436459,1.0,0.0,0.0,0.0,0.0,1.0,0.0,0.0,0.0,0.0,0.0,1.0,0.0,0.0,0.0,0.0,66.82
-0.5419113346545662,1.052425889343181,0.9311048513083612,1.0620698018369368,1.0321597169722514,0.8102358684222783,1.0,0.0,0.0,0.0,0.0,0.0,0.0,0.0,0.0,0.0,1.0,0.0,0.0,0.0,1.0,0.0,66.82
-0.5419113346545662,0.40029303994177706,0.39047121418961567,0.4043999919205979,0.40756079216997565,0.581810144244114,1.0,0.0,0.0,0.0,0.0,1.0,0.0,0.0,0.0,0.0,0.0,1.0,0.0,0.0,0.0,0.0,80.54
-0.5419113346545662,-0.8353226232556987,-0.7981218694459423,-0.8471037028747643,-0.896442412453379,-0.7330018998310279,1.0,0.0,0.0,0.0,0.0,1.0,0.0,0.0,0.0,0.0,0.0,1.0,0.0,0.0,0.0,0.0,74.03
-0.5419113346545662,0.9126831359000243,1.1113160636812764,0.6392820668907192,0.743883290140432,1.19094540871922,0.0,1.0,0.0,0.0,0.0,0.0,0.0,0.0,0.0,0.0,1.0,0.0,1.0,0.0,0.0,0.0,72.08
-0.5419113346545662,1.5182350674870415,1.3365800791474214,1.296951876807058,1.4645743572199785,1.4193711328973844,1.0,0.0,0.0,0.0,0.0,0.0,0.0,0.0,0.0,0.0,1.0,1.0,0.0,0.0,0.0,0.0,72.08
-0.5419113346545662,-0.2518398094596269,-0.3754264383952779,-0.0653641580196446,0.3595147210313385,0.0488167878283984,1.0,0.0,0.0,0.0,0.0,1.0,0.0,0.0,0.0,0.0,0.0,1.0,0.0,0.0,0.0,0.0,80.54
-0.5419113346545662,1.9250861039968787,1.891415067145082,1.9274688866573009,1.5280550969558955,1.67025043073361,0.0,1.0,0.0,0.0,0.0,1.0,0.0,0.0,0.0,0.0,0.0,1.0,0.0,0.0,0.0,0.0,75.7
0.9587662074657727,1.5182350674870415,1.7420553069864846,1.4378811217891294,1.3684822149427043,1.267087316778607,1.0,0.0,0.0,1.0,0.0,0.0,0.0,0.0,0.0,0.0,0.0,1.0,0.0,0.0,0.0,0.0,72.08
-0.5419113346545662,1.6113969031158148,1.9222665193593997,1.860668856735347,1.6567586417745237,1.4193711328973844,1.0,0.0,0.0,0.0,0.0,0.0,0.0,0.0,0.0,0.0,1.0,1.0,0.0,0.0,0.0,0.0,66.82
-0.5419113346545662,-0.39545355315964664,-0.10510961983590351,-0.34722264798379077,-0.5053145594641159,-0.6364603847060946,1.0,0.0,0.0,0.0,0.0,0.0,0.0,0.0,0.0,0.0,1.0,1.0,0.0,0.0,0.0,0.0,66.82
-0.5419113346545662,1.984044245630902,2.2826889441052303,2.1425273466994934,2.089173282022251,2.4092159376694284,1.0,0.0,0.0,0.0,0.0,0.0,0.0,0.0,0.0,0.0,1.0,1.0,0.0,0.0,0.0,0.0,72.08
0.9587662074657727,0.4496952325342929,0.45390394586367283,0.25315784125002133,0.4127862426276305,0.5849106685431281,1.0,0.0,0.0,0.0,0.0,0.0,0.0,0.0,0.0,0.0,1.0,1.0,0.0,0.0,0.0,0.0,65.57
0.9587662074657727,-0.45457659191051675,-0.6590078899670944,-0.7035913275541383,-0.41154291057152415,-0.19033201873578545,0.0,1.0,0.0,0.0,0.0,1.0,0.0,0.0,0.0,0.0,0.0,1.0,0.0,0.0,0.0,0.0,78.17
-0.5419113346545662,-1.183458165747348,-1.2314296971666274,-1.239774532870251,-1.177959555405025,-1.2455956491812006,0.0,1.0,0.0,0.0,0.0,0.0,0.0,0.0,0.0,0.0,1.0,1.0,0.0,0.0,0.0,0.0,66.82
-0.5419113346545662,0.12080753305546015,0.12015439563024127,0.31044716193254807,0.02319222306088558,-0.17960893634976594,0.0,1.0,0.0,0.0,0.0,1.0,0.0,0.0,0.0,0.0,0.0,1.0,0.0,0.0,0.0,0.0,80.54
0.9587662074657727,0.4972884864524415,0.31478996638482487,0.4923451334510613,0.267316392063072,-0.19033201873578545,0.0,1.0,0.0,0.0,0.0,1.0,0.0,0.0,0.0,0.0,0.0,1.0,0.0,0.0,0.0,0.0,65.57
-0.5419113346545662,0.7263594646424807,1.0212104574948204,0.8271877268668155,0.936067574694977,1.114803500659833,0.0,1.0,0.0,0.0,0.0,0.0,0.0,0.0,0.0,0.0,1.0,0.0,0.0,1.0,0.0,0.0,66.82
-0.5419113346545662,0.5400357933849339,0.3003656080031564,0.5453292369026693,0.551699005585887,0.2011006039471757,1.0,0.0,0.0,0.0,0.0,1.0,0.0,0.0,0.0,0.0,0.0,1.0,0.0,0.0,0.0,0.0,66.82
-0.5419113346545662,-0.6710680697891007,-0.6006904538614227,-0.582104722953912,-0.6494527728800238,0.27724251200656275,0.0,1.0,0.0,0.0,0.0,1.0,0.0,0.0,0.0,0.0,0.0,1.0,0.0,0.0,0.0,0.0,66.82
-0.5419113346545662,1.0990068071575678,0.9311048513083612,1.0150933868429117,1.3204361438040673,0.581810144244114,1.0,0.0,0.0,0.0,0.0,0.0,0.0,0.0,0.0,0.0,1.0,1.0,0.0,0.0,0.0,0.0,66.82
0.9587662074657727,-1.3697818370048913,-1.3665881064463161,-1.3807037778523257,-1.3220977688209365,-1.1694537411218102,0.0,1.0,0.0,0.0,0.0,1.0,0.0,0.0,0.0,0.0,0.0,1.0,0.0,0.0,0.0,0.0,80.54
-0.5419113346545662,0.8304412638794783,0.5930179253425175,0.6836949672118926,0.8007058441331131,0.5849106685431281,0.0,1.0,0.0,0.0,0.0,1.0,0.0,0.0,0.0,0.0,0.0,1.0,0.0,0.0,0.0,0.0,65.57
-0.5419113346545662,-0.01893522038769667,-0.19521522602236271,-0.3002462329897659,-0.21703813263229657,0.581810144244114,0.0,1.0,0.0,0.0,0.0,1.0,0.0,0.0,0.0,0.0,0.0,1.0,0.0,0.0,0.0,0.0,58.64
-0.5419113346545662,-1.4629436726336649,-1.4116409095395426,-1.3807037778523257,-1.177959555405025,-1.1694537411218102,0.0,1.0,0.0,0.0,0.0,0.0,0.0,0.0,0.0,0.0,1.0,1.0,0.0,0.0,0.0,0.0,66.82
-0.5419113346545662,-0.48474439853155715,-0.4204792414885075,-0.3941990629778157,-0.45726848832547873,-0.5603184766467075,0.0,1.0,0.0,0.0,0.0,1.0,0.0,0.0,0.0,0.0,0.0,1.0,0.0,0.0,0.0,0.0,62.7
-0.5419113346545662,-0.9971344944898043,-1.0512184847937123,-0.9579160429061081,-0.745544915157298,-0.8648861088842589,1.0,0.0,0.0,0.0,0.0,0.0,0.0,0.0,0.0,0.0,1.0,1.0,0.0,0.0,0.0,0.0,66.82
0.9587662074657727,0.3537121221273904,0.25531280490992686,0.2634707469385231,0.3595147210313385,-0.3318927524685432,0.0,1.0,0.0,0.0,0.0,1.0,0.0,0.0,0.0,0.0,0.0,1.0,0.0,0.0,0.0,0.0,66.82
-0.5419113346545662,1.1455877249719546,1.0662632605880502,1.0150933868429117,1.2243440015267966,1.19094540871922,1.0,0.0,0.0,0.0,0.0,0.0,0.0,0.0,0.0,0.0,1.0,1.0,0.0,0.0,0.0,0.0,72.08
0.9587662074657727,1.6113969031158148,1.6519497008000252,1.6727631967592507,1.6567586417745237,1.7239387651349356,0.0,1.0,0.0,0.0,0.0,0.0,0.0,0.0,0.0,0.0,1.0,1.0,0.0,0.0,0.0,0.0,72.08
-0.5419113346545662,-0.9039726588610308,-0.8259544693275674,-0.9109396279120832,-0.8896831285732059,-0.9410280169436459,0.0,1.0,0.0,0.0,0.0,0.0,0.0,0.0,0.0,0.0,1.0,0.0,0.0,1.0,0.0,0.0,66.82
-0.5419113346545662,-0.2052588916452402,-0.2853208322088187,-0.34722264798379077,-0.31313027490957085,-0.027325120230988625,1.0,0.0,0.0,0.0,0.0,1.0,0.0,0.0,0.0,0.0,0.0,1.0,0.0,0.0,0.0,0.0,62.7
-0.5419113346545662,-0.39158256290278703,-0.7358488631411083,-0.0653641580196446,-0.3611763460482079,-0.5603184766467075,0.0,1.0,0.0,0.0,0.0,1.0,0.0,0.0,0.0,0.0,0.0,1.0,0.0,0.0,0.0,0.0,73.08
-0.5419113346545662,-0.8108108232322608,-0.961112878607253,-0.7230339679359868,-0.8416370574345722,-1.2455956491812006,0.0,1.0,0.0,0.0,0.0,1.0,0.0,0.0,0.0,0.0,0.0,1.0,0.0,0.0,0.0,0.0,66.82
-0.5419113346545662,0.4496952325342929,0.45390394586367283,0.39667021657064394,0.5582560931921856,0.4298621310873441,0.0,1.0,0.0,0.0,0.0,0.0,0.0,0.0,0.0,0.0,1.0,1.0,0.0,0.0,0.0,0.0,75.7
-0.5419113346545662,-1.8821719329631386,-1.6819577280989169,-1.7095386828104935,-1.7545124090686637,-1.3978794652999746,0.0,1.0,0.0,0.0,0.0,1.0,0.0,0.0,0.0,0.0,0.0,1.0,0.0,0.0,0.0,0.0,73.08
-0.5419113346545662,-0.7642299054178741,-0.7358488631411083,-0.7700103829300083,-0.9857752708504801,-0.5603184766467075,1.0,0.0,0.0,0.0,0.0,1.0,0.0,0.0,0.0,0.0,0.0,0.0,0.0,0.0,0.0,1.0,80.54
0.9587662074657727,0.4468739577561638,0.48057682037607163,0.357423576926573,0.31146864989270484,0.581810144244114,1.0,0.0,0.0,0.0,0.0,1.0,0.0,0.0,0.0,0.0,0.0,1.0,0.0,0.0,0.0,0.0,72.08
-2.0425888767749054,-0.2052588916452402,-0.7358488631411083,-0.3941990629778157,0.02319222306088558,-0.40803466052793025,1.0,0.0,0.0,0.0,0.0,1.0,0.0,0.0,0.0,0.0,0.0,1.0,0.0,0.0,0.0,0.0,62.7
-0.5419113346545662,2.0772060812596758,2.1925833379187742,2.1895037616935182,1.99308113974498,1.876222581253713,0.0,1.0,0.0,0.0,0.0,0.0,0.0,0.0,0.0,0.0,1.0,1.0,0.0,0.0,0.0,0.0,72.08
-0.5419113346545662,1.052425889343181,0.9311048513083612,1.0150933868429117,0.936067574694977,1.0386615926004428,1.0,0.0,0.0,0.0,0.0,0.0,0.0,0.0,0.0,0.0,1.0,1.0,0.0,0.0,0.0,0.0,66.82
2.4594437495861117,0.027645697426690038,-0.015004013649447524,0.07556508696242682,-0.024853848077751532,0.27724251200656275,0.0,1.0,0.0,0.0,0.0,0.0,0.0,0.0,0.0,0.0,1.0,0.0,0.0,0.0,0.0,1.0,62.7
-0.5419113346545662,-0.39158256290278703,-0.4655320445817371,-0.3002462329897659,-0.6494527728800238,0.12495869588778542,1.0,0.0,0.0,0.0,0.0,1.0,0.0,0.0,0.0,0.0,0.0,1.0,0.0,0.0,0.0,0.0,80.54
0.9587662074657727,0.40210197861614433,0.31478996638482487,0.3009952996902266,0.2188264418748858,0.4298621310873441,1.0,0.0,0.0,0.0,0.0,1.0,0.0,0.0,0.0,0.0,0.0,1.0,0.0,0.0,0.0,0.0,74.03
-0.5419113346545662,-1.5561055082624382,-1.5918521219124608,-1.4746566078403722,-1.5623281245141185,-1.3978794652999746,0.0,1.0,0.0,0.0,0.0,1.0,0.0,0.0,0.0,0.0,0.0,1.0,0.0,0.0,0.0,0.0,80.54
-0.5419113346545662,-1.8821719329631386,-1.7720633342853762,-1.8034915127985431,-1.8506045513459344,-2.0070147297750807,0.0,1.0,0.0,0.0,0.0,1.0,0.0,0.0,0.0,0.0,0.0,1.0,0.0,0.0,0.0,0.0,80.54
0.9587662074657727,1.7977205743733584,1.7871081100797108,1.6257867817652258,1.7048047129131607,1.5716549490161615,1.0,0.0,0.0,0.0,0.0,0.0,0.0,0.0,0.0,0.0,1.0,1.0,0.0,0.0,0.0,0.0,72.08
-0.5419113346545662,-1.4629436726336649,-1.4566937126327721,-1.7095386828104935,-1.177959555405025,-1.6263051894781388,1.0,0.0,0.0,0.0,0.0,1.0,0.0,0.0,0.0,0.0,0.0,1.0,0.0,0.0,0.0,0.0,62.7
-0.5419113346545662,-0.8573917410466475,-0.8710072724207971,-0.9109396279120832,-0.7935909862959352,-0.3318927524685432,1.0,0.0,0.0,0.0,0.0,1.0,0.0,0.0,0.0,0.0,0.0,1.0,0.0,0.0,0.0,0.0,75.71
-0.5419113346545662,-0.8573917410466475,-0.9160600755140267,-0.6760575529419619,-0.6014067017413901,-0.7887442008248718,1.0,0.0,0.0,0.0,0.0,1.0,0.0,0.0,0.0,0.0,0.0,1.0,0.0,0.0,0.0,0.0,80.54
0.9587662074657727,-0.022806210644556263,0.3003656080031564,0.07556508696242682,-0.2650842037709337,-0.3318927524685432,1.0,0.0,0.0,0.0,0.0,0.0,0.0,0.0,0.0,1.0,0.0,1.0,0.0,0.0,0.0,0.0,66.82
-0.5419113346545662,1.704558738744585,1.7871081100797108,1.6257867817652258,1.7528507840517977,1.6477968570755486,1.0,0.0,0.0,0.0,0.0,0.0,0.0,0.0,0.0,0.0,1.0,1.0,0.0,0.0,0.0,0.0,72.08
-0.5419113346545662,-1.596814685946066,-1.4936917668401721,-1.3254782872768442,-1.381341914335234,-1.2756717809262672,0.0,1.0,0.0,0.0,0.0,1.0,0.0,0.0,0.0,0.0,0.0,1.0,0.0,0.0,0.0,0.0,74.03
-0.5419113346545662,-1.5095245904480514,-1.5467993188192313,-1.521633022834397,-1.7545124090686637,-1.0171699250030362,1.0,0.0,0.0,0.0,0.0,1.0,0.0,0.0,0.0,0.0,0.0,1.0,0.0,0.0,0.0,0.0,33.59
0.9587662074657727,-0.0738305605653348,0.03656200742713555,-0.0817043678314359,0.1703364916867031,0.35233786235945375,0.0,1.0,0.0,0.0,0.0,1.0,0.0,0.0,0.0,0.0,0.0,0.0,0.0,1.0,0.0,0.0,74.03
-0.5419113346545662,-0.5313253163459439,-0.961112878607253,-1.1458217028822044,-0.8416370574345722,-0.4841765685873173,0.0,1.0,0.0,0.0,0.0,1.0,0.0,0.0,0.0,0.0,0.0,0.0,0.0,0.0,0.0,1.0,62.7
-0.5419113346545662,-0.01893522038769667,-0.10510961983590351,-0.0653641580196446,-0.07289991921638865,-0.6364603847060946,1.0,0.0,0.0,0.0,0.0,1.0,0.0,0.0,0.0,0.0,0.0,1.0,0.0,0.0,0.0,0.0,66.82
-0.5419113346545662,1.2387495606007246,1.2014216698677358,1.2029990468190082,1.4645743572199785,1.114803500659833,1.0,0.0,0.0,0.0,0.0,0.0,0.0,0.0,0.0,0.0,1.0,1.0,0.0,0.0,0.0,0.0,62.7
-0.5419113346545662,0.7263594646424807,0.48057682037607163,0.4513764069146195,0.6477911478631578,0.505668236184727,1.0,0.0,0.0,0.0,0.0,0.0,0.0,0.0,0.0,0.0,1.0,0.0,0.0,0.0,1.0,0.0,72.08
-0.5419113346545662,0.5400357933849339,0.7058408358422165,0.5923056518966943,0.6477911478631578,0.42952632812534003,1.0,0.0,0.0,0.0,0.0,1.0,0.0,0.0,0.0,0.0,0.0,1.0,0.0,0.0,0.0,0.0,33.59
0.9587662074657727,-1.2300390835617345,-1.2314296971666274,-1.239774532870251,-1.3220977688209365,-1.4740213733593648,0.0,1.0,0.0,0.0,0.0,1.0,0.0,0.0,0.0,0.0,0.0,1.0,0.0,0.0,0.0,0.0,73.08
0.9587662074657727,0.12080753305546015,0.16520719872347087,0.5923056518966943,0.2634225787540677,0.2011006039471757,1.0,0.0,0.0,0.0,0.0,1.0,0.0,0.0,0.0,0.0,0.0,1.0,0.0,0.0,0.0,0.0,66.82
-0.5419113346545662,1.331911396229498,1.156368866774506,1.1090462168309616,1.3684822149427043,1.4955130409567714,1.0,0.0,0.0,0.0,0.0,1.0,0.0,0.0,0.0,0.0,0.0,1.0,0.0,0.0,0.0,0.0,73.08
-0.5419113346545662,1.2853304784151114,1.3365800791474214,1.3439282918010829,1.1762979303881593,1.19094540871922,1.0,0.0,0.0,0.0,0.0,1.0,0.0,0.0,0.0,0.0,0.0,1.0,0.0,0.0,0.0,0.0,80.54
-0.5419113346545662,-0.39158256290278703,-0.3754264383952779,-0.3941990629778157,-0.3611763460482079,0.12495869588778542,0.0,1.0,0.0,0.0,0.0,1.0,0.0,0.0,0.0,0.0,0.0,0.0,1.0,0.0,0.0,0.0,62.7
0.9587662074657727,-0.2518398094596269,-0.5105848476749635,-0.3002462329897659,-0.553360630602753,-0.17960893634976594,1.0,0.0,0.0,0.0,0.0,0.0,0.0,0.0,0.0,0.0,1.0,1.0,0.0,0.0,0.0,0.0,80.54
0.9587662074657727,0.30713120431300367,0.030048789443782073,0.12254150195645173,0.11928436533815638,-0.25575084440915297,1.0,0.0,0.0,0.0,0.0,1.0,0.0,0.0,0.0,0.0,0.0,1.0,0.0,0.0,0.0,0.0,80.54
-0.5419113346545662,0.7263594646424807,0.34541841109638605,0.4043999919205979,0.695837219001795,0.2011006039471757,0.0,1.0,0.0,0.0,0.0,0.0,0.0,0.0,0.0,0.0,1.0,0.0,1.0,0.0,0.0,0.0,66.82
-0.5419113346545662,-0.9971344944898043,-1.0962712878869418,-1.1458217028822044,-1.129913484266388,-1.2455956491812006,0.0,1.0,0.0,0.0,0.0,1.0,0.0,0.0,0.0,0.0,0.0,1.0,0.0,0.0,0.0,0.0,66.82
-0.5419113346545662,-0.43816348071717043,-0.3754264383952779,-0.629081137947937,-0.3611763460482079,0.0488167878283984,0.0,1.0,0.0,0.0,0.0,1.0,0.0,0.0,0.0,0.0,0.0,1.0,0.0,0.0,0.0,0.0,58.64
-0.5419113346545662,-0.9039726588610308,-0.961112878607253,-0.7230339679359868,-0.9857752708504801,-1.0171699250030362,0.0,1.0,0.0,0.0,0.0,1.0,0.0,0.0,0.0,0.0,0.0,1.0,0.0,0.0,0.0,0.0,62.7
3.9601212917064506,-0.8573917410466475,-0.9160600755140267,-0.6760575529419619,-0.7935909862959352,-1.3978794652999746,1.0,0.0,0.0,0.0,0.0,1.0,0.0,0.0,0.0,0.0,0.0,0.0,0.0,1.0,0.0,0.0,66.82
-0.5419113346545662,0.7828480099613296,0.6393892518354668,0.6836949672118926,0.7522158939449268,0.5849106685431281,1.0,0.0,0.0,0.0,0.0,1.0,0.0,0.0,0.0,0.0,0.0,1.0,0.0,0.0,0.0,0.0,75.7
-0.5419113346545662,-0.6710680697891007,-0.9160600755140267,-1.0048924579001297,-0.6014067017413901,-0.7126022927654816,1.0,0.0,0.0,0.0,0.0,1.0,0.0,0.0,0.0,0.0,0.0,1.0,0.0,0.0,0.0,0.0,80.54
-0.5419113346545662,-0.6244871519747173,-0.5105848476749635,-0.9109396279120832,-0.745544915157298,-0.7887442008248718,1.0,0.0,0.0,0.0,0.0,0.0,0.0,0.0,0.0,0.0,1.0,1.0,0.0,0.0,0.0,0.0,66.82
-0.5419113346545662,-0.7176489876034874,-0.6457432569546523,-0.629081137947937,-0.745544915157298,-0.6364603847060946,0.0,1.0,0.0,0.0,0.0,1.0,0.0,0.0,0.0,0.0,0.0,1.0,0.0,0.0,0.0,0.0,73.08
-0.5419113346545662,0.16738845086984686,0.16520719872347087,0.2634707469385231,0.16733043647679352,-0.027325120230988625,1.0,0.0,0.0,0.0,0.0,0.0,0.0,0.0,0.0,0.0,1.0,1.0,0.0,0.0,0.0,0.0,66.82
0.9587662074657727,1.0990068071575678,0.8860520482151316,0.7802113118727906,1.0321597169722514,0.581810144244114,0.0,1.0,0.0,0.0,0.0,0.0,0.0,0.0,0.0,0.0,1.0,1.0,0.0,0.0,0.0,0.0,66.82
-0.5419113346545662,0.6331976290137074,0.6157352296557604,0.8271877268668155,0.5036529344472499,0.6579520523035044,0.0,1.0,0.0,0.0,0.0,1.0,0.0,0.0,0.0,0.0,0.0,1.0,0.0,0.0,0.0,0.0,80.54
-0.5419113346545662,0.16738845086984686,0.16520719872347087,0.4043999919205979,0.2634225787540677,0.505668236184727,0.0,1.0,0.0,0.0,0.0,1.0,0.0,0.0,0.0,0.0,0.0,1.0,0.0,0.0,0.0,0.0,62.7
-0.5419113346545662,-1.3697818370048913,-1.1413240909801714,-1.2867509478642758,-1.177959555405025,-1.3217375572405876,0.0,1.0,0.0,0.0,0.0,1.0,0.0,0.0,0.0,0.0,0.0,1.0,0.0,0.0,0.0,0.0,62.7
0.9587662074657727,1.2387495606007246,1.381632882240651,1.0150933868429117,1.080205788110885,1.19094540871922,0.0,1.0,0.0,0.0,0.0,0.0,0.0,0.0,0.0,0.0,1.0,1.0,0.0,0.0,0.0,0.0,66.82
0.9587662074657727,-0.2052588916452402,-0.33037363530204833,-0.11234057301366952,-0.2650842037709337,-0.3318927524685432,0.0,1.0,0.0,0.0,0.0,1.0,0.0,0.0,0.0,0.0,0.0,1.0,0.0,0.0,0.0,0.0,80.54
-0.5419113346545662,-1.695848261705595,-1.5918521219124608,-1.5686094378284219,-1.7064663379300264,-1.5501632814187518,0.0,1.0,0.0,0.0,0.0,1.0,0.0,0.0,0.0,0.0,0.0,1.0,0.0,0.0,0.0,0.0,80.54
-0.5419113346545662,1.7511396565589716,1.6519497008000252,1.7197396117532755,1.6567586417745237,1.9523644893131,0.0,1.0,0.0,0.0,0.0,0.0,0.0,0.0,0.0,0.0,1.0,1.0,0.0,0.0,0.0,0.0,72.08
-0.5419113346545662,-0.7642299054178741,-0.6457432569546523,-0.5351283079598871,-0.8416370574345722,-1.0171699250030362,0.0,1.0,0.0,0.0,0.0,1.0,0.0,0.0,0.0,0.0,0.0,1.0,0.0,0.0,0.0,0.0,62.7
0.9587662074657727,0.12080753305546015,0.21026000181669727,0.4043999919205979,0.11928436533815638,0.3533844200659498,0.0,1.0,0.0,0.0,0.0,0.0,0.0,0.0,0.0,0.0,1.0,1.0,0.0,0.0,0.0,0.0,72.08
-0.5419113346545662,-1.4629436726336649,-1.5467993188192313,-1.4276801928463505,-1.2260056265436623,-1.4740213733593648,0.0,1.0,0.0,0.0,0.0,0.0,0.0,0.0,0.0,0.0,1.0,1.0,0.0,0.0,0.0,0.0,66.82
0.9587662074657727,-0.1586779738308568,-0.6006904538614227,-0.3002462329897659,0.02319222306088558,-0.5603184766467075,0.0,1.0,0.0,0.0,0.0,1.0,0.0,0.0,0.0,0.0,0.0,1.0,0.0,0.0,0.0,0.0,66.82
2.4594437495861117,1.2853304784151114,-0.6006904538614227,0.6862584818847407,-0.553360630602753,1.7239387651349356,0.0,1.0,0.0,0.0,0.0,0.0,0.0,0.0,0.0,0.0,1.0,1.0,0.0,0.0,0.0,0.0,58.64
-0.5419113346545662,-1.5095245904480514,-1.3665881064463161,-1.3807037778523257,-1.3220977688209365,-1.0171699250030362,0.0,1.0,0.0,0.0,0.0,1.0,0.0,0.0,0.0,0.0,0.0,1.0,0.0,0.0,0.0,0.0,75.71
-2.0425888767749054,-0.8108108232322608,-0.8710072724207971,-0.8169867979240333,-0.745544915157298,-0.40803466052793025,1.0,0.0,0.0,0.0,0.0,1.0,0.0,0.0,0.0,0.0,0.0,1.0,0.0,0.0,0.0,0.0,66.82
-0.5419113346545662,-1.695848261705595,-1.4116409095395426,-1.5686094378284219,-1.7064663379300264,-1.4740213733593648,0.0,1.0,0.0,0.0,0.0,1.0,0.0,0.0,0.0,0.0,0.0,1.0,0.0,0.0,0.0,0.0,80.54
0.9587662074657727,-0.39545355315964664,-0.9160600755140267,-0.3941990629778157,-0.937729199711843,-0.9410280169436459,0.0,1.0,0.0,0.0,0.0,1.0,0.0,0.0,0.0,0.0,0.0,0.0,0.0,1.0,0.0,0.0,66.82
-0.5419113346545662,-0.5313253163459439,-0.7809016662343379,-0.629081137947937,-0.6014067017413901,-0.9410280169436459,0.0,1.0,0.0,0.0,0.0,1.0,0.0,0.0,0.0,0.0,0.0,1.0,0.0,0.0,0.0,0.0,80.54
-0.5419113346545662,-0.01893522038769667,-0.10510961983590351,-0.34722264798379077,-0.2650842037709337,-0.10346702829037889,0.0,1.0,0.0,0.0,0.0,1.0,0.0,0.0,0.0,0.0,0.0,1.0,0.0,0.0,0.0,0.0,66.82
-0.5419113346545662,-1.2300390835617345,-1.2314296971666274,-1.1927981178762292,-1.2740516976822993,-1.3217375572405876,1.0,0.0,0.0,0.0,0.0,1.0,0.0,0.0,0.0,0.0,0.0,1.0,0.0,0.0,0.0,0.0,80.54
0.9587662074657727,0.925627771715772,0.8248745578072608,0.8272073425325152,0.7037259437567407,0.11976505617577934,1.0,0.0,0.0,0.0,0.0,1.0,0.0,0.0,0.0,0.0,0.0,0.0,1.0,0.0,0.0,0.0,74.03
0.9587662074657727,0.40029303994177706,0.5256296234693012,0.4513764069146195,0.5997450767245207,0.6579520523035044,0.0,1.0,0.0,0.0,0.0,1.0,0.0,0.0,0.0,0.0,0.0,1.0,0.0,0.0,0.0,0.0,62.7
-0.5419113346545662,1.0058449715287945,0.7959464420286756,0.7332348968787656,0.8399754324177028,1.19094540871922,1.0,0.0,0.0,0.0,0.0,1.0,0.0,0.0,0.0,0.0,0.0,1.0,0.0,0.0,0.0,0.0,73.08
-0.5419113346545662,2.1703679168884458,2.1925833379187742,2.1895037616935182,1.99308113974498,2.02850639737249,1.0,0.0,0.0,0.0,0.0,0.0,0.0,0.0,0.0,0.0,1.0,1.0,0.0,0.0,0.0,0.0,72.08
2.4594437495861117,0.679778546828094,0.12015439563024127,-0.8639632129180582,0.6477911478631578,1.4193711328973844,0.0,1.0,0.0,0.0,0.0,0.0,0.0,0.0,0.0,0.0,1.0,0.0,0.0,0.0,0.0,1.0,58.64
-0.5419113346545662,-0.39158256290278703,-0.4655320445817371,-0.48815189296586553,0.02319222306088558,-0.10346702829037889,1.0,0.0,0.0,0.0,0.0,0.0,0.0,0.0,0.0,0.0,1.0,1.0,0.0,0.0,0.0,0.0,66.82
-0.5419113346545662,-0.8108108232322608,-0.8259544693275674,-0.7700103829300083,-0.6974988440186609,-0.9410280169436459,0.0,1.0,0.0,0.0,0.0,0.0,0.0,0.0,0.0,0.0,1.0,0.0,0.0,0.0,0.0,1.0,66.82
-0.5419113346545662,1.7511396565589716,1.6970025038932548,1.6257867817652258,1.5126204283586158,1.4955130409567714,1.0,0.0,0.0,0.0,0.0,1.0,0.0,0.0,0.0,0.0,0.0,1.0,0.0,0.0,0.0,0.0,80.54
-0.5419113346545662,1.0058449715287945,0.7959464420286756,0.8271877268668155,1.1762979303881593,0.6579520523035044,0.0,1.0,0.0,0.0,0.0,0.0,0.0,0.0,0.0,0.0,1.0,1.0,0.0,0.0,0.0,0.0,66.82
0.9587662074657727,-1.7424291795199818,-1.6369049250056873,-1.8504679277925682,-1.8506045513459344,-1.3978794652999746,1.0,0.0,0.0,0.0,0.0,1.0,0.0,0.0,0.0,0.0,0.0,1.0,0.0,0.0,0.0,0.0,80.54
-0.5419113346545662,0.12080753305546015,0.16520719872347087,0.12254150195645173,0.16733043647679352,-0.25575084440915297,0.0,1.0,0.0,0.0,0.0,0.0,0.0,0.0,0.0,0.0,1.0,0.0,0.0,0.0,0.0,1.0,66.82
-0.5419113346545662,0.3537121221273904,0.48057682037607163,0.21649433194449821,0.6477911478631578,0.27724251200656275,0.0,1.0,0.0,0.0,0.0,1.0,0.0,0.0,0.0,0.0,0.0,1.0,0.0,0.0,0.0,0.0,73.08
-0.5419113346545662,0.679778546828094,0.5706824265625309,0.5923056518966943,0.695837219001795,0.7340939603628913,1.0,0.0,0.0,0.0,0.0,0.0,0.0,0.0,0.0,0.0,1.0,1.0,0.0,0.0,0.0,0.0,66.82
-0.5419113346545662,-1.416362754819278,-1.3665881064463161,-1.3807037778523257,-1.4181899110982072,-1.3978794652999746,0.0,1.0,0.0,0.0,0.0,1.0,0.0,0.0,0.0,0.0,0.0,1.0,0.0,0.0,0.0,0.0,66.82
-0.5419113346545662,-1.1684754006827356,-1.308206460868378,-1.2776408288366357,-1.2843620139588614,-1.2756717809262672,1.0,0.0,0.0,0.0,0.0,1.0,0.0,0.0,0.0,0.0,0.0,1.0,0.0,0.0,0.0,0.0,75.7
-0.5419113346545662,0.21396936868423355,-0.06005681674267392,0.21649433194449821,0.3595147210313385,0.12495869588778542,0.0,1.0,0.0,0.0,0.0,1.0,0.0,0.0,0.0,0.0,0.0,1.0,0.0,0.0,0.0,0.0,66.82
-0.5419113346545662,-0.9039726588610308,-0.8710072724207971,-1.0048924579001297,-0.6974988440186609,-0.8648861088842589,0.0,1.0,0.0,0.0,0.0,0.0,0.0,0.0,0.0,0.0,1.0,1.0,0.0,0.0,0.0,0.0,66.82
-0.5419113346545662,-1.416362754819278,-1.3215353033530866,-1.4276801928463505,-1.5142820533754815,-1.7785890055969162,0.0,1.0,0.0,0.0,0.0,1.0,0.0,0.0,0.0,0.0,0.0,1.0,0.0,0.0,0.0,0.0,66.82
-0.5419113346545662,-0.9505535766754176,-1.0512184847937123,-0.8639632129180582,-1.2740516976822993,-0.4841765685873173,0.0,1.0,0.0,0.0,0.0,1.0,0.0,0.0,0.0,0.0,0.0,1.0,0.0,0.0,0.0,0.0,33.59
-0.5419113346545662,-0.06551613820208338,0.07510159253701168,0.2634707469385231,0.40756079216997565,0.12495869588778542,0.0,1.0,0.0,0.0,0.0,1.0,0.0,0.0,0.0,0.0,0.0,1.0,0.0,0.0,0.0,0.0,66.82
-0.5419113346545662,1.7347130883242878,1.5668157816944401,1.688281594456261,1.7705048478968228,1.5927261620057163,1.0,0.0,0.0,0.0,0.0,1.0,0.0,0.0,0.0,0.0,0.0,1.0,0.0,0.0,0.0,0.0,76.93
-0.5419113346545662,0.4468739577561638,0.5256296234693012,0.4513764069146195,0.551699005585887,0.505668236184727,1.0,0.0,0.0,0.0,0.0,1.0,0.0,0.0,0.0,0.0,0.0,1.0,0.0,0.0,0.0,0.0,80.54
-0.5419113346545662,0.8195213002712508,0.750893638935446,0.4983528219086444,0.5997450767245207,0.8863777764816687,1.0,0.0,0.0,0.0,0.0,1.0,0.0,0.0,0.0,0.0,0.0,1.0,0.0,0.0,0.0,0.0,75.71
0.9587662074657727,-0.5021698458286654,-0.24166595153055706,-0.5600789522335158,-0.6539926615124516,0.35233786235945375,0.0,1.0,0.0,0.0,0.0,1.0,0.0,0.0,0.0,0.0,0.0,1.0,0.0,0.0,0.0,0.0,78.17
0.9587662074657727,0.12080753305546015,0.07510159253701168,-0.01838774302562302,0.07123829419952268,-0.10346702829037889,0.0,1.0,0.0,0.0,0.0,1.0,0.0,0.0,0.0,0.0,0.0,1.0,0.0,0.0,0.0,0.0,80.54
2.4594437495861117,-0.8829158771738472,-0.8908645224318377,-0.7035913275541383,-0.896442412453379,-1.6632931245657256,0.0,1.0,0.0,0.0,0.0,1.0,0.0,0.0,0.0,0.0,0.0,1.0,0.0,0.0,0.0,0.0,78.31
0.9587662074657727,0.5400357933849339,0.5706824265625309,0.8741641418608405,0.4556068633086127,0.8102358684222783,0.0,1.0,0.0,0.0,0.0,1.0,0.0,0.0,0.0,0.0,0.0,1.0,0.0,0.0,0.0,0.0,80.54
-0.5419113346545662,0.16351746061298725,0.3003656080031564,0.4983528219086444,0.31146864989270484,0.27724251200656275,1.0,0.0,0.0,0.0,0.0,1.0,0.0,0.0,0.0,0.0,0.0,1.0,0.0,0.0,0.0,0.0,66.82
-0.5419113346545662,-1.0437154123041912,-1.0061656817004825,-1.1458217028822044,-1.129913484266388,-0.7126022927654816,0.0,1.0,0.0,0.0,0.0,1.0,0.0,0.0,0.0,0.0,0.0,0.0,0.0,1.0,0.0,0.0,80.54
0.9587662074657727,0.6331976290137074,0.6157352296557604,0.7332348968787656,0.6477911478631578,0.581810144244114,1.0,0.0,0.0,0.0,0.0,0.0,0.0,0.0,0.0,0.0,1.0,1.0,0.0,0.0,0.0,0.0,66.82
-0.5419113346545662,-0.5313253163459439,-0.3754264383952779,-0.44117547797184065,-0.5053145594641159,-0.25575084440915297,0.0,1.0,0.0,0.0,0.0,0.0,0.0,0.0,0.0,0.0,1.0,0.0,0.0,0.0,1.0,0.0,66.82
0.9587662074657727,-1.1684754006827356,-1.2618351343754288,-0.9216611831464392,-1.1873821135824927,-0.8880504372868087,1.0,0.0,0.0,0.0,0.0,1.0,0.0,0.0,0.0,0.0,0.0,1.0,0.0,0.0,0.0,0.0,74.03
0.9587662074657727,0.3537121221273904,0.16520719872347087,-0.3941990629778157,-0.7935909862959352,1.267087316778607,0.0,1.0,0.0,0.0,0.0,1.0,0.0,0.0,0.0,0.0,0.0,1.0,0.0,0.0,0.0,0.0,58.64
0.9587662074657727,0.027645697426690038,-0.19521522602236271,0.0285886719684019,-0.16899206149365945,-0.25575084440915297,0.0,1.0,0.0,0.0,0.0,1.0,0.0,0.0,0.0,0.0,0.0,1.0,0.0,0.0,0.0,0.0,80.54
0.9587662074657727,1.0058449715287945,0.750893638935446,0.921140556854862,1.1282518592495223,0.7340939603628913,0.0,1.0,0.0,0.0,0.0,0.0,0.0,0.0,0.0,0.0,1.0,1.0,0.0,0.0,0.0,0.0,66.82
-0.5419113346545662,-0.11209705601647008,-0.015004013649447524,-0.3941990629778157,-0.21703813263229657,-0.10346702829037889,0.0,1.0,0.0,0.0,0.0,1.0,0.0,0.0,0.0,0.0,0.0,1.0,0.0,0.0,0.0,0.0,80.54
-0.5419113346545662,0.8661022180856375,1.0212104574948204,0.921140556854862,1.1282518592495223,0.8863777764816687,0.0,1.0,0.0,0.0,0.0,0.0,0.0,0.0,0.0,0.0,1.0,1.0,0.0,0.0,0.0,0.0,66.82
-0.5419113346545662,-1.5561055082624382,-1.4566937126327721,-1.521633022834397,-1.5142820533754815,-1.4740213733593648,1.0,0.0,0.0,0.0,0.0,1.0,0.0,0.0,0.0,0.0,0.0,1.0,0.0,0.0,0.0,0.0,80.54
-0.5419113346545662,1.2853304784151114,1.3365800791474214,1.3909047067951046,1.3204361438040673,1.114803500659833,1.0,0.0,0.0,0.0,0.0,1.0,0.0,0.0,0.0,0.0,0.0,1.0,0.0,0.0,0.0,0.0,66.82
0.9587662074657727,-1.406441670273475,-1.4936917668401721,-1.421153204157258,-1.5753017150879751,-1.5082445871099415,1.0,0.0,0.0,0.0,0.0,0.0,0.0,0.0,0.0,0.0,1.0,1.0,0.0,0.0,0.0,0.0,74.03
-0.5419113346545662,-0.6710680697891007,-0.7358488631411083,-0.7230339679359868,-0.7935909862959352,-1.1694537411218102,0.0,1.0,0.0,0.0,0.0,1.0,0.0,0.0,0.0,0.0,0.0,1.0,0.0,0.0,0.0,0.0,80.54
-0.5419113346545662,-0.3450016450884003,-0.2402680291155923,-0.3002462329897659,-0.2650842037709337,-0.10346702829037889,0.0,1.0,0.0,0.0,0.0,0.0,0.0,0.0,0.0,0.0,1.0,1.0,0.0,0.0,0.0,0.0,66.82
-0.5419113346545662,-0.11209705601647008,-0.2402680291155923,-0.15931698800769445,-0.6014067017413901,0.12495869588778542,1.0,0.0,0.0,0.0,0.0,0.0,0.0,0.0,0.0,0.0,1.0,1.0,0.0,0.0,0.0,0.0,66.82
-0.5419113346545662,-0.6244871519747173,-0.6006904538614227,-0.34722264798379077,-0.3611763460482079,-0.7126022927654816,0.0,1.0,0.0,0.0,0.0,1.0,0.0,0.0,0.0,0.0,0.0,0.0,0.0,0.0,0.0,1.0,66.82
0.9587662074657727,-0.5313253163459439,-0.6006904538614227,-0.582104722953912,-0.6014067017413901,-1.1694537411218102,0.0,1.0,0.0,0.0,0.0,1.0,0.0,0.0,0.0,0.0,0.0,1.0,0.0,0.0,0.0,0.0,62.7
-0.5419113346545662,-0.12142381448348,-0.38077993100940505,-0.1295418262716446,-0.41154291057152415,-1.120623243470483,0.0,1.0,0.0,0.0,0.0,1.0,0.0,0.0,0.0,0.0,0.0,1.0,0.0,0.0,0.0,0.0,75.7
0.9587662074657727,1.2387495606007246,0.9311048513083612,1.3909047067951046,1.4165282860813415,1.19094540871922,0.0,1.0,0.0,0.0,0.0,0.0,0.0,0.0,0.0,0.0,1.0,1.0,0.0,0.0,0.0,0.0,80.54
-0.5419113346545662,-1.0902963301185777,-1.1863768940733979,-0.629081137947937,-0.8896831285732059,-0.7126022927654816,0.0,1.0,0.0,0.0,0.0,1.0,0.0,0.0,0.0,0.0,0.0,1.0,0.0,0.0,0.0,0.0,80.54
-0.5419113346545662,-0.6710680697891007,-0.7809016662343379,-1.0048924579001297,-1.0338213419891171,-1.0171699250030362,1.0,0.0,0.0,0.0,0.0,1.0,0.0,0.0,0.0,0.0,0.0,1.0,0.0,0.0,0.0,0.0,62.7
-0.5419113346545662,-0.11209705601647008,0.16520719872347087,-0.34722264798379077,-0.31313027490957085,-0.17960893634976594,0.0,1.0,0.0,0.0,0.0,1.0,0.0,0.0,0.0,0.0,0.0,1.0,0.0,0.0,0.0,0.0,73.08
0.9587662074657727,1.0208142795520694,1.1494738432579028,0.9707197178531412,1.091645545262227,0.8950077434546929,0.0,1.0,0.0,0.0,0.0,1.0,0.0,0.0,0.0,0.0,0.0,0.0,1.0,0.0,0.0,0.0,74.03
0.9587662074657727,-1.0475864025610506,-0.961112878607253,-1.1458217028822044,-1.2260056265436623,-1.3978794652999746,1.0,0.0,0.0,0.0,0.0,1.0,0.0,0.0,0.0,0.0,0.0,1.0,0.0,0.0,0.0,0.0,66.82
-0.5419113346545662,0.40029303994177706,0.25531280490992686,0.357423576926573,0.40756079216997565,-0.17960893634976594,1.0,0.0,0.0,0.0,0.0,1.0,0.0,0.0,0.0,0.0,0.0,1.0,0.0,0.0,0.0,0.0,80.54
-0.5419113346545662,-1.5095245904480514,-1.5017465157260017,-1.521633022834397,-1.6584202667913894,-1.0171699250030362,0.0,1.0,0.0,0.0,0.0,1.0,0.0,0.0,0.0,0.0,0.0,1.0,0.0,0.0,0.0,0.0,80.54
0.9587662074657727,1.3063738030609575,1.195845169750852,1.688281594456261,1.3825852463913404,1.4376776245499354,0.0,1.0,0.0,0.0,0.0,1.0,0.0,0.0,0.0,0.0,0.0,0.0,0.0,1.0,0.0,0.0,74.03
-0.5419113346545662,-0.48474439853155715,-0.5105848476749635,-0.48815189296586553,-0.45726848832547873,-0.3318927524685432,1.0,0.0,0.0,0.0,0.0,0.0,0.0,0.0,0.0,0.0,1.0,1.0,0.0,0.0,0.0,0.0,66.82
-0.5419113346545662,-1.6026864260768217,-1.8171161373786058,-1.7565150978045183,-1.8986506224845714,-1.8547309136563033,0.0,1.0,0.0,0.0,0.0,1.0,0.0,0.0,0.0,0.0,0.0,1.0,0.0,0.0,0.0,0.0,80.54
-0.5419113346545662,1.6113969031158148,1.7420553069864846,1.5788103667712041,1.7048047129131607,1.4193711328973844,1.0,0.0,0.0,0.0,0.0,0.0,0.0,0.0,0.0,0.0,1.0,1.0,0.0,0.0,0.0,0.0,72.08
-0.5419113346545662,-2.215526986881991,-2.0965190112485033,-2.138715080760378,-2.108691167158016,-2.205963005660965,1.0,0.0,0.0,0.0,0.0,1.0,0.0,0.0,0.0,0.0,0.0,1.0,0.0,0.0,0.0,0.0,75.7
0.9587662074657727,1.3784923140438847,1.4266856853338805,1.1940696458392084,1.3204361438040673,1.267087316778607,1.0,0.0,0.0,0.0,0.0,1.0,0.0,0.0,0.0,0.0,0.0,1.0,0.0,0.0,0.0,0.0,72.08
-0.5419113346545662,-1.975333768591912,-1.862168940471832,-1.9913971727746396,-1.8506045513459344,-1.8547309136563033,0.0,1.0,0.0,0.0,0.0,1.0,0.0,0.0,0.0,0.0,0.0,1.0,0.0,0.0,0.0,0.0,80.54
-0.5419113346545662,-0.2642035762379258,-0.19529462503760775,-0.0817043678314359,-0.07211325925422436,-0.42290482491945985,1.0,0.0,0.0,0.0,0.0,1.0,0.0,0.0,0.0,0.0,0.0,1.0,0.0,0.0,0.0,0.0,74.03
-0.5419113346545662,-0.8353226232556987,-0.6590078899670944,-0.6557538691139331,-0.41154291057152415,-0.5779533623752439,1.0,0.0,0.0,0.0,0.0,1.0,0.0,0.0,0.0,0.0,0.0,1.0,0.0,0.0,0.0,0.0,78.31
0.9587662074657727,-1.6444079398642146,-1.5400630933331214,-1.7081779547985068,-1.526811764899789,-1.5082445871099415,1.0,0.0,0.0,0.0,0.0,1.0,0.0,0.0,0.0,0.0,0.0,1.0,0.0,0.0,0.0,0.0,74.03
-0.5419113346545662,0.07422661524107345,0.21026000181669727,0.16951791695047663,0.07123829419952268,-0.10346702829037889,1.0,0.0,0.0,0.0,0.0,1.0,0.0,0.0,0.0,0.0,0.0,1.0,0.0,0.0,0.0,0.0,80.54
0.9587662074657727,-0.39158256290278703,-0.4655320445817371,-0.48815189296586553,-0.4092224171868416,-0.7887442008248718,0.0,1.0,0.0,0.0,0.0,0.0,0.0,0.0,0.0,0.0,1.0,1.0,0.0,0.0,0.0,0.0,66.82
-0.5419113346545662,-0.6449496075831077,-0.7981218694459423,-0.5122414937933071,-0.46003286075971034,-1.0430989747425927,0.0,1.0,0.0,0.0,0.0,0.0,0.0,0.0,0.0,0.0,1.0,1.0,0.0,0.0,0.0,0.0,75.7
-0.5419113346545662,1.1921686427863412,1.1113160636812764,1.296951876807058,1.2243440015267966,1.267087316778607,1.0,0.0,0.0,0.0,0.0,0.0,0.0,0.0,0.0,0.0,1.0,1.0,0.0,0.0,0.0,0.0,66.82
-0.5419113346545662,0.679778546828094,0.39047121418961567,0.6862584818847407,0.551699005585887,0.8863777764816687,1.0,0.0,0.0,0.0,0.0,0.0,0.0,0.0,0.0,0.0,1.0,1.0,0.0,0.0,0.0,0.0,66.82
-0.5419113346545662,-1.9287528507775251,-1.7270105311921464,-1.7565150978045183,-1.8986506224845714,-1.7785890055969162,0.0,1.0,0.0,0.0,0.0,1.0,0.0,0.0,0.0,0.0,0.0,1.0,0.0,0.0,0.0,0.0,80.54
0.9587662074657727,-0.6710680697891007,-0.6457432569546523,-0.7230339679359868,-0.6974988440186609,-0.7126022927654816,1.0,0.0,0.0,0.0,0.0,1.0,0.0,0.0,0.0,0.0,0.0,1.0,0.0,0.0,0.0,0.0,80.54
0.9587662074657727,1.2387495606007246,1.156368866774506,1.0150933868429117,1.0321597169722514,1.4955130409567714,1.0,0.0,0.0,0.0,0.0,1.0,0.0,0.0,0.0,0.0,0.0,1.0,0.0,0.0,0.0,0.0,73.08
-0.5419113346545662,-0.12142381448348,0.03656200742713555,-0.17737928471185324,-0.023623309066041622,0.11976505617577934,0.0,1.0,0.0,0.0,0.0,1.0,0.0,0.0,0.0,0.0,0.0,1.0,0.0,0.0,0.0,0.0,74.03
-0.5419113346545662,-0.5313253163459439,0.8860520482151316,1.4378811217891294,-0.07289991921638865,1.6477968570755486,1.0,0.0,0.0,0.0,0.0,0.0,0.0,0.0,0.0,0.0,1.0,1.0,0.0,0.0,0.0,0.0,58.64
-0.5419113346545662,-0.9971344944898043,-0.9160600755140267,-0.9109396279120832,-0.745544915157298,-0.7126022927654816,0.0,1.0,0.0,0.0,0.0,1.0,0.0,0.0,0.0,0.0,0.0,1.0,0.0,0.0,0.0,0.0,66.82
-0.5419113346545662,-0.3117968301560744,-0.3344086045164557,-0.3687291184726845,-0.12060320944241053,-0.19033201873578545,0.0,1.0,0.0,0.0,0.0,1.0,0.0,0.0,0.0,0.0,0.0,1.0,0.0,0.0,0.0,0.0,65.57
0.9587662074657727,0.1125621926225089,0.20911942432930225,0.19806054900018383,-0.024853848077751532,0.581810144244114,0.0,1.0,0.0,0.0,0.0,1.0,0.0,0.0,0.0,0.0,0.0,1.0,0.0,0.0,0.0,0.0,66.82
0.9587662074657727,-0.2518398094596269,-0.19521522602236271,-0.11234057301366952,-0.16899206149365945,-0.10346702829037889,0.0,1.0,0.0,0.0,0.0,1.0,0.0,0.0,0.0,0.0,0.0,1.0,0.0,0.0,0.0,0.0,62.7
0.9587662074657727,0.16738845086984686,0.16520719872347087,0.16951791695047663,0.2634225787540677,0.12495869588778542,1.0,0.0,0.0,0.0,0.0,1.0,0.0,0.0,0.0,0.0,0.0,1.0,0.0,0.0,0.0,0.0,66.82
-0.5419113346545662,-0.06551613820208338,-0.06005681674267392,-0.01838774302562302,0.02319222306088558,-0.4841765685873173,1.0,0.0,0.0,0.0,0.0,1.0,0.0,0.0,0.0,0.0,0.0,1.0,0.0,0.0,0.0,0.0,66.82
0.9587662074657727,0.12080753305546015,0.39047121418961567,0.07556508696242682,0.695837219001795,-0.5603184766467075,0.0,1.0,0.0,0.0,0.0,0.0,0.0,0.0,0.0,0.0,1.0,1.0,0.0,0.0,0.0,0.0,58.64
-0.5419113346545662,0.5866167111993206,0.39047121418961567,0.4043999919205979,0.6477911478631578,0.3533844200659498,0.0,1.0,0.0,0.0,0.0,0.0,0.0,0.0,0.0,0.0,1.0,1.0,0.0,0.0,0.0,0.0,75.71
-0.5419113346545662,-0.29842072727401364,-0.15016242292913312,-0.11234057301366952,-0.07289991921638865,0.0488167878283984,1.0,0.0,0.0,0.0,0.0,1.0,0.0,0.0,0.0,0.0,0.0,1.0,0.0,0.0,0.0,0.0,80.54
-0.5419113346545662,0.16738845086984686,0.030048789443782073,0.16951791695047663,0.07123829419952268,0.2011006039471757,1.0,0.0,0.0,0.0,0.0,1.0,0.0,0.0,0.0,0.0,0.0,1.0,0.0,0.0,0.0,0.0,66.82
-0.5419113346545662,-0.5973563536649592,-0.566265236981199,-0.7035913275541383,-0.7024826117006377,-0.6554776311031343,0.0,1.0,0.0,0.0,0.0,1.0,0.0,0.0,0.0,0.0,0.0,1.0,0.0,0.0,0.0,0.0,65.57
0.9587662074657727,-0.4886153887884167,-0.4655320445817371,-0.0653641580196446,-0.21703813263229657,0.0488167878283984,0.0,1.0,0.0,0.0,0.0,1.0,0.0,0.0,0.0,0.0,0.0,1.0,0.0,0.0,0.0,0.0,66.82
-0.5419113346545662,0.21396936868423355,0.16520719872347087,0.16951791695047663,0.16733043647679352,-0.25575084440915297,0.0,1.0,0.0,0.0,0.0,1.0,0.0,0.0,0.0,0.0,0.0,0.0,0.0,1.0,0.0,0.0,66.82
-0.5419113346545662,-0.48474439853155715,-0.6457432569546523,-0.48815189296586553,-0.553360630602753,-0.6364603847060946,0.0,1.0,0.0,0.0,0.0,1.0,0.0,0.0,0.0,0.0,0.0,1.0,0.0,0.0,0.0,0.0,80.54
-0.5419113346545662,-1.183458165747348,-1.2314296971666274,-1.239774532870251,-1.129913484266388,-1.1694537411218102,1.0,0.0,0.0,0.0,0.0,0.0,0.0,0.0,0.0,0.0,1.0,1.0,0.0,0.0,0.0,0.0,80.54
0.9587662074657727,0.3537121221273904,0.21026000181669727,0.4513764069146195,0.5036529344472499,0.2011006039471757,0.0,1.0,0.0,0.0,0.0,1.0,0.0,0.0,0.0,0.0,0.0,1.0,0.0,0.0,0.0,0.0,66.82
-0.5419113346545662,-0.5497630997468139,-0.566265236981199,-0.6079164106737245,-0.46003286075971034,0.2748135936315634,0.0,1.0,0.0,0.0,0.0,1.0,0.0,0.0,0.0,0.0,0.0,1.0,0.0,0.0,0.0,0.0,65.57
-0.5419113346545662,0.7263594646424807,0.5706824265625309,0.357423576926573,0.31146864989270484,0.2011006039471757,0.0,1.0,0.0,0.0,0.0,0.0,0.0,0.0,0.0,0.0,1.0,1.0,0.0,0.0,0.0,0.0,66.82
-0.5419113346545662,0.027645697426690038,0.030048789443782073,-0.11234057301366952,-0.024853848077751532,-0.027325120230988625,1.0,0.0,0.0,0.0,0.0,1.0,0.0,0.0,0.0,0.0,0.0,1.0,0.0,0.0,0.0,0.0,62.7
-0.5419113346545662,1.2387495606007246,1.3365800791474214,1.0150933868429117,1.3684822149427043,1.4193711328973844,1.0,0.0,0.0,0.0,0.0,0.0,0.0,0.0,0.0,0.0,1.0,1.0,0.0,0.0,0.0,0.0,66.82
0.9587662074657727,-0.11209705601647008,0.030048789443782073,-0.44117547797184065,-0.21703813263229657,0.0488167878283984,1.0,0.0,0.0,0.0,0.0,1.0,0.0,0.0,0.0,0.0,0.0,1.0,0.0,0.0,0.0,0.0,73.08
-0.5419113346545662,1.3063738030609575,1.4740731287085413,1.544769219135635,1.4795651467677093,1.5152018932778257,0.0,1.0,0.0,0.0,0.0,1.0,0.0,0.0,0.0,0.0,0.0,1.0,0.0,0.0,0.0,0.0,75.7
0.9587662074657727,1.4015603108972512,1.2422164962437983,1.3534193853748038,1.3340952962031543,1.2826290870941515,1.0,0.0,0.0,0.0,0.0,1.0,0.0,0.0,0.0,0.0,0.0,1.0,0.0,0.0,0.0,0.0,78.31
-0.5419113346545662,-1.2300390835617345,-1.3215353033530866,-1.3807037778523257,-1.3220977688209365,-1.3217375572405876,0.0,1.0,0.0,0.0,0.0,0.0,0.0,0.0,0.0,0.0,1.0,1.0,0.0,0.0,0.0,0.0,66.82
-0.5419113346545662,-0.563203474718415,-0.5623249302390402,-0.5545063403337901,-0.5686697169695226,-0.7887442008248718,1.0,0.0,0.0,0.0,0.0,0.0,0.0,0.0,0.0,0.0,1.0,1.0,0.0,0.0,0.0,0.0,66.82
-0.5419113346545662,-0.7642299054178741,-0.7809016662343379,-0.6760575529419619,-0.6974988440186609,-0.9410280169436459,0.0,1.0,0.0,0.0,0.0,1.0,0.0,0.0,0.0,0.0,0.0,0.0,0.0,0.0,0.0,1.0,62.7
-0.5419113346545662,-0.39158256290278703,-0.33037363530204833,-0.3941990629778157,-0.3611763460482079,-0.7126022927654816,1.0,0.0,0.0,0.0,0.0,1.0,0.0,0.0,0.0,0.0,0.0,1.0,0.0,0.0,0.0,0.0,80.54
-0.5419113346545662,1.3539670569791027,1.4277018022155954,1.3534193853748038,1.2856053460149681,1.3601533558220418,0.0,1.0,0.0,0.0,0.0,1.0,0.0,0.0,0.0,0.0,0.0,1.0,0.0,0.0,0.0,0.0,74.03
-0.5419113346545662,-0.9505535766754176,-1.0962712878869418,-0.9109396279120832,-0.8416370574345722,-0.8648861088842589,1.0,0.0,0.0,0.0,0.0,1.0,0.0,0.0,0.0,0.0,0.0,0.0,0.0,0.0,0.0,1.0,73.08
0.9587662074657727,-0.29842072727401364,-0.2402680291155923,-0.2532698179957443,-0.3611763460482079,-0.25575084440915297,0.0,1.0,0.0,0.0,0.0,0.0,0.0,0.0,0.0,0.0,1.0,1.0,0.0,0.0,0.0,0.0,80.54
-0.5419113346545662,-0.0738305605653348,0.1756759869059802,-0.03386690939122724,0.1703364916867031,0.04224078744788897,1.0,0.0,0.0,0.0,0.0,1.0,0.0,0.0,0.0,0.0,0.0,1.0,0.0,0.0,0.0,0.0,74.93
-0.5419113346545662,1.1921686427863412,1.1113160636812764,1.1560226318249833,1.1762979303881593,1.6477968570755486,0.0,1.0,0.0,0.0,0.0,0.0,0.0,0.0,0.0,0.0,1.0,1.0,0.0,0.0,0.0,0.0,58.64
-0.5419113346545662,0.40029303994177706,0.25531280490992686,0.6392820668907192,0.551699005585887,0.581810144244114,0.0,1.0,0.0,0.0,0.0,1.0,0.0,0.0,0.0,0.0,0.0,1.0,0.0,0.0,0.0,0.0,80.54
-0.5419113346545662,-0.45457659191051675,-0.5198939104882497,-0.5122414937933071,-0.5570127611360792,-0.6554776311031343,1.0,0.0,0.0,0.0,0.0,1.0,0.0,0.0,0.0,0.0,0.0,1.0,0.0,0.0,0.0,0.0,74.03
-0.5419113346545662,0.027645697426690038,-0.10510961983590351,-0.2532698179957443,-0.16899206149365945,-0.10346702829037889,1.0,0.0,0.0,0.0,0.0,1.0,0.0,0.0,0.0,0.0,0.0,1.0,0.0,0.0,0.0,0.0,58.64
-0.5419113346545662,-0.8573917410466475,-0.6907960600478819,-0.8169867979240333,-0.7935909862959352,-0.8648861088842589,1.0,0.0,0.0,0.0,0.0,1.0,0.0,0.0,0.0,0.0,0.0,1.0,0.0,0.0,0.0,0.0,62.7
-0.5419113346545662,0.5866167111993206,0.07510159253701168,0.12254150195645173,0.21537650761543062,0.27724251200656275,1.0,0.0,0.0,0.0,0.0,1.0,0.0,0.0,0.0,0.0,0.0,1.0,0.0,0.0,0.0,0.0,66.82
-0.5419113346545662,1.1455877249719546,1.2464744729609654,1.0150933868429117,1.1282518592495223,0.9625196845410557,0.0,1.0,0.0,0.0,0.0,0.0,0.0,0.0,0.0,0.0,1.0,1.0,0.0,0.0,0.0,0.0,80.54
-0.5419113346545662,0.40029303994177706,0.435524017282842,0.31044716193254807,0.21537650761543062,0.42952632812534003,1.0,0.0,0.0,0.0,0.0,1.0,0.0,0.0,0.0,0.0,0.0,1.0,0.0,0.0,0.0,0.0,66.82
-0.5419113346545662,1.6113969031158148,1.7871081100797108,1.5318339517771793,1.6567586417745237,1.0386615926004428,1.0,0.0,0.0,1.0,0.0,0.0,0.0,0.0,0.0,0.0,0.0,1.0,0.0,0.0,0.0,0.0,72.08
0.9587662074657727,-0.022806210644556263,0.07510159253701168,0.21649433194449821,0.16733043647679352,0.0488167878283984,1.0,0.0,0.0,0.0,0.0,0.0,0.0,0.0,0.0,0.0,1.0,1.0,0.0,0.0,0.0,0.0,66.82
2.4594437495861117,0.30691547077985054,0.31478996638482487,0.5401825918912665,0.36429629243944434,0.2748135936315634,0.0,1.0,0.0,0.0,0.0,1.0,0.0,0.0,0.0,0.0,0.0,1.0,0.0,0.0,0.0,0.0,45.71
-0.5419113346545662,0.2605502864986203,0.25531280490992686,0.16951791695047663,0.11928436533815638,-0.4841765685873173,1.0,0.0,0.0,0.0,0.0,1.0,0.0,0.0,0.0,0.0,0.0,1.0,0.0,0.0,0.0,0.0,80.54
-0.5419113346545662,-1.5095245904480514,-1.5467993188192313,-1.4746566078403722,-1.5142820533754815,-1.3978794652999746,1.0,0.0,0.0,0.0,0.0,1.0,0.0,0.0,0.0,0.0,0.0,1.0,0.0,0.0,0.0,0.0,80.54
-0.5419113346545662,1.4250732318582715,1.2014216698677358,1.4378811217891294,1.3204361438040673,1.267087316778607,1.0,0.0,0.0,0.0,0.0,0.0,0.0,0.0,0.0,0.0,1.0,1.0,0.0,0.0,0.0,0.0,62.7
-0.5419113346545662,0.30713120431300367,0.12015439563024127,0.0285886719684019,0.16733043647679352,0.42952632812534003,1.0,0.0,0.0,0.0,0.0,0.0,0.0,0.0,0.0,0.0,1.0,1.0,0.0,0.0,0.0,0.0,66.82
-0.5419113346545662,0.7263594646424807,0.8409992451219053,1.3909047067951046,1.1282518592495223,1.114803500659833,1.0,0.0,0.0,0.0,0.0,1.0,0.0,0.0,0.0,0.0,0.0,1.0,0.0,0.0,0.0,0.0,80.54
-0.5419113346545662,-2.0684956042206823,-1.9072217435650618,-1.897444342786593,-2.138880978177754,-1.7785890055969162,1.0,0.0,0.0,0.0,0.0,0.0,0.0,0.0,0.0,0.0,1.0,1.0,0.0,0.0,0.0,0.0,66.82
0.9587662074657727,-1.6492673438912082,-1.5017465157260017,-1.5686094378284219,-1.6584202667913894,-1.7785890055969162,0.0,1.0,0.0,0.0,0.0,1.0,0.0,0.0,0.0,0.0,0.0,1.0,0.0,0.0,0.0,0.0,80.54
0.9587662074657727,-1.0437154123041912,-0.961112878607253,-0.9109396279120832,-0.6494527728800238,-0.6364603847060946,0.0,1.0,1.0,0.0,0.0,0.0,0.0,0.0,0.0,0.0,0.0,1.0,0.0,0.0,0.0,0.0,66.82
-0.5419113346545662,-1.323200919190508,-1.6819577280989169,-1.3337273628583006,-1.3701438399595702,-0.8648861088842589,0.0,1.0,0.0,0.0,0.0,0.0,0.0,0.0,0.0,1.0,0.0,1.0,0.0,0.0,0.0,0.0,66.82
-0.5419113346545662,0.21396936868423355,0.21026000181669727,0.12254150195645173,0.07123829419952268,0.2011006039471757,1.0,0.0,0.0,0.0,0.0,1.0,0.0,0.0,0.0,0.0,0.0,1.0,0.0,0.0,0.0,0.0,66.82
-0.5419113346545662,1.052425889343181,0.8860520482151316,0.9681169718488869,1.1282518592495223,0.8863777764816687,1.0,0.0,0.0,0.0,0.0,1.0,0.0,0.0,0.0,0.0,0.0,1.0,0.0,0.0,0.0,0.0,66.82
-0.5419113346545662,-1.0902963301185777,-1.1413240909801714,-0.8639632129180582,-1.129913484266388,-1.2455956491812006,0.0,1.0,0.0,0.0,0.0,1.0,0.0,0.0,0.0,0.0,0.0,1.0,0.0,0.0,0.0,0.0,62.7
-0.5419113346545662,-0.8573917410466475,-0.9160600755140267,-0.8169867979240333,-0.8896831285732059,-1.0171699250030362,0.0,1.0,0.0,0.0,0.0,0.0,0.0,0.0,0.0,0.0,1.0,1.0,0.0,0.0,0.0,0.0,80.54
2.4594437495861117,-0.9039726588610308,-1.0512184847937123,-1.0048924579001297,-1.177959555405025,-0.25575084440915297,0.0,1.0,0.0,0.0,0.0,1.0,0.0,0.0,0.0,0.0,0.0,1.0,0.0,0.0,0.0,0.0,66.82
0.9587662074657727,-0.29842072727401364,-0.33037363530204833,-0.3941990629778157,-0.4092224171868416,-0.4841765685873173,1.0,0.0,0.0,0.0,0.0,1.0,0.0,0.0,0.0,0.0,0.0,1.0,0.0,0.0,0.0,0.0,62.7
0.9587662074657727,1.2111872952246603,1.6595584346803387,1.4969317606954262,1.4310751965795232,1.8252989681893905,1.0,0.0,0.0,0.0,0.0,1.0,0.0,0.0,0.0,0.0,0.0,1.0,0.0,0.0,0.0,0.0,76.93
0.9587662074657727,0.027645697426690038,-0.2402680291155923,-0.3002462329897659,-0.2650842037709337,-0.4841765685873173,1.0,0.0,0.0,0.0,0.0,1.0,0.0,0.0,0.0,0.0,0.0,1.0,0.0,0.0,0.0,0.0,66.82
-0.5419113346545662,-0.39158256290278703,-0.6907960600478819,-0.6760575529419619,-0.3611763460482079,-0.7126022927654816,1.0,0.0,0.0,0.0,0.0,1.0,0.0,0.0,0.0,0.0,0.0,1.0,0.0,0.0,0.0,0.0,66.82
0.9587662074657727,-0.7176489876034874,-0.7809016662343379,-0.8169867979240333,-0.31313027490957085,-0.5603184766467075,0.0,1.0,0.0,0.0,0.0,0.0,0.0,0.0,0.0,0.0,1.0,1.0,0.0,0.0,0.0,0.0,80.54
0.9587662074657727,-0.39158256290278703,-0.33037363530204833,-0.44117547797184065,-0.6014067017413901,-0.3318927524685432,1.0,0.0,0.0,0.0,0.0,1.0,0.0,0.0,0.0,0.0,0.0,1.0,0.0,0.0,0.0,0.0,62.7
-0.5419113346545662,0.4468739577561638,0.21026000181669727,0.4043999919205979,0.2634225787540677,0.12495869588778542,0.0,1.0,0.0,0.0,0.0,1.0,0.0,0.0,0.0,0.0,0.0,1.0,0.0,0.0,0.0,0.0,80.54
0.9587662074657727,-0.1690170684016286,-0.14892329854466174,-0.03386690939122724,-0.023623309066041622,-0.5779533623752439,1.0,0.0,0.0,0.0,0.0,1.0,0.0,0.0,0.0,0.0,0.0,1.0,0.0,0.0,0.0,0.0,75.7
-0.5419113346545662,-1.4202337450761378,-1.2314296971666274,-1.1927981178762292,-1.6103741956527522,-1.3217375572405876,1.0,0.0,0.0,0.0,0.0,0.0,0.0,0.0,0.0,0.0,1.0,1.0,0.0,0.0,0.0,0.0,66.82
-0.5419113346545662,-0.5973563536649592,-0.566265236981199,-0.46440403535309843,-0.6055027113242655,-0.5779533623752439,0.0,1.0,0.0,0.0,0.0,0.0,0.0,0.0,0.0,0.0,1.0,1.0,0.0,0.0,0.0,0.0,74.03
-0.5419113346545662,1.0208142795520694,1.195845169750852,1.3534193853748038,1.140135495450413,1.1275805496383673,0.0,1.0,0.0,0.0,0.0,1.0,0.0,0.0,0.0,0.0,0.0,1.0,0.0,0.0,0.0,0.0,76.93
0.9587662074657727,-1.0732888928464384,-0.9836071754177362,-1.0384535366355956,-1.1873821135824927,-1.2756717809262672,0.0,1.0,0.0,0.0,0.0,1.0,0.0,0.0,0.0,0.0,0.0,1.0,0.0,0.0,0.0,0.0,74.03
0.9587662074657727,-1.2300390835617345,-0.7809016662343379,-0.8639632129180582,-0.8896831285732059,-0.40803466052793025,0.0,1.0,0.0,0.0,0.0,0.0,0.0,0.0,0.0,0.0,1.0,1.0,0.0,0.0,0.0,0.0,66.82
0.9587662074657727,2.4486118970965065,2.2160143525957205,2.645030763260421,2.255404349778678,2.290444580556739,0.0,1.0,0.0,0.0,0.0,0.0,0.0,0.0,0.0,0.0,1.0,0.0,0.0,1.0,0.0,0.0,76.93
-0.5419113346545662,0.21396936868423355,-0.015004013649447524,0.4513764069146195,0.11928436533815638,0.2011006039471757,1.0,0.0,0.0,0.0,0.0,1.0,0.0,0.0,0.0,0.0,0.0,1.0,0.0,0.0,0.0,0.0,80.54
-0.5419113346545662,0.735254756043181,0.6857605783284161,0.9228822594129324,0.946175694697668,0.8950077434546929,1.0,0.0,0.0,0.0,0.0,1.0,0.0,0.0,0.0,0.0,0.0,1.0,0.0,0.0,0.0,0.0,74.03
0.9587662074657727,0.021355947270962388,-0.14892329854466174,0.157482924369604,-0.023623309066041622,0.04224078744788897,1.0,0.0,0.0,0.0,0.0,1.0,0.0,0.0,0.0,0.0,0.0,1.0,0.0,0.0,0.0,0.0,74.03
-0.5419113346545662,0.6331976290137074,0.7959464420286756,0.5453292369026693,0.5997450767245207,0.8102358684222783,0.0,1.0,0.0,0.0,0.0,1.0,0.0,0.0,0.0,0.0,0.0,1.0,0.0,0.0,0.0,0.0,72.08
0.9587662074657727,-0.01893522038769667,0.34541841109638605,0.16951791695047663,-0.12094599035502576,0.27724251200656275,0.0,1.0,0.0,0.0,0.0,1.0,0.0,0.0,0.0,0.0,0.0,0.0,0.0,1.0,0.0,0.0,66.82
-0.5419113346545662,-0.2518398094596269,-0.19521522602236271,-0.3002462329897659,-0.07289991921638865,0.0488167878283984,1.0,0.0,0.0,0.0,0.0,1.0,0.0,0.0,0.0,0.0,0.0,1.0,0.0,0.0,0.0,0.0,62.7
0.9587662074657727,1.2111872952246603,1.3349591492296968,1.305581926934595,1.3825852463913404,1.205104818366261,1.0,0.0,0.0,0.0,0.0,1.0,0.0,0.0,0.0,0.0,0.0,1.0,0.0,0.0,0.0,0.0,76.93
-0.5419113346545662,1.544340072651697,1.7059297611732847,1.7361190528964663,1.6250349973322677,2.057871774373065,1.0,0.0,0.0,0.0,0.0,1.0,0.0,0.0,0.0,0.0,0.0,1.0,0.0,0.0,0.0,0.0,45.71
0.9587662074657727,0.12080753305546015,-0.015004013649447524,0.07556508696242682,0.02319222306088558,0.6579520523035044,0.0,1.0,0.0,0.0,0.0,1.0,0.0,0.0,0.0,0.0,0.0,1.0,0.0,0.0,0.0,0.0,72.08
-0.5419113346545662,1.0990068071575678,1.156368866774506,1.1090462168309616,1.3204361438040673,1.114803500659833,1.0,0.0,0.0,0.0,0.0,0.0,0.0,0.0,0.0,0.0,1.0,1.0,0.0,0.0,0.0,0.0,66.82
0.9587662074657727,-0.8353226232556987,-0.8444931959388916,-0.8471037028747643,-0.7994625120770067,-0.9655747060147023,0.0,1.0,0.0,0.0,0.0,1.0,0.0,0.0,0.0,0.0,0.0,1.0,0.0,0.0,0.0,0.0,74.03
-0.5419113346545662,-0.5779062341603306,-0.6907960600478819,-1.1458217028822044,-0.8416370574345722,-1.0933118330624232,1.0,0.0,0.0,0.0,0.0,0.0,0.0,0.0,0.0,0.0,1.0,1.0,0.0,0.0,0.0,0.0,62.7
3.9601212917064506,-0.5779062341603306,-0.015004013649447524,0.6392820668907192,0.3595147210313385,-1.2455956491812006,0.0,1.0,0.0,0.0,0.0,1.0,0.0,0.0,0.0,0.0,0.0,0.0,0.0,1.0,0.0,0.0,58.64
-0.5419113346545662,-0.4886153887884167,-0.10510961983590351,-0.15931698800769445,-0.4092224171868416,-0.40803466052793025,0.0,1.0,0.0,0.0,0.0,0.0,0.0,0.0,0.0,0.0,1.0,0.0,0.0,1.0,0.0,0.0,66.82
-0.5419113346545662,-0.39158256290278703,-0.3754264383952779,-0.2532698179957443,-0.3611763460482079,-0.40803466052793025,0.0,1.0,0.0,0.0,0.0,1.0,0.0,0.0,0.0,0.0,0.0,1.0,0.0,0.0,0.0,0.0,62.7
-0.5419113346545662,0.40029303994177706,-0.015004013649447524,0.4983528219086444,0.21537650761543062,0.505668236184727,0.0,1.0,0.0,0.0,0.0,0.0,0.0,0.0,0.0,0.0,1.0,1.0,0.0,0.0,0.0,0.0,62.7
-0.5419113346545662,1.0058449715287945,0.750893638935446,0.8271877268668155,0.936067574694977,1.114803500659833,1.0,0.0,0.0,0.0,0.0,0.0,0.0,0.0,0.0,0.0,1.0,1.0,0.0,0.0,0.0,0.0,58.64
-0.5419113346545662,-0.6710680697891007,-0.6457432569546523,-0.5351283079598871,-0.553360630602753,-0.25575084440915297,1.0,0.0,0.0,0.0,0.0,1.0,0.0,0.0,0.0,0.0,0.0,1.0,0.0,0.0,0.0,0.0,80.54
-2.0425888767749054,-0.11209705601647008,-0.19521522602236271,0.0285886719684019,0.16733043647679352,0.42952632812534003,0.0,1.0,0.0,0.0,0.0,1.0,0.0,0.0,0.0,0.0,0.0,1.0,0.0,0.0,0.0,0.0,75.71
-0.5419113346545662,-1.3270719094473675,-0.8710072724207971,-1.0048924579001297,-1.2740516976822993,-0.7887442008248718,0.0,1.0,0.0,0.0,0.0,1.0,0.0,0.0,0.0,0.0,0.0,0.0,0.0,1.0,0.0,0.0,66.82
-0.5419113346545662,1.2387495606007246,1.0212104574948204,1.0150933868429117,1.080205788110885,1.3432292248379973,1.0,0.0,0.0,0.0,0.0,1.0,0.0,0.0,0.0,0.0,0.0,1.0,0.0,0.0,0.0,0.0,73.08
-0.5419113346545662,1.2387495606007246,1.291527276054195,1.1560226318249833,1.1762979303881593,1.19094540871922,1.0,0.0,0.0,0.0,0.0,0.0,0.0,0.0,0.0,0.0,1.0,0.0,0.0,1.0,0.0,0.0,72.08
2.4594437495861117,-0.5313253163459439,-0.06005681674267392,-0.01838774302562302,-0.2650842037709337,-0.7887442008248718,1.0,0.0,0.0,0.0,0.0,0.0,0.0,0.0,0.0,0.0,1.0,1.0,0.0,0.0,0.0,0.0,58.64
-0.5419113346545662,-1.216068654600884,-1.2618351343754288,-1.134128453516013,-0.9449323626415652,-0.8105261685589183,1.0,0.0,0.0,0.0,0.0,1.0,0.0,0.0,0.0,0.0,0.0,1.0,0.0,0.0,0.0,0.0,75.7
0.9587662074657727,-0.1586779738308568,-0.06005681674267392,0.0285886719684019,-0.12094599035502576,-0.17960893634976594,1.0,0.0,0.0,0.0,0.0,1.0,0.0,0.0,0.0,0.0,0.0,1.0,0.0,0.0,0.0,0.0,73.08
-0.5419113346545662,-0.06551613820208338,0.07510159253701168,0.21649433194449821,0.07123829419952268,0.0488167878283984,1.0,0.0,0.0,0.0,0.0,1.0,0.0,0.0,0.0,0.0,0.0,1.0,0.0,0.0,0.0,0.0,33.59
0.9587662074657727,0.5448817403705901,0.5466465988495681,0.4923451334510613,0.5097661430039995,-0.19033201873578545,1.0,0.0,0.0,0.0,0.0,0.0,0.0,0.0,0.0,0.0,1.0,1.0,0.0,0.0,0.0,0.0,74.03
-0.5419113346545662,-0.2052588916452402,-0.19521522602236271,-0.3002462329897659,-0.16899206149365945,-0.4841765685873173,1.0,0.0,0.0,0.0,0.0,1.0,0.0,0.0,0.0,0.0,0.0,0.0,0.0,0.0,0.0,1.0,66.82
-0.5419113346545662,1.1635940413065116,1.3349591492296968,1.449094302255221,1.5280550969558955,1.050056280910477,0.0,1.0,0.0,0.0,0.0,1.0,0.0,0.0,0.0,0.0,0.0,1.0,0.0,0.0,0.0,0.0,76.93
-0.5419113346545662,0.12080753305546015,-0.015004013649447524,0.07556508696242682,0.21537650761543062,0.12495869588778542,0.0,1.0,0.0,0.0,0.0,0.0,0.0,0.0,0.0,0.0,1.0,1.0,0.0,0.0,0.0,0.0,66.82
-0.5419113346545662,0.7263594646424807,0.7959464420286756,0.7332348968787656,0.8399754324177028,1.19094540871922,1.0,0.0,0.0,0.0,0.0,1.0,0.0,0.0,0.0,0.0,0.0,1.0,0.0,0.0,0.0,0.0,73.08
-0.5419113346545662,-1.0437154123041912,-0.7358488631411083,-0.9109396279120832,-1.0338213419891171,-1.0171699250030362,0.0,1.0,0.0,0.0,0.0,1.0,0.0,0.0,0.0,0.0,0.0,1.0,0.0,0.0,0.0,0.0,73.08
-0.5419113346545662,-0.39545355315964664,-0.2402680291155923,-0.20629340300171936,-0.21703813263229657,-0.10346702829037889,0.0,1.0,0.0,0.0,0.0,0.0,0.0,0.0,0.0,0.0,1.0,0.0,0.0,1.0,0.0,0.0,66.82
-0.5419113346545662,2.2169488347028325,2.2826889441052303,2.3304330066755896,2.521587922269978,2.1807902134912642,0.0,1.0,0.0,0.0,0.0,0.0,0.0,0.0,0.0,0.0,1.0,1.0,0.0,0.0,0.0,0.0,72.08
-0.5419113346545662,1.3784923140438847,1.4266856853338805,1.3439282918010829,1.1762979303881593,1.4955130409567714,1.0,0.0,0.0,0.0,0.0,1.0,0.0,0.0,0.0,0.0,0.0,1.0,0.0,0.0,0.0,0.0,72.08
-0.5419113346545662,1.7977205743733584,1.8321609131729404,2.0955509317054686,1.8489429263290686,2.2569321215506544,0.0,1.0,0.0,0.0,0.0,1.0,0.0,0.0,0.0,0.0,0.0,1.0,0.0,0.0,0.0,0.0,75.71
-0.5419113346545662,-1.6026864260768217,-1.4116409095395426,-1.521633022834397,-1.5623281245141185,-1.4740213733593648,1.0,0.0,0.0,0.0,0.0,1.0,0.0,0.0,0.0,0.0,0.0,1.0,0.0,0.0,0.0,0.0,73.08
2.4594437495861117,-0.5779062341603306,0.3003656080031564,0.6862584818847407,-0.21703813263229657,-1.0933118330624232,1.0,0.0,0.0,0.0,0.0,0.0,0.0,0.0,0.0,0.0,1.0,1.0,0.0,0.0,0.0,0.0,58.64
-0.5419113346545662,-0.6710680697891007,-0.7358488631411083,-0.7700103829300083,-0.4092224171868416,-0.17960893634976594,1.0,0.0,0.0,0.0,0.0,1.0,0.0,0.0,0.0,0.0,0.0,1.0,0.0,0.0,0.0,0.0,75.71
-0.5419113346545662,-0.5497630997468139,-0.4735225839953004,-0.5600789522335158,-0.5085228109478965,-0.7330018998310279,0.0,1.0,0.0,0.0,0.0,1.0,0.0,0.0,0.0,0.0,0.0,0.0,0.0,0.0,1.0,0.0,65.57
-0.5419113346545662,-1.4629436726336649,-1.4116409095395426,-1.239774532870251,-1.2260056265436623,-1.2455956491812006,0.0,1.0,0.0,0.0,0.0,1.0,0.0,0.0,0.0,0.0,0.0,1.0,0.0,0.0,0.0,0.0,62.7
2.4594437495861117,-0.06551613820208338,0.21026000181669727,0.0285886719684019,-0.21703813263229657,0.7340939603628913,0.0,1.0,0.0,0.0,0.0,0.0,0.0,0.0,0.0,0.0,1.0,1.0,0.0,0.0,0.0,0.0,58.64
-0.5419113346545662,0.2605502864986203,0.34541841109638605,0.16951791695047663,0.16733043647679352,-0.25575084440915297,0.0,1.0,0.0,0.0,0.0,1.0,0.0,0.0,0.0,0.0,0.0,1.0,0.0,0.0,0.0,0.0,80.54
-0.5419113346545662,1.6579778209302016,1.381632882240651,1.5788103667712041,1.5606664994972494,1.6477968570755486,0.0,1.0,0.0,0.0,0.0,1.0,0.0,0.0,0.0,0.0,0.0,1.0,0.0,0.0,0.0,0.0,58.64
-0.5419113346545662,1.2387495606007246,0.9761576544015909,0.7802113118727906,1.2243440015267966,0.8102358684222783,1.0,0.0,0.0,0.0,0.0,0.0,0.0,0.0,0.0,0.0,1.0,1.0,0.0,0.0,0.0,0.0,66.82
-0.5419113346545662,0.21396936868423355,0.21026000181669727,0.357423576926573,0.40756079216997565,0.581810144244114,1.0,0.0,0.0,0.0,0.0,1.0,0.0,0.0,0.0,0.0,0.0,1.0,0.0,0.0,0.0,0.0,75.71
-0.5419113346545662,0.07422661524107345,0.21026000181669727,0.07556508696242682,-0.16899206149365945,-0.10346702829037889,1.0,0.0,0.0,0.0,0.0,0.0,0.0,0.0,0.0,0.0,1.0,1.0,0.0,0.0,0.0,0.0,66.82
-0.5419113346545662,-1.5016281781097722,-1.5864344198260674,-1.468990662597467,-1.4783218147116062,-1.4307203183820512,1.0,0.0,0.0,0.0,0.0,1.0,0.0,0.0,0.0,0.0,0.0,1.0,0.0,0.0,0.0,0.0,75.7
-0.5419113346545662,0.21396936868423355,0.25531280490992686,0.357423576926573,0.2634225787540677,0.3533844200659498,1.0,0.0,0.0,0.0,0.0,0.0,0.0,0.0,0.0,1.0,0.0,1.0,0.0,0.0,0.0,0.0,66.82
-0.5419113346545662,-1.6492673438912082,-1.5918521219124608,-1.615585852822447,-1.6103741956527522,-1.7785890055969162,0.0,1.0,0.0,0.0,0.0,1.0,0.0,0.0,0.0,0.0,0.0,1.0,0.0,0.0,0.0,0.0,80.54
0.9587662074657727,-1.183458165747348,-1.2314296971666274,-1.239774532870251,-1.129913484266388,-1.2455956491812006,0.0,1.0,0.0,0.0,0.0,1.0,0.0,0.0,0.0,0.0,0.0,0.0,0.0,1.0,0.0,0.0,66.82
-0.5419113346545662,-1.1873291560042074,-0.9160600755140267,-1.239774532870251,-1.3220977688209365,-1.7024470975375292,0.0,1.0,0.0,0.0,0.0,1.0,0.0,0.0,0.0,0.0,0.0,1.0,0.0,0.0,0.0,0.0,66.82
2.4594437495861117,0.8195213002712508,0.48057682037607163,0.5453292369026693,0.695837219001795,1.114803500659833,1.0,0.0,0.0,0.0,0.0,1.0,0.0,0.0,0.0,0.0,0.0,1.0,0.0,0.0,0.0,0.0,72.08
-0.5419113346545662,1.5182350674870415,1.47173848842711,1.2029990468190082,1.3204361438040673,1.267087316778607,1.0,0.0,0.0,0.0,0.0,0.0,0.0,0.0,0.0,0.0,1.0,1.0,0.0,0.0,0.0,0.0,72.08
-0.5419113346545662,1.0058449715287945,1.2464744729609654,1.2029990468190082,0.9841136458336142,1.267087316778607,1.0,0.0,0.0,0.0,0.0,1.0,0.0,0.0,0.0,0.0,0.0,1.0,0.0,0.0,0.0,0.0,80.54
-0.5419113346545662,-0.29842072727401364,-0.4204792414885075,-0.2532698179957443,-0.31313027490957085,-0.40803466052793025,0.0,1.0,0.0,0.0,0.0,1.0,0.0,0.0,0.0,0.0,0.0,1.0,0.0,0.0,0.0,0.0,80.54
0.9587662074657727,-1.216068654600884,-1.1227211548965808,-1.3733157457170528,-1.2358720637706788,-0.9655747060147023,0.0,1.0,0.0,0.0,0.0,1.0,0.0,0.0,0.0,0.0,0.0,1.0,0.0,0.0,0.0,0.0,74.03
-0.5419113346545662,-0.9505535766754176,-1.0061656817004825,-0.8639632129180582,-1.177959555405025,-1.0171699250030362,0.0,1.0,0.0,0.0,0.0,1.0,0.0,0.0,0.0,0.0,0.0,1.0,0.0,0.0,0.0,0.0,62.7
-0.5419113346545662,-0.2052588916452402,-0.33037363530204833,-0.3941990629778157,-0.3611763460482079,-0.6364603847060946,0.0,1.0,0.0,0.0,0.0,1.0,0.0,0.0,0.0,0.0,0.0,1.0,0.0,0.0,0.0,0.0,80.54
-0.5419113346545662,0.2605502864986203,0.48057682037607163,0.21649433194449821,0.2634225787540677,0.7340939603628913,1.0,0.0,0.0,0.0,0.0,1.0,0.0,0.0,0.0,0.0,0.0,1.0,0.0,0.0,0.0,0.0,80.54
-0.5419113346545662,0.9592640537144109,0.9311048513083612,1.0620698018369368,0.8399754324177028,1.0386615926004428,0.0,1.0,0.0,0.0,0.0,1.0,0.0,0.0,0.0,0.0,0.0,1.0,0.0,0.0,0.0,0.0,58.64
-0.5419113346545662,0.2605502864986203,0.34541841109638605,0.31044716193254807,0.40756079216997565,0.12495869588778542,1.0,0.0,0.0,0.0,0.0,0.0,0.0,0.0,0.0,0.0,1.0,1.0,0.0,0.0,0.0,0.0,66.82
0.9587662074657727,0.259322216861702,0.45390394586367283,0.5401825918912665,0.4612761928158132,0.8950077434546929,1.0,0.0,0.0,0.0,0.0,1.0,0.0,0.0,0.0,0.0,0.0,1.0,0.0,0.0,0.0,0.0,78.17
-0.5419113346545662,-0.9305091310919958,-0.7981218694459423,-0.9427786197551783,-0.896442412453379,-0.8880504372868087,1.0,0.0,0.0,0.0,0.0,1.0,0.0,0.0,0.0,0.0,0.0,0.0,0.0,1.0,0.0,0.0,74.03
0.9587662074657727,1.0684075334702179,1.1494738432579028,0.7315324256521012,0.9946656448858543,0.8174834747268026,1.0,0.0,0.0,0.0,0.0,1.0,0.0,0.0,0.0,0.0,0.0,0.0,0.0,0.0,0.0,1.0,74.03
0.9587662074657727,-1.4629436726336649,-1.6819577280989169,-1.5686094378284219,-1.6103741956527522,-1.3217375572405876,0.0,1.0,0.0,0.0,0.0,1.0,0.0,0.0,0.0,0.0,0.0,1.0,0.0,0.0,0.0,0.0,33.59
