Age,Filipino_avg,English_avg,Math_avg,AralPan_avg,Science_avg,Gender_F,Gender_M,Mother Tongue_Cebuano / Sinugbuanong Binisay,Mother Tongue_English,Mother Tongue_Hiligaynon,Mother Tongue_Ilocano,Mother Tongue_Kamayo,Mother Tongue_Kapampangan,Mother Tongue_Maranao,Mother Tongue_Pangasinan,Mother Tongue_Tagalog,Nutritional Status_Normal,Nutritional Status_Obese,Nutritional Status_Overweight,Nutritional Status_Severely Wasted,Nutritional Status_Wasted,MPS
-0.5419113346545662,1.3511025560412417,1.4041153008088323,1.3141384774740086,1.4828130088179947,1.282513133451663,0.0,1.0,0.0,0.0,0.0,0.0,0.0,0.0,0.0,0.0,1.0,1.0,0.0,0.0,0.0,0.0,72.08
-0.5419113346545662,2.5192672606578874,2.580443899593167,2.632969357210044,2.540776866312591,2.427765633888058,1.0,0.0,0.0,0.0,0.0,1.0,0.0,0.0,0.0,0.0,0.0,1.0,0.0,0.0,0.0,0.0,58.64
0.9587662074657727,-1.6861256759620367,-1.672436419088656,-1.7945343104752214,-1.8834356286648182,-1.618793200987202,0.0,1.0,0.0,0.0,0.0,0.0,0.0,0.0,0.0,0.0,1.0,0.0,0.0,0.0,1.0,0.0,66.82
-0.5419113346545662,0.9729018206829203,1.539845523745488,1.455441786017154,1.1942774113194674,0.9771124666686256,0.0,1.0,0.0,0.0,0.0,0.0,0.0,0.0,0.0,0.0,1.0,1.0,0.0,0.0,0.0,0.0,66.82
0.9587662074657727,1.0240164387485797,1.042168039644423,0.8431274489968527,0.809563281321433,1.0534626333643842,1.0,0.0,0.0,0.0,0.0,1.0,0.0,0.0,0.0,0.0,0.0,1.0,0.0,0.0,0.0,0.0,62.7
-0.5419113346545662,1.5847354969645708,1.494602116099936,1.690947300255732,1.5789915413175017,1.6642639669304626,0.0,1.0,0.0,0.0,0.0,0.0,0.0,0.0,0.0,0.0,1.0,0.0,1.0,0.0,0.0,0.0,72.08
2.4594437495861117,-1.0786800295613823,-1.0390287120509383,-0.9467144592163419,-1.1620966349185011,-0.7789413673338478,1.0,0.0,0.0,0.0,0.0,0.0,0.0,0.0,0.0,0.0,1.0,1.0,0.0,0.0,0.0,0.0,66.82
-0.5419113346545662,0.5567505569019214,0.45400374025225393,0.6547230376059909,0.8576525475711847,0.671711799885588,0.0,1.0,0.0,0.0,0.0,0.0,0.0,0.0,0.0,0.0,1.0,1.0,0.0,0.0,0.0,0.0,66.82
-0.5419113346545662,1.5847354969645708,1.539845523745488,1.4083406831694378,1.2423666775692224,1.587913800234704,0.0,1.0,0.0,0.0,0.0,1.0,0.0,0.0,0.0,0.0,0.0,1.0,0.0,0.0,0.0,0.0,73.08
-0.5419113346545662,1.1135865192905636,1.5850889313910368,1.5025428888648704,1.53090227506775,1.358863300147425,1.0,0.0,0.0,0.0,0.0,0.0,0.0,0.0,0.0,0.0,1.0,1.0,0.0,0.0,0.0,0.0,66.82
-0.5419113346545662,0.7436569096405874,0.4087603326067052,0.7489252433014202,0.7614740150716778,-0.015439700376248982,0.0,1.0,0.0,0.0,0.0,0.0,0.0,0.0,0.0,1.0,0.0,1.0,0.0,0.0,0.0,0.0,58.64
-0.5419113346545662,-0.6114141477147241,-0.7675682661776297,-0.6170067392823314,-0.6331147061712012,-0.6262410339423274,0.0,1.0,0.0,0.0,0.0,1.0,0.0,0.0,0.0,0.0,0.0,1.0,0.0,0.0,0.0,0.0,75.7
0.9587662074657727,-0.4245077949760581,-0.631838043240977,-0.5699056364346151,-0.2484005761731668,-0.5498908672465688,0.0,1.0,0.0,0.0,0.0,0.0,0.0,0.0,0.0,0.0,1.0,0.0,0.0,0.0,0.0,1.0,62.7
-0.5419113346545662,0.2763910277939292,0.3182735173156012,0.5605208319105585,0.47293841757315025,0.3663111331025472,0.0,1.0,0.0,0.0,0.0,1.0,0.0,0.0,0.0,0.0,0.0,1.0,0.0,0.0,0.0,0.0,62.7
-0.5419113346545662,1.070743026933246,1.1326548549355238,1.219936271778576,1.1461881450697122,0.9771124666686256,1.0,0.0,0.0,0.0,0.0,0.0,0.0,0.0,0.0,0.0,1.0,1.0,0.0,0.0,0.0,0.0,66.82
-0.5419113346545662,-0.9385002650073828,-0.8128116738231816,-0.8054111506731931,-0.9697395699194838,-1.0079918674211268,0.0,1.0,0.0,0.0,0.0,1.0,0.0,0.0,0.0,0.0,0.0,0.0,0.0,0.0,1.0,0.0,74.03
-0.5419113346545662,-0.284328030422062,-0.40562100501322046,-0.33440012219603715,-0.1522220436736565,0.13726063301526817,1.0,0.0,0.0,0.0,0.0,0.0,0.0,0.0,0.0,0.0,1.0,1.0,0.0,0.0,0.0,0.0,66.82
-0.5419113346545662,-0.19087485405272903,-0.40562100501322046,-0.6641078421300477,-0.39266837492242884,-0.6262410339423274,1.0,0.0,0.0,0.0,0.0,1.0,0.0,0.0,0.0,0.0,0.0,1.0,0.0,0.0,0.0,0.0,75.71
-0.5419113346545662,-1.4992193232233741,-1.4462193808608994,-1.7003321047797888,-1.7872570961653111,-1.6951433676829637,0.0,1.0,0.0,0.0,0.0,1.0,0.0,0.0,0.0,0.0,0.0,1.0,0.0,0.0,0.0,0.0,62.7
-0.5419113346545662,-0.5179609713453911,-0.5865946355954251,-0.711208944977764,-0.6331147061712012,-0.5498908672465688,1.0,0.0,0.0,0.0,0.0,1.0,0.0,0.0,0.0,0.0,0.0,1.0,0.0,0.0,0.0,0.0,58.64
0.9587662074657727,-2.153391557808695,-1.8986534573164127,-2.0300398247137994,-2.1719712261633455,-2.0005440344660013,1.0,0.0,0.0,0.0,0.0,1.0,0.0,0.0,0.0,0.0,0.0,1.0,0.0,0.0,0.0,0.0,80.54
-0.5419113346545662,1.1174696151179127,1.087411447289975,1.219936271778576,1.1461881450697122,1.2061629667559046,1.0,0.0,0.0,0.0,0.0,1.0,0.0,0.0,0.0,0.0,0.0,1.0,0.0,0.0,0.0,0.0,62.7
0.9587662074657727,0.2763910277939292,0.1372998867333966,0.18371200912883504,0.2324920863243779,-0.1681400337677694,0.0,1.0,0.0,0.0,0.0,1.0,0.0,0.0,0.0,0.0,0.0,1.0,0.0,0.0,0.0,0.0,66.82
0.9587662074657727,-1.2188597941153785,-1.4009759732153475,-1.3706243848457815,-1.4025429661672735,-1.3133925342041644,0.0,1.0,0.0,0.0,0.0,1.0,0.0,0.0,0.0,0.0,0.0,1.0,0.0,0.0,0.0,0.0,65.57
0.9587662074657727,0.6969303214559209,0.5897339631889098,0.7960263461491365,0.809563281321433,0.7480619665813466,0.0,1.0,0.0,0.0,0.0,0.0,0.0,0.0,0.0,0.0,1.0,0.0,0.0,1.0,0.0,0.0,66.82
-0.5419113346545662,1.911821614257233,2.082766415492102,2.161958328732888,1.9156164050657845,1.740614133626221,1.0,0.0,0.0,0.0,0.0,0.0,0.0,0.0,0.0,0.0,1.0,1.0,0.0,0.0,0.0,0.0,72.08
-0.5419113346545662,1.491282320595238,-0.8128116738231816,0.9373296546922819,0.18440282007462275,-0.3971905338550484,1.0,0.0,0.0,0.0,0.0,1.0,0.0,0.0,0.0,0.0,0.0,1.0,0.0,0.0,0.0,0.0,58.64
-0.5419113346545662,-0.19087485405272903,-0.1794039667854639,-0.19309681365289175,-0.2484005761731668,-0.702591200638086,0.0,1.0,0.0,0.0,0.0,0.0,0.0,0.0,0.0,0.0,1.0,1.0,0.0,0.0,0.0,0.0,66.82
0.9587662074657727,-1.7328522641467032,-1.6271930114431041,-1.511927693388927,-1.691078563665801,-1.5424430342914435,0.0,1.0,0.0,0.0,0.0,1.0,0.0,0.0,0.0,0.0,0.0,1.0,0.0,0.0,0.0,0.0,74.03
-0.5419113346545662,-1.0319534413767157,-0.9032984891142856,-0.8525122535209094,-0.8735610374199736,-0.6262410339423274,0.0,1.0,0.0,0.0,0.0,1.0,0.0,0.0,0.0,0.0,0.0,1.0,0.0,0.0,0.0,0.0,62.7
0.9587662074657727,-2.1066649696240285,-1.8986534573164127,-1.982938721866083,-2.1238819599135903,-2.07689420116176,0.0,1.0,0.0,0.0,0.0,1.0,0.0,0.0,0.0,0.0,0.0,1.0,0.0,0.0,0.0,0.0,80.54
-0.5419113346545662,2.145454555180562,2.2637400460743065,2.303261637276037,2.348419801313574,2.427765633888058,1.0,0.0,0.0,0.0,0.0,0.0,0.0,0.0,0.0,0.0,1.0,1.0,0.0,0.0,0.0,0.0,72.08
-0.5419113346545662,0.93056326237925,0.8159510014166663,0.6076219347582748,0.809563281321433,0.671711799885588,1.0,0.0,0.0,0.0,0.0,1.0,0.0,0.0,0.0,0.0,0.0,1.0,0.0,0.0,0.0,0.0,62.7
-0.5419113346545662,-0.5646875595300576,-0.22464737443101584,-0.38150122504375344,-0.296489842422922,-0.09178986707201083,1.0,0.0,0.0,0.0,0.0,0.0,0.0,0.0,0.0,0.0,1.0,0.0,0.0,0.0,0.0,1.0,66.82
-0.5419113346545662,0.08948467505526325,0.1372998867333966,0.46631862621512593,0.18440282007462275,-0.015439700376248982,0.0,1.0,0.0,0.0,0.0,0.0,0.0,0.0,0.0,0.0,1.0,0.0,0.0,1.0,0.0,0.0,74.03
-0.5419113346545662,1.2109227914872456,1.2231416702266276,1.0315318603877144,1.1461881450697122,0.7480619665813466,0.0,1.0,0.0,0.0,0.0,0.0,0.0,0.0,0.0,0.0,1.0,1.0,0.0,0.0,0.0,0.0,66.82
-0.5419113346545662,1.4445557324105747,1.3588718931632802,1.0315318603877144,1.2904559438189775,1.5115636335389422,0.0,1.0,0.0,0.0,0.0,0.0,0.0,0.0,0.0,0.0,1.0,1.0,0.0,0.0,0.0,0.0,72.08
-0.5419113346545662,1.5847354969645708,1.4493587084543842,1.7380484031034482,1.819437872566274,1.8933144670177415,0.0,1.0,0.0,0.0,0.0,0.0,0.0,0.0,0.0,0.0,1.0,1.0,0.0,0.0,0.0,0.0,76.93
-0.5419113346545662,-0.377781206791395,-0.1794039667854639,-0.38150122504375344,-0.0560435111741496,-0.1681400337677694,1.0,0.0,0.0,0.0,0.0,0.0,0.0,0.0,0.0,0.0,1.0,1.0,0.0,0.0,0.0,0.0,80.54
-0.5419113346545662,0.36984420416325886,0.45400374025225393,0.46631862621512593,0.47293841757315025,0.21361079971103,1.0,0.0,0.0,0.0,0.0,0.0,0.0,0.0,0.0,0.0,1.0,1.0,0.0,0.0,0.0,0.0,66.82
-0.5419113346545662,0.13232816741258066,0.7707075937711144,0.7489252433014202,0.2805813525741331,-0.09178986707201083,1.0,0.0,0.0,0.0,0.0,1.0,0.0,0.0,0.0,0.0,0.0,1.0,0.0,0.0,0.0,0.0,66.82
-0.5419113346545662,-0.050695089498732894,0.1372998867333966,0.2779142148242642,0.6652954825721674,0.13726063301526817,1.0,0.0,0.0,0.0,0.0,0.0,0.0,0.0,0.0,0.0,1.0,1.0,0.0,0.0,0.0,0.0,66.82
6.961476375947129,-0.7515939122687202,-0.677081450886529,-0.8525122535209094,-0.9216503036697287,-1.160692200812644,0.0,1.0,0.0,0.0,0.0,1.0,0.0,0.0,0.0,0.0,0.0,1.0,0.0,0.0,0.0,0.0,78.31
-0.5419113346545662,-1.4524927350387076,-1.4462193808608994,-1.4648265905412108,-1.5468107649165388,-1.0079918674211268,0.0,1.0,0.0,0.0,0.0,1.0,0.0,0.0,0.0,0.0,0.0,1.0,0.0,0.0,0.0,0.0,80.54
0.9587662074657727,-0.4245077949760581,-0.5413512279498731,-0.38150122504375344,-0.5369361736716943,-0.24449020046352798,1.0,0.0,0.0,0.0,0.0,1.0,0.0,0.0,0.0,0.0,0.0,1.0,0.0,0.0,0.0,0.0,78.31
-0.5419113346545662,0.32311761597859234,0.1825432943789486,0.37211642051969673,0.5210276838229054,-0.09178986707201083,1.0,0.0,0.0,0.0,0.0,1.0,0.0,0.0,0.0,0.0,0.0,1.0,0.0,0.0,0.0,0.0,80.54
-0.5419113346545662,-0.6114141477147241,-0.4508644126587724,-0.5699056364346151,-0.6812039724209563,-0.473540700550807,1.0,0.0,0.0,0.0,0.0,1.0,0.0,0.0,0.0,0.0,0.0,0.0,0.0,1.0,0.0,0.0,62.7
-0.5419113346545662,-0.6114141477147241,-0.49610782030432116,-0.5699056364346151,-0.6812039724209563,-0.3208403671592898,0.0,1.0,0.0,0.0,0.0,1.0,0.0,0.0,0.0,0.0,0.0,1.0,0.0,0.0,0.0,0.0,65.57
-0.5419113346545662,-0.14414826586806587,-0.13416055913991193,0.042408700585686236,-0.007954244924394449,-0.3208403671592898,0.0,1.0,0.0,0.0,0.0,0.0,0.0,0.0,0.0,0.0,1.0,1.0,0.0,0.0,0.0,0.0,80.54
-0.5419113346545662,0.18293785142459623,1.042168039644423,0.18371200912883504,0.7614740150716778,0.44266129979830904,1.0,0.0,0.0,0.0,0.0,0.0,0.0,0.0,0.0,0.0,1.0,1.0,0.0,0.0,0.0,0.0,58.64
-0.5419113346545662,-0.050695089498732894,-0.1794039667854639,-0.33440012219603715,-0.007954244924394449,0.2899609664067886,0.0,1.0,0.0,0.0,0.0,1.0,0.0,0.0,0.0,0.0,0.0,1.0,0.0,0.0,0.0,0.0,73.08
-0.5419113346545662,1.0240164387485797,1.4041153008088323,1.2670373746262924,1.098098878819957,1.2061629667559046,1.0,0.0,0.0,0.0,0.0,0.0,0.0,0.0,0.0,0.0,1.0,1.0,0.0,0.0,0.0,0.0,72.08
-0.5419113346545662,0.18293785142459623,0.22778670202449733,0.18371200912883504,0.1363135538248676,0.2899609664067886,0.0,1.0,0.0,0.0,0.0,0.0,0.0,0.0,0.0,0.0,1.0,1.0,0.0,0.0,0.0,0.0,65.57
-0.5419113346545662,0.9772898505639165,0.996924631998871,1.219936271778576,1.00192034632045,0.9771124666686256,0.0,1.0,0.0,0.0,0.0,0.0,0.0,0.0,0.0,0.0,1.0,1.0,0.0,0.0,0.0,0.0,72.08
0.9587662074657727,-1.2188597941153785,-1.1747589349875909,-1.18221997345492,-1.2101859011682563,-1.3133925342041644,1.0,0.0,0.0,0.0,0.0,1.0,0.0,0.0,0.0,0.0,0.0,1.0,0.0,0.0,0.0,0.0,62.7
0.9587662074657727,-0.23760144223739552,-0.2698907820765646,-0.14599571080517548,-0.296489842422922,-0.1681400337677694,0.0,1.0,0.0,0.0,0.0,1.0,0.0,0.0,0.0,0.0,0.0,1.0,0.0,0.0,0.0,0.0,62.7
-0.5419113346545662,0.36984420416325886,0.27303010967004926,0.3250153176719805,0.5210276838229054,0.44266129979830904,1.0,0.0,0.0,0.0,0.0,0.0,1.0,0.0,0.0,0.0,0.0,1.0,0.0,0.0,0.0,0.0,75.7
-0.5419113346545662,-0.19087485405272903,0.0015696637967407363,-0.19309681365289175,-0.10413277742390475,-0.015439700376248982,1.0,0.0,0.0,0.0,0.0,1.0,0.0,0.0,0.0,0.0,0.0,1.0,0.0,0.0,0.0,0.0,80.54
-0.5419113346545662,0.32311761597859234,0.1825432943789486,-0.004692402262030026,0.37675988507363994,0.060910466319509596,0.0,1.0,0.0,0.0,0.0,1.0,0.0,0.0,0.0,0.0,0.0,1.0,0.0,0.0,0.0,0.0,58.64
-0.5419113346545662,0.36984420416325886,0.4087603326067052,0.3250153176719805,0.18440282007462275,0.21361079971103,1.0,0.0,0.0,0.0,0.0,0.0,0.0,0.0,0.0,0.0,1.0,1.0,0.0,0.0,0.0,0.0,66.82
0.9587662074657727,0.8371100860099171,0.4992471478978059,0.5605208319105585,0.7614740150716778,0.671711799885588,1.0,0.0,0.0,0.0,0.0,0.0,0.0,0.0,0.0,0.0,1.0,1.0,0.0,0.0,0.0,0.0,66.82
0.9587662074657727,-0.7983205004533868,-0.8128116738231816,-0.9467144592163419,-0.9216503036697287,-0.7789413673338478,1.0,0.0,0.0,0.0,0.0,1.0,0.0,0.0,0.0,0.0,0.0,1.0,0.0,0.0,0.0,0.0,74.03
-0.5419113346545662,-0.9385002650073828,-1.0842721196964902,-1.1351188706072037,-1.2582751674180113,-1.3133925342041644,0.0,1.0,0.0,0.0,0.0,0.0,0.0,0.0,0.0,0.0,1.0,1.0,0.0,0.0,0.0,0.0,66.82
-0.5419113346545662,1.3978291442259083,1.2683850778721795,1.5025428888648704,1.627080807567257,1.0534626333643842,1.0,0.0,0.0,0.0,0.0,0.0,0.0,0.0,0.0,0.0,1.0,1.0,0.0,0.0,0.0,0.0,72.08
-0.5419113346545662,-0.9852268531920494,-1.265245750278695,-1.2764221791503492,-1.017828836169239,-1.389742700899923,1.0,0.0,0.0,0.0,0.0,1.0,0.0,0.0,0.0,0.0,0.0,1.0,0.0,0.0,0.0,0.0,66.82
0.9587662074657727,-0.7515939122687202,-0.8128116738231816,-0.711208944977764,-0.7773825049204667,-0.7789413673338478,0.0,1.0,0.0,0.0,0.0,1.0,0.0,0.0,0.0,0.0,0.0,1.0,0.0,0.0,0.0,0.0,62.7
3.9601212917064506,-0.23760144223739552,1.6755757466821408,-0.6170067392823314,-0.5850254399214495,-0.5498908672465688,1.0,0.0,0.0,0.0,0.0,1.0,0.0,0.0,0.0,0.0,0.0,1.0,0.0,0.0,0.0,0.0,58.64
0.9587662074657727,0.18293785142459623,0.1825432943789486,0.23081311197654794,0.3286706188238882,0.44266129979830904,0.0,1.0,0.0,0.0,0.0,1.0,0.0,0.0,0.0,0.0,0.0,0.0,0.0,1.0,0.0,0.0,66.82
-0.5419113346545662,-0.09742167768339938,-0.31513418972211654,-0.05179350510974294,-0.10413277742390475,-0.3208403671592898,0.0,1.0,0.0,0.0,0.0,0.0,0.0,0.0,0.0,0.0,1.0,0.0,0.0,1.0,0.0,0.0,66.82
0.9587662074657727,1.2109227914872456,1.042168039644423,1.0315318603877144,1.0500096125702052,1.2061629667559046,0.0,1.0,0.0,0.0,0.0,1.0,0.0,0.0,0.0,0.0,0.0,1.0,0.0,0.0,0.0,0.0,66.82
-0.5419113346545662,0.7903834978252506,0.6802207784800105,0.9373296546922819,0.5691169500726606,0.8244121332771052,0.0,1.0,0.0,0.0,0.0,1.0,0.0,0.0,0.0,0.0,0.0,1.0,0.0,0.0,0.0,0.0,80.54
-0.5419113346545662,-0.9852268531920494,-1.220002342633143,-0.6170067392823314,-1.2101859011682563,-0.8552915340296064,1.0,0.0,0.0,0.0,0.0,1.0,0.0,0.0,0.0,0.0,0.0,1.0,0.0,0.0,0.0,0.0,62.7
0.9587662074657727,1.1641962033025792,1.1326548549355238,1.2670373746262924,1.2904559438189775,1.2061629667559046,0.0,1.0,0.0,0.0,0.0,1.0,0.0,0.0,0.0,0.0,0.0,1.0,0.0,0.0,0.0,0.0,76.93
-0.5419113346545662,1.6781886733339038,1.5850889313910368,1.92645281449431,1.53090227506775,1.587913800234704,0.0,1.0,0.0,0.0,0.0,1.0,0.0,0.0,0.0,0.0,0.0,1.0,0.0,0.0,0.0,0.0,80.54
-0.5419113346545662,0.32311761597859234,0.3635169249611532,0.37211642051969673,0.6172062163224123,0.5190114664940676,1.0,0.0,0.0,0.0,0.0,1.0,0.0,0.0,0.0,0.0,0.0,1.0,0.0,0.0,0.0,0.0,66.82
-0.5419113346545662,0.8371100860099171,0.6349773708344617,0.46631862621512593,0.7133847488219226,0.3663111331025472,1.0,0.0,0.0,0.0,0.0,1.0,0.0,0.0,0.0,0.0,0.0,1.0,0.0,0.0,0.0,0.0,62.7
-2.0425888767749054,-1.1254066177460456,-1.220002342633143,-1.0880177677594873,-1.017828836169239,-0.3971905338550484,0.0,1.0,0.0,0.0,0.0,1.0,0.0,0.0,0.0,0.0,0.0,1.0,0.0,0.0,0.0,0.0,75.71
0.9587662074657727,1.070743026933246,1.042168039644423,1.125734066083147,0.7133847488219226,-0.09178986707201083,0.0,1.0,0.0,0.0,0.0,1.0,0.0,0.0,0.0,0.0,0.0,1.0,0.0,0.0,0.0,0.0,45.71
-0.5419113346545662,-0.7515939122687202,-0.7675682661776297,-0.5699056364346151,-0.20031130992341165,-0.7789413673338478,0.0,1.0,0.0,0.0,0.0,0.0,0.0,0.0,0.0,0.0,1.0,1.0,0.0,0.0,0.0,0.0,66.82
-0.5419113346545662,-0.9385002650073828,-1.0842721196964902,-0.7583100478254768,-0.8735610374199736,-1.160692200812644,0.0,1.0,0.0,0.0,0.0,1.0,0.0,0.0,0.0,0.0,0.0,1.0,0.0,0.0,0.0,0.0,66.82
0.9587662074657727,-0.003968501314066405,-0.08891715149435997,-0.004692402262030026,0.18440282007462275,-0.015439700376248982,0.0,1.0,0.0,0.0,0.0,0.0,0.0,0.0,0.0,0.0,1.0,1.0,0.0,0.0,0.0,0.0,66.82
0.9587662074657727,0.4165707923479253,0.4087603326067052,0.3250153176719805,0.5210276838229054,0.3663111331025472,1.0,0.0,0.0,0.0,0.0,1.0,0.0,0.0,0.0,0.0,0.0,1.0,0.0,0.0,0.0,0.0,66.82
0.9587662074657727,1.3978291442259083,1.494602116099936,1.4083406831694378,1.3866344763184846,1.358863300147425,1.0,0.0,0.0,0.0,0.0,0.0,0.0,0.0,0.0,0.0,1.0,1.0,0.0,0.0,0.0,0.0,72.08
-0.5419113346545662,-0.42839089080341053,-0.08891715149435997,0.18371200912883504,-0.10413277742390475,0.21361079971103,0.0,1.0,0.0,0.0,0.0,1.0,0.0,0.0,0.0,0.0,0.0,0.0,0.0,1.0,0.0,0.0,66.82
0.9587662074657727,1.1641962033025792,0.7707075937711144,0.8431274489968527,1.00192034632045,0.44266129979830904,0.0,1.0,0.0,0.0,0.0,1.0,0.0,0.0,0.0,0.0,0.0,0.0,0.0,1.0,0.0,0.0,74.03
0.9587662074657727,0.603477145086588,0.45400374025225393,0.7489252433014202,0.5691169500726606,0.900762299972867,1.0,0.0,0.0,0.0,0.0,1.0,0.0,0.0,0.0,0.0,0.0,1.0,0.0,0.0,0.0,0.0,62.7
-0.5419113346545662,1.6314620851492374,1.3136284855177316,1.1728351689308598,1.4828130088179947,1.2061629667559046,1.0,0.0,0.0,0.0,0.0,0.0,0.0,0.0,0.0,0.0,1.0,1.0,0.0,0.0,0.0,0.0,62.7
0.9587662074657727,-0.5179609713453911,-0.4508644126587724,-0.4286023278914697,-0.39266837492242884,-0.5498908672465688,0.0,1.0,0.0,0.0,0.0,0.0,0.0,0.0,0.0,0.0,1.0,1.0,0.0,0.0,0.0,0.0,65.57
0.9587662074657727,1.3978291442259083,1.1326548549355238,1.361239580321725,1.2423666775692224,1.129812800060146,0.0,1.0,0.0,0.0,0.0,0.0,0.0,0.0,0.0,0.0,1.0,0.0,0.0,0.0,0.0,1.0,72.08
-0.5419113346545662,-0.14414826586806587,-0.40562100501322046,-0.4286023278914697,-0.10413277742390475,-0.6262410339423274,0.0,1.0,0.0,0.0,0.0,1.0,0.0,0.0,0.0,0.0,0.0,0.0,0.0,1.0,0.0,0.0,62.7
0.9587662074657727,0.9772898505639165,1.042168039644423,0.6547230376059909,1.00192034632045,1.2061629667559046,0.0,1.0,0.0,0.0,0.0,0.0,0.0,0.0,0.0,0.0,1.0,1.0,0.0,0.0,0.0,0.0,66.82
-0.5419113346545662,-0.09742167768339938,0.04681307144229269,-0.004692402262030026,-0.007954244924394449,-0.1681400337677694,0.0,1.0,0.0,0.0,0.0,1.0,0.0,0.0,0.0,0.0,0.0,1.0,0.0,0.0,0.0,0.0,78.31
0.9587662074657727,-0.7983205004533868,-0.677081450886529,-0.475703430739186,-0.6331147061712012,-0.5498908672465688,1.0,0.0,0.0,0.0,0.0,1.0,0.0,0.0,0.0,0.0,0.0,1.0,0.0,0.0,0.0,0.0,74.03
-0.5419113346545662,0.04275808687060008,-0.04367374384880801,-0.2872990193483209,-0.3445791086726771,-0.1681400337677694,0.0,1.0,0.0,0.0,0.0,1.0,0.0,0.0,0.0,0.0,0.0,1.0,0.0,0.0,0.0,0.0,78.31
-0.5419113346545662,0.04275808687060008,0.1372998867333966,0.18371200912883504,-0.007954244924394449,-0.24449020046352798,1.0,0.0,0.0,0.0,0.0,0.0,0.0,0.0,0.0,0.0,1.0,1.0,0.0,0.0,0.0,0.0,66.82
-0.5419113346545662,0.6969303214559209,0.5897339631889098,0.419217523367413,0.5691169500726606,0.900762299972867,1.0,0.0,0.0,0.0,0.0,1.0,0.0,0.0,0.0,0.0,0.0,1.0,0.0,0.0,0.0,0.0,73.08
-0.5419113346545662,1.6781886733339038,1.539845523745488,1.219936271778576,1.627080807567257,1.5115636335389422,0.0,1.0,0.0,0.0,0.0,0.0,0.0,0.0,0.0,0.0,1.0,1.0,0.0,0.0,0.0,0.0,66.82
-0.5419113346545662,1.724915261518567,1.8113059696187934,1.5967450945603028,1.5789915413175017,1.9696646337135002,1.0,0.0,0.0,0.0,0.0,1.0,0.0,0.0,0.0,0.0,0.0,1.0,0.0,0.0,0.0,0.0,73.08
-0.5419113346545662,0.5100239687172583,0.1372998867333966,0.37211642051969673,0.4248491513233951,-0.24449020046352798,1.0,0.0,0.0,0.0,0.0,0.0,0.0,0.0,0.0,0.0,1.0,1.0,0.0,0.0,0.0,0.0,66.82
-0.5419113346545662,0.36984420416325886,0.22778670202449733,0.13661090628111877,0.3286706188238882,0.13726063301526817,1.0,0.0,0.0,0.0,0.0,0.0,0.0,0.0,0.0,0.0,1.0,1.0,0.0,0.0,0.0,0.0,62.7
-0.5419113346545662,0.04275808687060008,0.04681307144229269,-0.14599571080517548,-0.2484005761731668,-0.1681400337677694,1.0,0.0,0.0,0.0,0.0,1.0,0.0,0.0,0.0,0.0,0.0,1.0,0.0,0.0,0.0,0.0,74.93
0.9587662074657727,-0.7515939122687202,-0.677081450886529,-0.8054111506731931,-0.8254717711702219,-0.3971905338550484,1.0,0.0,0.0,0.0,0.0,1.0,0.0,0.0,0.0,0.0,0.0,1.0,0.0,0.0,0.0,0.0,33.59
-0.5419113346545662,0.46329738053259184,0.7707075937711144,0.6076219347582748,0.47293841757315025,0.2899609664067886,0.0,1.0,0.0,0.0,0.0,1.0,0.0,0.0,0.0,0.0,0.0,1.0,0.0,0.0,0.0,0.0,74.93
-0.5419113346545662,1.958548202441896,2.082766415492102,2.2090594315806045,1.819437872566274,1.9696646337135002,1.0,0.0,0.0,0.0,0.0,1.0,0.0,0.0,0.0,0.0,0.0,0.0,1.0,0.0,0.0,0.0,58.64
0.9587662074657727,-1.5926724995927037,-1.5819496037975553,-1.5590287962366434,-1.5949000311662906,-1.160692200812644,0.0,1.0,0.0,0.0,0.0,0.0,0.0,0.0,0.0,0.0,1.0,1.0,0.0,0.0,0.0,0.0,66.82
-0.5419113346545662,1.5380089087799045,1.4041153008088323,1.5025428888648704,1.3866344763184846,1.740614133626221,1.0,0.0,0.0,0.0,0.0,1.0,0.0,0.0,0.0,0.0,0.0,1.0,0.0,0.0,0.0,0.0,76.93
-0.5419113346545662,-0.4245077949760581,-0.2698907820765646,-0.0988946079574592,-0.296489842422922,-0.09178986707201083,0.0,1.0,0.0,0.0,0.0,0.0,0.0,0.0,0.0,0.0,1.0,1.0,0.0,0.0,0.0,0.0,66.82
-0.5419113346545662,1.724915261518567,1.6303323390365887,1.6438461974080159,1.53090227506775,0.9771124666686256,0.0,1.0,0.0,0.0,0.0,0.0,0.0,0.0,0.0,0.0,1.0,0.0,0.0,1.0,0.0,0.0,72.08
-0.5419113346545662,1.070743026933246,0.8611944090622183,0.8431274489968527,0.9057418138209398,1.129812800060146,1.0,0.0,0.0,0.0,0.0,0.0,0.0,0.0,0.0,0.0,1.0,0.0,0.0,1.0,0.0,0.0,66.82
-0.5419113346545662,-0.33105461860672847,-0.31513418972211654,-0.4286023278914697,-0.48884690742193915,-0.5498908672465688,0.0,1.0,0.0,0.0,0.0,0.0,0.0,0.0,0.0,0.0,1.0,1.0,0.0,0.0,0.0,0.0,66.82
-0.5419113346545662,1.070743026933246,1.4041153008088323,1.6438461974080159,1.3385452100687294,1.2061629667559046,0.0,1.0,0.0,0.0,0.0,0.0,0.0,0.0,0.0,0.0,1.0,0.0,0.0,1.0,0.0,0.0,72.08
0.9587662074657727,0.04275808687060008,0.09205647908784466,0.13661090628111877,-0.007954244924394449,-0.1681400337677694,1.0,0.0,0.0,0.0,0.0,0.0,0.0,0.0,0.0,0.0,1.0,1.0,0.0,0.0,0.0,0.0,74.03
3.9601212917064506,-1.3123129704847114,0.6349773708344617,-1.1351188706072037,-0.8254717711702219,-0.6262410339423274,0.0,1.0,0.0,0.0,0.0,1.0,0.0,0.0,0.0,0.0,0.0,1.0,0.0,0.0,0.0,0.0,58.64
-0.5419113346545662,0.6502037332712545,0.5444905555433578,0.46631862621512593,0.5210276838229054,1.0534626333643842,0.0,1.0,0.0,0.0,0.0,0.0,0.0,0.0,0.0,0.0,1.0,1.0,0.0,0.0,0.0,0.0,66.82
-0.5419113346545662,0.7436569096405874,0.5444905555433578,0.6076219347582748,0.7614740150716778,0.671711799885588,0.0,1.0,0.0,0.0,0.0,1.0,0.0,0.0,0.0,0.0,0.0,1.0,0.0,0.0,0.0,0.0,74.03
-0.5419113346545662,-1.2655863823000448,-1.1295155273420423,-1.1351188706072037,-0.6331147061712012,-1.160692200812644,0.0,1.0,0.0,0.0,0.0,1.0,0.0,0.0,0.0,0.0,0.0,0.0,0.0,0.0,0.0,1.0,62.7
-0.5419113346545662,1.5847354969645708,1.6303323390365887,1.7851495059511646,1.53090227506775,1.4352134668431835,0.0,1.0,0.0,0.0,0.0,0.0,0.0,0.0,0.0,0.0,1.0,1.0,0.0,0.0,0.0,0.0,72.08
-0.5419113346545662,0.6969303214559209,0.7707075937711144,0.8431274489968527,0.809563281321433,0.8244121332771052,1.0,0.0,0.0,0.0,0.0,0.0,0.0,0.0,0.0,0.0,1.0,1.0,0.0,0.0,0.0,0.0,66.82
-2.0425888767749054,-0.6114141477147241,-0.8128116738231816,-0.8054111506731931,-0.7292932386707115,-0.8552915340296064,1.0,0.0,0.0,0.0,0.0,1.0,0.0,0.0,0.0,0.0,0.0,1.0,0.0,0.0,0.0,0.0,80.54
-0.5419113346545662,-1.4992193232233741,-1.4914627885064515,-1.511927693388927,-1.4987214986667836,-1.618793200987202,1.0,0.0,0.0,0.0,0.0,1.0,0.0,0.0,0.0,0.0,0.0,1.0,0.0,0.0,0.0,0.0,66.82
-0.5419113346545662,-0.8917736768227164,-0.9937853044053863,-1.0880177677594873,-0.9697395699194838,-0.6262410339423274,0.0,1.0,0.0,0.0,0.0,1.0,0.0,0.0,0.0,0.0,0.0,1.0,0.0,0.0,0.0,0.0,80.54
-0.5419113346545662,1.8650950260725665,1.7660625619732446,1.8793517116465939,1.9637056713155394,1.816964300321983,1.0,0.0,0.0,0.0,0.0,1.0,0.0,0.0,0.0,0.0,0.0,1.0,0.0,0.0,0.0,0.0,78.31
-0.5419113346545662,0.2296644396092627,0.22778670202449733,0.13661090628111877,0.18440282007462275,0.13726063301526817,0.0,1.0,0.0,0.0,0.0,0.0,0.0,0.0,0.0,0.0,1.0,1.0,0.0,0.0,0.0,0.0,66.82
0.9587662074657727,-0.377781206791395,-0.5413512279498731,-0.38150122504375344,-0.48884690742193915,-0.015439700376248982,1.0,0.0,0.0,0.0,0.0,1.0,0.0,0.0,0.0,0.0,0.0,1.0,0.0,0.0,0.0,0.0,80.54
-0.5419113346545662,-0.33105461860672847,-0.31513418972211654,-0.38150122504375344,-0.3445791086726771,-0.3208403671592898,1.0,0.0,0.0,0.0,0.0,0.0,0.0,0.0,0.0,0.0,1.0,1.0,0.0,0.0,0.0,0.0,66.82
-0.5419113346545662,-0.377781206791395,-0.40562100501322046,-0.33440012219603715,-0.2484005761731668,-0.1681400337677694,0.0,1.0,0.0,0.0,0.0,1.0,0.0,0.0,0.0,0.0,0.0,1.0,0.0,0.0,0.0,0.0,62.7
-0.5419113346545662,1.8650950260725665,1.6755757466821408,1.7380484031034482,2.011794937565295,1.8933144670177415,1.0,0.0,0.0,0.0,0.0,1.0,0.0,0.0,0.0,0.0,0.0,1.0,0.0,0.0,0.0,0.0,76.93
-0.5419113346545662,-0.6114141477147241,-0.7223248585320777,-0.711208944977764,-0.440757641172184,-0.473540700550807,1.0,0.0,0.0,0.0,0.0,1.0,0.0,0.0,0.0,0.0,0.0,0.0,0.0,0.0,0.0,1.0,66.82
0.9587662074657727,-1.2655863823000448,-1.220002342633143,-1.2293210763026328,-1.017828836169239,-1.4660928675956848,0.0,1.0,0.0,0.0,0.0,1.0,0.0,0.0,0.0,0.0,0.0,1.0,0.0,0.0,0.0,0.0,80.54
-0.5419113346545662,-0.8450470886380532,-0.7675682661776297,-0.8525122535209094,-0.7292932386707115,-0.24449020046352798,0.0,1.0,0.0,0.0,0.0,0.0,0.0,0.0,0.0,0.0,1.0,0.0,0.0,1.0,0.0,0.0,66.82
-0.5419113346545662,1.3978291442259083,1.539845523745488,1.5025428888648704,1.53090227506775,1.4352134668431835,0.0,1.0,0.0,0.0,0.0,0.0,0.0,0.0,0.0,0.0,1.0,1.0,0.0,0.0,0.0,0.0,72.08
0.9587662074657727,-1.7328522641467032,-1.6271930114431041,-1.511927693388927,-1.5949000311662906,-1.618793200987202,0.0,1.0,0.0,0.0,0.0,1.0,0.0,0.0,0.0,0.0,0.0,1.0,0.0,0.0,0.0,0.0,62.7
0.9587662074657727,-0.284328030422062,-0.1794039667854639,0.042408700585686236,-0.20031130992341165,-0.1681400337677694,1.0,0.0,0.0,0.0,0.0,1.0,0.0,0.0,0.0,0.0,0.0,1.0,0.0,0.0,0.0,0.0,73.08
-2.0425888767749054,0.04275808687060008,0.1372998867333966,-0.0988946079574592,0.18440282007462275,0.21361079971103,0.0,1.0,0.0,0.0,0.0,1.0,0.0,0.0,0.0,0.0,0.0,1.0,0.0,0.0,0.0,0.0,58.64
-0.5419113346545662,0.5100239687172583,0.5897339631889098,0.3250153176719805,0.2324920863243779,0.3663111331025472,1.0,0.0,0.0,0.0,0.0,0.0,0.0,0.0,0.0,0.0,1.0,1.0,0.0,0.0,0.0,0.0,72.08
-0.5419113346545662,-0.7983205004533868,-0.8580550814687337,-0.8054111506731931,-0.8735610374199736,-1.0843420341168855,1.0,0.0,0.0,0.0,0.0,1.0,0.0,0.0,0.0,0.0,0.0,1.0,0.0,0.0,0.0,0.0,78.31
-0.5419113346545662,0.6969303214559209,0.6802207784800105,0.7018241404537039,0.6172062163224123,0.44266129979830904,1.0,0.0,0.0,0.0,0.0,1.0,0.0,0.0,0.0,0.0,0.0,1.0,0.0,0.0,0.0,0.0,80.54
-0.5419113346545662,1.3978291442259083,1.5850889313910368,1.8322506087988808,1.9156164050657845,1.6642639669304626,1.0,0.0,0.0,0.0,0.0,0.0,0.0,0.0,0.0,0.0,1.0,1.0,0.0,0.0,0.0,0.0,72.08
-0.5419113346545662,1.5847354969645708,1.539845523745488,1.5025428888648704,1.723259340066767,1.358863300147425,0.0,1.0,0.0,0.0,0.0,1.0,0.0,0.0,0.0,0.0,0.0,1.0,0.0,0.0,0.0,0.0,62.7
0.9587662074657727,-0.7983205004533868,-0.9032984891142856,-0.6170067392823314,-0.9216503036697287,-1.160692200812644,0.0,1.0,0.0,0.0,0.0,1.0,0.0,0.0,0.0,0.0,0.0,1.0,0.0,0.0,0.0,0.0,62.7
0.9587662074657727,-0.19087485405272903,-0.08891715149435997,-0.14599571080517548,-0.1522220436736565,0.13726063301526817,1.0,0.0,0.0,0.0,0.0,0.0,0.0,0.0,0.0,0.0,1.0,1.0,0.0,0.0,0.0,0.0,66.82
-0.5419113346545662,-0.14414826586806587,-0.2698907820765646,-0.2872990193483209,-0.1522220436736565,-0.5498908672465688,0.0,1.0,0.0,0.0,0.0,0.0,0.0,0.0,0.0,0.0,1.0,1.0,0.0,0.0,0.0,0.0,66.82
2.4594437495861117,-0.14414826586806587,-0.22464737443101584,-0.19309681365289175,-0.10413277742390475,-0.6262410339423274,0.0,1.0,0.0,0.0,0.0,1.0,0.0,0.0,0.0,0.0,0.0,1.0,0.0,0.0,0.0,0.0,62.7
-0.5419113346545662,0.36984420416325886,0.3635169249611532,0.5134197290628422,0.47293841757315025,0.671711799885588,0.0,1.0,0.0,0.0,0.0,1.0,0.0,0.0,0.0,0.0,0.0,1.0,0.0,0.0,0.0,0.0,72.08
-0.5419113346545662,1.1174696151179127,1.494602116099936,1.361239580321725,1.1461881450697122,0.9771124666686256,1.0,0.0,0.0,0.0,0.0,1.0,0.0,0.0,0.0,0.0,0.0,1.0,0.0,0.0,0.0,0.0,80.54
-0.5419113346545662,-0.6114141477147241,-0.8128116738231816,-0.7583100478254768,-0.8735610374199736,-0.3208403671592898,0.0,1.0,0.0,0.0,0.0,1.0,0.0,0.0,0.0,0.0,0.0,1.0,0.0,0.0,0.0,0.0,33.59
0.9587662074657727,1.2109227914872456,1.4493587084543842,1.2670373746262924,1.4347237425682398,1.358863300147425,0.0,1.0,0.0,0.0,0.0,1.0,0.0,0.0,0.0,0.0,0.0,1.0,0.0,0.0,0.0,0.0,76.93
0.9587662074657727,1.8650950260725665,2.03752300784655,1.7380484031034482,2.1079734700648016,1.816964300321983,1.0,0.0,0.0,0.0,0.0,0.0,0.0,0.0,0.0,0.0,1.0,1.0,0.0,0.0,0.0,0.0,72.08
-0.5419113346545662,0.04275808687060008,0.22778670202449733,-0.0988946079574592,0.08822428757511586,0.21361079971103,1.0,0.0,0.0,0.0,0.0,0.0,0.0,0.0,0.0,0.0,1.0,1.0,0.0,0.0,0.0,0.0,66.82
0.9587662074657727,-0.47123438316072463,-0.5865946355954251,-0.6641078421300477,-0.6331147061712012,-0.3208403671592898,1.0,0.0,0.0,0.0,0.0,1.0,0.0,0.0,0.0,0.0,0.0,1.0,0.0,0.0,0.0,0.0,80.54
-0.5419113346545662,0.04275808687060008,0.0015696637967407363,-0.004692402262030026,0.18440282007462275,0.3663111331025472,1.0,0.0,0.0,0.0,0.0,0.0,0.0,0.0,0.0,0.0,1.0,1.0,0.0,0.0,0.0,0.0,66.82
-0.5419113346545662,0.8371100860099171,0.8159510014166663,0.8431274489968527,0.6172062163224123,0.8244121332771052,1.0,0.0,0.0,0.0,0.0,1.0,0.0,0.0,0.0,0.0,0.0,1.0,0.0,0.0,0.0,0.0,72.08
3.9601212917064506,0.04275808687060008,-0.04367374384880801,0.042408700585686236,0.08822428757511586,-0.015439700376248982,1.0,0.0,0.0,0.0,0.0,1.0,0.0,0.0,0.0,0.0,0.0,1.0,0.0,0.0,0.0,0.0,74.03
-0.5419113346545662,0.32311761597859234,0.1825432943789486,0.2779142148242642,0.37675988507363994,0.2899609664067886,0.0,1.0,0.0,0.0,0.0,0.0,0.0,0.0,0.0,0.0,1.0,1.0,0.0,0.0,0.0,0.0,66.82
-0.5419113346545662,0.46329738053259184,0.45400374025225393,0.419217523367413,0.2324920863243779,-0.24449020046352798,1.0,0.0,0.0,0.0,0.0,0.0,0.0,0.0,0.0,0.0,1.0,1.0,0.0,0.0,0.0,0.0,66.82
-0.5419113346545662,-0.5179609713453911,-0.5413512279498731,-0.475703430739186,-0.440757641172184,0.2899609664067886,1.0,0.0,0.0,0.0,0.0,1.0,0.0,0.0,0.0,0.0,0.0,1.0,0.0,0.0,0.0,0.0,80.54
0.9587662074657727,0.603477145086588,0.5444905555433578,0.890228551844569,0.7133847488219226,0.7480619665813466,0.0,1.0,0.0,0.0,0.0,1.0,0.0,0.0,0.0,0.0,0.0,0.0,0.0,1.0,0.0,0.0,62.7
0.9587662074657727,0.08948467505526325,-0.1794039667854639,-0.0988946079574592,-0.2484005761731668,-0.015439700376248982,1.0,0.0,0.0,0.0,0.0,0.0,0.0,0.0,0.0,0.0,1.0,1.0,0.0,0.0,0.0,0.0,66.82
0.9587662074657727,1.1641962033025792,1.3588718931632802,1.0786329632354306,1.2423666775692224,0.9771124666686256,1.0,0.0,0.0,0.0,0.0,0.0,0.0,0.0,0.0,0.0,1.0,1.0,0.0,0.0,0.0,0.0,72.08
0.9587662074657727,-1.7795788523313696,-1.6271930114431041,-1.747433207627505,-1.7872570961653111,-1.4660928675956848,0.0,1.0,0.0,0.0,0.0,1.0,0.0,0.0,0.0,0.0,0.0,1.0,0.0,0.0,0.0,0.0,66.82
0.9587662074657727,1.491282320595238,1.5850889313910368,1.5025428888648704,1.5789915413175017,1.2061629667559046,1.0,0.0,0.0,0.0,0.0,0.0,0.0,0.0,0.0,0.0,1.0,1.0,0.0,0.0,0.0,0.0,72.08
-0.5419113346545662,0.5567505569019214,0.7254641861255624,0.9844307575399981,0.6652954825721674,0.44266129979830904,1.0,0.0,0.0,0.0,0.0,1.0,0.0,0.0,0.0,0.0,0.0,1.0,0.0,0.0,0.0,0.0,66.82
-0.5419113346545662,-2.1066649696240285,-1.8986534573164127,-2.0300398247137994,-1.9796141611643283,-1.7714935343787224,1.0,0.0,0.0,0.0,0.0,1.0,0.0,0.0,0.0,0.0,0.0,1.0,0.0,0.0,0.0,0.0,80.54
-0.5419113346545662,0.46329738053259184,0.3182735173156012,0.23081311197654794,0.2805813525741331,0.3663111331025472,0.0,1.0,0.0,0.0,0.0,1.0,0.0,0.0,0.0,0.0,0.0,0.0,0.0,1.0,0.0,0.0,74.03
0.9587662074657727,-1.63939908777737,-1.5819496037975553,-1.7003321047797888,-1.5949000311662906,-1.4660928675956848,0.0,1.0,0.0,0.0,0.0,0.0,0.0,0.0,0.0,1.0,0.0,1.0,0.0,0.0,0.0,0.0,74.03
-0.5419113346545662,0.603477145086588,0.3635169249611532,0.7489252433014202,0.6652954825721674,0.8244121332771052,1.0,0.0,0.0,0.0,0.0,1.0,0.0,0.0,0.0,0.0,0.0,1.0,0.0,0.0,0.0,0.0,62.7
-0.5419113346545662,0.7436569096405874,1.042168039644423,0.7960263461491365,0.6172062163224123,0.5953616331898262,0.0,1.0,0.0,0.0,0.0,0.0,0.0,1.0,0.0,0.0,0.0,1.0,0.0,0.0,0.0,0.0,66.82
-0.5419113346545662,0.2763910277939292,0.27303010967004926,0.23081311197654794,0.2805813525741331,-0.09178986707201083,0.0,1.0,0.0,0.0,0.0,1.0,0.0,0.0,0.0,0.0,0.0,1.0,0.0,0.0,0.0,0.0,80.54
-0.5419113346545662,1.070743026933246,1.1326548549355238,1.125734066083147,0.953831080070695,1.2061629667559046,1.0,0.0,0.0,0.0,0.0,0.0,0.0,0.0,0.0,0.0,1.0,1.0,0.0,0.0,0.0,0.0,66.82
-0.5419113346545662,0.7436569096405874,0.7707075937711144,0.7960263461491365,0.8576525475711847,1.358863300147425,0.0,1.0,0.0,0.0,0.0,1.0,0.0,0.0,0.0,0.0,0.0,1.0,0.0,0.0,0.0,0.0,58.64
-0.5419113346545662,1.8650950260725665,1.7208191543276927,1.7851495059511646,1.819437872566274,1.8933144670177415,1.0,0.0,0.0,0.0,0.0,0.0,0.0,0.0,0.0,0.0,1.0,1.0,0.0,0.0,0.0,0.0,72.08
-0.5419113346545662,1.3511025560412417,1.3136284855177316,1.4083406831694378,1.3866344763184846,1.6642639669304626,1.0,0.0,0.0,0.0,0.0,1.0,0.0,0.0,0.0,0.0,0.0,1.0,0.0,0.0,0.0,0.0,58.64
0.9587662074657727,0.9772898505639165,0.9064378167077671,0.9844307575399981,1.00192034632045,1.282513133451663,0.0,1.0,0.0,0.0,0.0,1.0,0.0,0.0,0.0,0.0,0.0,1.0,0.0,0.0,0.0,0.0,62.7
-0.5419113346545662,-1.7328522641467032,-1.717679826734208,-1.7003321047797888,-1.691078563665801,-1.4660928675956848,1.0,0.0,0.0,0.0,0.0,1.0,0.0,0.0,0.0,0.0,0.0,1.0,0.0,0.0,0.0,0.0,66.82
-0.5419113346545662,-1.7795788523313696,-1.6271930114431041,-1.7003321047797888,-1.5468107649165388,-1.7714935343787224,0.0,1.0,0.0,0.0,0.0,0.0,0.0,0.0,0.0,0.0,1.0,1.0,0.0,0.0,0.0,0.0,66.82
0.9587662074657727,0.4165707923479253,0.3635169249611532,0.5134197290628422,0.37675988507363994,0.5953616331898262,1.0,0.0,0.0,0.0,0.0,1.0,0.0,0.0,0.0,0.0,0.0,0.0,0.0,0.0,0.0,1.0,62.7
3.9601212917064506,-2.013211793254699,-1.9438968649619646,-1.9358376190183668,-1.9315248949145734,-1.9241938677702428,0.0,1.0,0.0,0.0,0.0,1.0,0.0,0.0,0.0,0.0,0.0,1.0,0.0,0.0,0.0,0.0,80.54
-0.5419113346545662,-0.8917736768227164,-0.5865946355954251,-0.8996133563686256,-0.2484005761731668,-1.160692200812644,0.0,1.0,0.0,0.0,0.0,1.0,0.0,0.0,0.0,0.0,0.0,1.0,0.0,0.0,0.0,0.0,66.82
-0.5419113346545662,-1.172133205930712,-1.1747589349875909,-1.2293210763026328,-1.017828836169239,-1.160692200812644,0.0,1.0,0.0,0.0,0.0,1.0,0.0,0.0,0.0,0.0,0.0,1.0,0.0,0.0,0.0,0.0,62.7
-0.5419113346545662,-1.0786800295613823,-1.0842721196964902,-1.417725487693498,-1.2582751674180113,-1.389742700899923,1.0,0.0,0.0,0.0,0.0,1.0,0.0,0.0,0.0,0.0,0.0,1.0,0.0,0.0,0.0,0.0,80.54
0.9587662074657727,-1.3590395586693746,-1.4462193808608994,-1.2293210763026328,-1.3063644336677664,-1.160692200812644,0.0,1.0,0.0,0.0,0.0,1.0,0.0,0.0,0.0,0.0,0.0,1.0,0.0,0.0,0.0,0.0,62.7
-0.5419113346545662,-1.63939908777737,-1.672436419088656,-1.6532310019320757,-1.691078563665801,-1.9241938677702428,0.0,1.0,0.0,0.0,0.0,1.0,0.0,0.0,0.0,0.0,0.0,1.0,0.0,0.0,0.0,0.0,80.54
-0.5419113346545662,1.491282320595238,1.4493587084543842,1.4083406831694378,1.4828130088179947,1.129812800060146,0.0,1.0,0.0,0.0,0.0,0.0,0.0,0.0,0.0,0.0,1.0,1.0,0.0,0.0,0.0,0.0,66.82
-0.5419113346545662,1.1641962033025792,1.5850889313910368,1.219936271778576,1.3866344763184846,1.587913800234704,0.0,1.0,0.0,0.0,0.0,0.0,0.0,0.0,0.0,0.0,1.0,1.0,0.0,0.0,0.0,0.0,72.08
0.9587662074657727,-0.19087485405272903,-0.13416055913991193,-0.0988946079574592,-0.20031130992341165,-0.1681400337677694,0.0,1.0,0.0,0.0,0.0,1.0,0.0,0.0,0.0,0.0,0.0,1.0,0.0,0.0,0.0,0.0,74.03
-0.5419113346545662,-0.6581407358993873,-0.8128116738231816,-0.6641078421300477,-0.6331147061712012,-0.702591200638086,1.0,0.0,0.0,0.0,0.0,1.0,0.0,0.0,0.0,0.0,0.0,1.0,0.0,0.0,0.0,0.0,75.7
-0.5419113346545662,1.491282320595238,1.5850889313910368,1.455441786017154,1.5789915413175017,1.4352134668431835,0.0,1.0,0.0,0.0,0.0,0.0,0.0,0.0,0.0,0.0,1.0,1.0,0.0,0.0,0.0,0.0,72.08
-0.5419113346545662,0.5100239687172583,0.5444905555433578,0.46631862621512593,0.6172062163224123,0.5953616331898262,1.0,0.0,0.0,0.0,0.0,1.0,0.0,0.0,0.0,0.0,0.0,1.0,0.0,0.0,0.0,0.0,62.7
-0.5419113346545662,-0.5646875595300576,-0.8580550814687337,-0.7583100478254768,-0.6812039724209563,-1.0843420341168855,0.0,1.0,0.0,0.0,0.0,1.0,0.0,0.0,0.0,0.0,0.0,1.0,0.0,0.0,0.0,0.0,65.57
-0.5419113346545662,0.08948467505526325,-0.13416055913991193,-0.33440012219603715,-0.20031130992341165,0.21361079971103,1.0,0.0,0.0,0.0,0.0,1.0,0.0,0.0,0.0,0.0,0.0,1.0,0.0,0.0,0.0,0.0,33.59
-0.5419113346545662,0.13232816741258066,0.3635169249611532,0.46631862621512593,0.2805813525741331,0.21361079971103,1.0,0.0,0.0,0.0,0.0,0.0,0.0,0.0,0.0,0.0,1.0,1.0,0.0,0.0,0.0,0.0,66.82
-0.5419113346545662,-1.3590395586693746,-1.220002342633143,-1.2764221791503492,-1.3544536999175183,-1.3133925342041644,1.0,0.0,0.0,0.0,0.0,1.0,0.0,0.0,0.0,0.0,0.0,1.0,0.0,0.0,0.0,0.0,80.54
0.9587662074657727,-1.3590395586693746,-1.4009759732153475,-1.5590287962366434,-1.4987214986667836,-1.4660928675956848,0.0,1.0,0.0,0.0,0.0,0.0,0.0,0.0,0.0,0.0,1.0,0.0,0.0,0.0,1.0,0.0,66.82
-0.5419113346545662,1.1174696151179127,1.1778982625810757,1.219936271778576,1.1461881450697122,1.282513133451663,0.0,1.0,0.0,0.0,0.0,0.0,0.0,0.0,0.0,0.0,1.0,0.0,0.0,1.0,0.0,0.0,76.93
-0.5419113346545662,0.46329738053259184,0.4992471478978059,0.46631862621512593,0.37675988507363994,-0.09178986707201083,1.0,0.0,0.0,0.0,0.0,1.0,0.0,0.0,0.0,0.0,0.0,1.0,0.0,0.0,0.0,0.0,66.82
-0.5419113346545662,-0.054578185326081954,0.4087603326067052,0.2779142148242642,-0.007954244924394449,0.13726063301526817,1.0,0.0,0.0,0.0,0.0,1.0,0.0,0.0,0.0,0.0,0.0,1.0,0.0,0.0,0.0,0.0,66.82
-0.5419113346545662,1.4445557324105747,1.8565493772643453,1.5025428888648704,1.675170073817012,1.740614133626221,1.0,0.0,0.0,0.0,0.0,0.0,0.0,0.0,0.0,0.0,1.0,0.0,0.0,1.0,0.0,0.0,72.08
2.4594437495861117,-1.6861256759620367,-1.672436419088656,-1.6061298990843595,-1.4506322324170287,-1.5424430342914435,1.0,0.0,0.0,0.0,0.0,1.0,0.0,0.0,0.0,0.0,0.0,0.0,0.0,1.0,0.0,0.0,65.57
-0.5419113346545662,1.5380089087799045,1.4041153008088323,1.5496439917125866,1.627080807567257,1.0534626333643842,0.0,1.0,0.0,0.0,0.0,0.0,0.0,0.0,0.0,0.0,1.0,1.0,0.0,0.0,0.0,0.0,72.08
0.9587662074657727,0.7903834978252506,0.6802207784800105,0.890228551844569,0.8576525475711847,0.8244121332771052,0.0,1.0,0.0,0.0,0.0,0.0,0.0,0.0,0.0,0.0,1.0,1.0,0.0,0.0,0.0,0.0,72.08
-0.5419113346545662,2.192181143365225,2.3542268613654107,2.35036274012375,2.252241268814067,2.50411580058382,0.0,1.0,0.0,0.0,0.0,0.0,0.0,0.0,0.0,0.0,1.0,1.0,0.0,0.0,0.0,0.0,72.08
-0.5419113346545662,-1.172133205930712,-0.9937853044053863,-0.8996133563686256,-0.9216503036697287,-1.0079918674211268,1.0,0.0,0.0,0.0,0.0,1.0,0.0,0.0,0.0,0.0,0.0,1.0,0.0,0.0,0.0,0.0,66.82
-0.5419113346545662,-0.8450470886380532,-0.8580550814687337,-0.711208944977764,-0.7773825049204667,-0.8552915340296064,0.0,1.0,0.0,0.0,0.0,1.0,0.0,0.0,0.0,0.0,0.0,1.0,0.0,0.0,0.0,0.0,66.82
-0.5419113346545662,-0.7515939122687202,-0.9032984891142856,-0.4286023278914697,-0.5369361736716943,-0.6262410339423274,0.0,1.0,0.0,0.0,0.0,1.0,0.0,0.0,0.0,0.0,0.0,1.0,0.0,0.0,0.0,0.0,75.7
-0.5419113346545662,-1.3590395586693746,-1.4009759732153475,-1.2764221791503492,-1.2582751674180113,-1.5424430342914435,0.0,1.0,0.0,0.0,0.0,1.0,0.0,0.0,0.0,0.0,0.0,1.0,0.0,0.0,0.0,0.0,62.7
-0.5419113346545662,0.46329738053259184,0.4087603326067052,0.46631862621512593,0.3286706188238882,0.3663111331025472,1.0,0.0,0.0,0.0,0.0,1.0,0.0,0.0,0.0,0.0,0.0,1.0,0.0,0.0,0.0,0.0,74.03
0.9587662074657727,0.04275808687060008,0.04681307144229269,0.08950980343340251,0.08822428757511586,0.21361079971103,0.0,1.0,0.0,0.0,0.0,0.0,0.0,0.0,0.0,0.0,1.0,1.0,0.0,0.0,0.0,0.0,66.82
0.9587662074657727,-0.050695089498732894,-0.22464737443101584,0.18371200912883504,-0.2484005761731668,-0.015439700376248982,0.0,1.0,0.0,0.0,0.0,1.0,0.0,0.0,0.0,0.0,0.0,1.0,0.0,0.0,0.0,0.0,73.08
-0.5419113346545662,1.7716418497032336,1.6755757466821408,1.5496439917125866,1.4828130088179947,1.587913800234704,1.0,0.0,0.0,0.0,0.0,1.0,0.0,0.0,0.0,0.0,0.0,1.0,0.0,0.0,0.0,0.0,66.82
-0.5419113346545662,1.2576493796719088,1.1778982625810757,1.2670373746262924,1.1942774113194674,1.0534626333643842,1.0,0.0,0.0,0.0,0.0,0.0,0.0,0.0,0.0,0.0,1.0,1.0,0.0,0.0,0.0,0.0,66.82
0.9587662074657727,0.32311761597859234,0.5444905555433578,0.37211642051969673,0.47293841757315025,0.44266129979830904,0.0,1.0,0.0,0.0,0.0,1.0,0.0,0.0,0.0,0.0,0.0,1.0,0.0,0.0,0.0,0.0,80.54
0.9587662074657727,1.1641962033025792,1.3136284855177316,1.0786329632354306,1.2423666775692224,1.6642639669304626,0.0,1.0,0.0,0.0,0.0,1.0,0.0,0.0,0.0,0.0,0.0,1.0,0.0,0.0,0.0,0.0,73.08
0.9587662074657727,0.2763910277939292,0.1825432943789486,0.18371200912883504,0.2324920863243779,0.21361079971103,1.0,0.0,0.0,0.0,0.0,1.0,0.0,0.0,0.0,0.0,0.0,1.0,0.0,0.0,0.0,0.0,75.7
0.9587662074657727,0.7436569096405874,0.5444905555433578,0.37211642051969673,0.4248491513233951,0.5190114664940676,1.0,0.0,0.0,0.0,0.0,1.0,0.0,0.0,0.0,0.0,0.0,0.0,0.0,1.0,0.0,0.0,62.7
-0.5419113346545662,-0.5646875595300576,-0.7675682661776297,-0.6641078421300477,-0.5369361736716943,-0.1681400337677694,0.0,1.0,0.0,0.0,0.0,1.0,0.0,0.0,0.0,0.0,0.0,1.0,0.0,0.0,0.0,0.0,74.03
-0.5419113346545662,0.93056326237925,0.951681224353319,1.0315318603877144,1.2423666775692224,0.900762299972867,0.0,1.0,0.0,0.0,0.0,1.0,0.0,0.0,0.0,0.0,0.0,1.0,0.0,0.0,0.0,0.0,75.7
-0.5419113346545662,-0.09742167768339938,-0.22464737443101584,-0.33440012219603715,0.040135021325360704,-0.24449020046352798,1.0,0.0,0.0,0.0,0.0,0.0,0.0,0.0,0.0,0.0,1.0,1.0,0.0,0.0,0.0,0.0,66.82
0.9587662074657727,-0.377781206791395,-0.4508644126587724,-0.4286023278914697,-0.3445791086726771,-0.5498908672465688,0.0,1.0,0.0,0.0,0.0,1.0,0.0,0.0,0.0,0.0,0.0,0.0,0.0,1.0,0.0,0.0,66.82
0.9587662074657727,1.8183684378879,2.3089834537198586,2.0206550201897424,1.8675271388160293,1.8933144670177415,1.0,0.0,0.0,0.0,0.0,0.0,0.0,0.0,0.0,0.0,1.0,1.0,0.0,0.0,0.0,0.0,72.08
0.9587662074657727,-1.3123129704847114,-1.3557325655697987,-1.0409166649117712,-1.114007368668746,-1.3133925342041644,0.0,1.0,0.0,0.0,0.0,0.0,0.0,0.0,0.0,0.0,1.0,1.0,0.0,0.0,0.0,0.0,74.03
-0.5419113346545662,-1.0786800295613823,-1.0842721196964902,-1.1351188706072037,-1.017828836169239,-1.389742700899923,0.0,1.0,0.0,0.0,0.0,1.0,0.0,0.0,0.0,0.0,0.0,0.0,0.0,0.0,0.0,1.0,62.7
0.9587662074657727,-0.6114141477147241,-0.5413512279498731,-0.475703430739186,-0.5369361736716943,-0.5498908672465688,1.0,0.0,0.0,0.0,0.0,0.0,0.0,0.0,1.0,0.0,0.0,1.0,0.0,0.0,0.0,0.0,66.82
0.9587662074657727,1.5380089087799045,1.2231416702266276,1.455441786017154,1.3385452100687294,1.0534626333643842,1.0,0.0,0.0,0.0,0.0,0.0,0.0,0.0,0.0,0.0,1.0,1.0,0.0,0.0,0.0,0.0,66.82
-0.5419113346545662,-0.7087504199114028,-0.5413512279498731,-0.7583100478254768,-0.9697395699194838,-0.931641700725365,1.0,0.0,0.0,0.0,0.0,0.0,0.0,0.0,0.0,0.0,1.0,1.0,0.0,0.0,0.0,0.0,66.82
-0.5419113346545662,-0.4245077949760581,-0.8128116738231816,-0.7583100478254768,-0.5369361736716943,-0.5498908672465688,0.0,1.0,0.0,0.0,0.0,0.0,0.0,0.0,0.0,0.0,1.0,1.0,0.0,0.0,0.0,0.0,66.82
-0.5419113346545662,1.2576493796719088,1.3136284855177316,0.8431274489968527,1.2423666775692224,1.587913800234704,1.0,0.0,0.0,0.0,0.0,1.0,0.0,0.0,0.0,0.0,0.0,0.0,0.0,1.0,0.0,0.0,76.93
-0.5419113346545662,0.36984420416325886,-0.5413512279498731,-1.1351188706072037,-0.007954244924394449,-0.7789413673338478,1.0,0.0,0.0,0.0,0.0,0.0,0.0,0.0,0.0,0.0,1.0,0.0,1.0,0.0,0.0,0.0,58.64
-0.5419113346545662,-1.0786800295613823,-0.9937853044053863,-1.2764221791503492,-0.9216503036697287,-1.160692200812644,0.0,1.0,0.0,0.0,0.0,0.0,0.0,0.0,0.0,0.0,1.0,1.0,0.0,0.0,0.0,0.0,66.82
-0.5419113346545662,-0.33105461860672847,-0.5865946355954251,-0.6170067392823314,-0.39266837492242884,-0.1681400337677694,1.0,0.0,0.0,0.0,0.0,1.0,0.0,0.0,0.0,0.0,0.0,1.0,0.0,0.0,0.0,0.0,78.31
-0.5419113346545662,0.2296644396092627,0.1372998867333966,0.23081311197654794,0.040135021325360704,-0.24449020046352798,1.0,0.0,0.0,0.0,0.0,0.0,0.0,0.0,0.0,0.0,1.0,1.0,0.0,0.0,0.0,0.0,66.82
-0.5419113346545662,-1.4992193232233741,-1.5367061961520034,-1.417725487693498,-1.4506322324170287,-1.389742700899923,1.0,0.0,0.0,0.0,0.0,0.0,0.0,0.0,0.0,0.0,1.0,0.0,0.0,0.0,1.0,0.0,66.82
-0.5419113346545662,-0.9385002650073828,-0.8580550814687337,-1.0880177677594873,-0.5850254399214495,-1.0843420341168855,1.0,0.0,0.0,0.0,0.0,0.0,0.0,0.0,0.0,0.0,1.0,1.0,0.0,0.0,0.0,0.0,66.82
0.9587662074657727,-1.172133205930712,-1.0842721196964902,-1.1351188706072037,-1.1620966349185011,-1.237042367508406,1.0,0.0,0.0,0.0,0.0,1.0,0.0,0.0,0.0,0.0,0.0,1.0,0.0,0.0,0.0,0.0,74.03
-0.5419113346545662,1.1641962033025792,1.042168039644423,1.0786329632354306,1.1461881450697122,0.8244121332771052,1.0,0.0,0.0,0.0,0.0,0.0,0.0,0.0,0.0,0.0,1.0,1.0,0.0,0.0,0.0,0.0,72.08
0.9587662074657727,0.2763910277939292,0.22778670202449733,0.13661090628111877,0.18440282007462275,0.21361079971103,0.0,1.0,0.0,0.0,0.0,1.0,0.0,0.0,0.0,0.0,0.0,1.0,0.0,0.0,0.0,0.0,62.7
-0.5419113346545662,-0.7048673240840537,-0.7675682661776297,-0.8054111506731931,-0.8735610374199736,-0.6262410339423274,1.0,0.0,0.0,0.0,0.0,1.0,0.0,0.0,0.0,0.0,0.0,1.0,0.0,0.0,0.0,0.0,62.7
-0.5419113346545662,-0.003968501314066405,-0.2698907820765646,0.042408700585686236,-0.1522220436736565,-0.24449020046352798,0.0,1.0,0.0,0.0,0.0,1.0,0.0,0.0,0.0,0.0,0.0,1.0,0.0,0.0,0.0,0.0,58.64
-0.5419113346545662,-1.4992193232233741,-1.265245750278695,-1.2764221791503492,-1.4025429661672735,-1.237042367508406,0.0,1.0,0.0,0.0,0.0,1.0,0.0,0.0,0.0,0.0,0.0,1.0,0.0,0.0,0.0,0.0,80.54
-0.5419113346545662,-0.23760144223739552,-0.2698907820765646,-0.4286023278914697,-0.20031130992341165,-0.1681400337677694,0.0,1.0,0.0,0.0,0.0,1.0,0.0,0.0,0.0,0.0,0.0,1.0,0.0,0.0,0.0,0.0,62.7
-0.5419113346545662,-0.23760144223739552,-0.13416055913991193,-0.0988946079574592,-0.007954244924394449,-0.09178986707201083,1.0,0.0,0.0,0.0,0.0,1.0,0.0,0.0,0.0,0.0,0.0,1.0,0.0,0.0,0.0,0.0,66.82
-0.5419113346545662,1.1641962033025792,1.5850889313910368,1.361239580321725,1.2423666775692224,0.21361079971103,0.0,1.0,0.0,0.0,0.0,1.0,0.0,0.0,0.0,0.0,0.0,0.0,0.0,1.0,0.0,0.0,33.59
0.9587662074657727,1.7716418497032336,1.494602116099936,1.361239580321725,1.53090227506775,1.5115636335389422,1.0,0.0,0.0,0.0,0.0,0.0,0.0,0.0,0.0,0.0,1.0,1.0,0.0,0.0,0.0,0.0,72.08
2.4594437495861117,-2.3402979105473576,-2.1248704955441693,-2.218444236104661,-2.3643282911623626,-2.1532443678575217,0.0,1.0,0.0,0.0,0.0,1.0,0.0,0.0,0.0,0.0,0.0,1.0,0.0,0.0,0.0,0.0,80.54
-0.5419113346545662,-1.4992193232233741,-1.4462193808608994,-1.417725487693498,-1.4506322324170287,-1.237042367508406,1.0,0.0,0.0,0.0,0.0,1.0,0.0,0.0,0.0,0.0,0.0,1.0,0.0,0.0,0.0,0.0,80.54
-0.5419113346545662,1.6781886733339038,1.7208191543276927,1.125734066083147,1.675170073817012,1.8933144670177415,0.0,1.0,0.0,0.0,0.0,1.0,0.0,0.0,0.0,0.0,0.0,1.0,0.0,0.0,0.0,0.0,58.64
-0.5419113346545662,-0.19087485405272903,-0.08891715149435997,-0.14599571080517548,-0.20031130992341165,-0.24449020046352798,0.0,1.0,0.0,0.0,0.0,1.0,0.0,0.0,0.0,0.0,0.0,1.0,0.0,0.0,0.0,0.0,62.7
-0.5419113346545662,-1.0319534413767157,-0.9937853044053863,-1.18221997345492,-0.9216503036697287,-1.0079918674211268,0.0,1.0,0.0,0.0,0.0,1.0,0.0,0.0,0.0,0.0,0.0,1.0,0.0,0.0,0.0,0.0,62.7
-0.5419113346545662,-0.7048673240840537,-0.3603775973676685,-0.33440012219603715,-0.3445791086726771,-0.1681400337677694,0.0,1.0,0.0,0.0,0.0,0.0,0.0,0.0,0.0,0.0,1.0,1.0,0.0,0.0,0.0,0.0,66.82
-0.5419113346545662,-1.0319534413767157,-0.5413512279498731,-1.0880177677594873,-0.8735610374199736,-0.931641700725365,0.0,1.0,0.0,0.0,0.0,0.0,0.0,0.0,0.0,0.0,1.0,1.0,0.0,0.0,0.0,0.0,66.82
-0.5419113346545662,-0.377781206791395,-0.5413512279498731,-0.475703430739186,-0.39266837492242884,-0.702591200638086,0.0,1.0,0.0,0.0,0.0,1.0,0.0,0.0,0.0,0.0,0.0,1.0,0.0,0.0,0.0,0.0,80.54
-0.5419113346545662,-0.7983205004533868,-0.9032984891142856,-0.8525122535209094,-0.8735610374199736,-0.8552915340296064,0.0,1.0,0.0,0.0,0.0,1.0,0.0,0.0,0.0,0.0,0.0,1.0,0.0,0.0,0.0,0.0,75.7
-0.5419113346545662,1.4445557324105747,1.539845523745488,1.5496439917125866,1.5789915413175017,1.4352134668431835,1.0,0.0,0.0,0.0,0.0,1.0,0.0,0.0,0.0,0.0,0.0,1.0,0.0,0.0,0.0,0.0,62.7
-0.5419113346545662,-1.2655863823000448,-1.220002342633143,-1.4648265905412108,-1.4506322324170287,-1.0843420341168855,0.0,1.0,0.0,0.0,0.0,1.0,0.0,0.0,0.0,0.0,0.0,1.0,0.0,0.0,0.0,0.0,66.82
-0.5419113346545662,-0.003968501314066405,0.0015696637967407363,-0.004692402262030026,-0.007954244924394449,-0.3208403671592898,0.0,1.0,0.0,0.0,0.0,1.0,0.0,0.0,0.0,0.0,0.0,1.0,0.0,0.0,0.0,0.0,66.82
0.9587662074657727,1.070743026933246,1.042168039644423,0.890228551844569,0.7614740150716778,1.282513133451663,0.0,1.0,0.0,0.0,0.0,1.0,0.0,0.0,0.0,0.0,0.0,1.0,0.0,0.0,0.0,0.0,73.08
-0.5419113346545662,-0.14414826586806587,-0.31513418972211654,0.042408700585686236,-0.1522220436736565,-0.24449020046352798,0.0,1.0,0.0,0.0,0.0,1.0,0.0,0.0,0.0,0.0,0.0,1.0,0.0,0.0,0.0,0.0,58.64
0.9587662074657727,-0.47123438316072463,-0.49610782030432116,-0.5699056364346151,-0.6812039724209563,-0.3971905338550484,0.0,1.0,0.0,0.0,0.0,0.0,0.0,0.0,0.0,0.0,1.0,1.0,0.0,0.0,0.0,0.0,66.82
-0.5419113346545662,1.070743026933246,1.042168039644423,0.9373296546922819,0.6172062163224123,1.2061629667559046,1.0,0.0,0.0,0.0,0.0,0.0,0.0,0.0,0.0,0.0,1.0,1.0,0.0,0.0,0.0,0.0,76.93
2.4594437495861117,-0.33105461860672847,-0.4508644126587724,-0.240197916500608,-0.39266837492242884,-0.5498908672465688,1.0,0.0,0.0,0.0,0.0,1.0,0.0,0.0,0.0,0.0,0.0,1.0,0.0,0.0,0.0,0.0,80.54
-0.5419113346545662,1.1641962033025792,1.2683850778721795,1.3141384774740086,1.098098878819957,1.129812800060146,0.0,1.0,0.0,0.0,0.0,1.0,0.0,0.0,0.0,0.0,0.0,1.0,0.0,0.0,0.0,0.0,80.54
0.9587662074657727,-1.405766146854041,-1.220002342633143,-1.2764221791503492,-1.2101859011682563,-1.0079918674211268,0.0,1.0,0.0,0.0,0.0,1.0,0.0,0.0,0.0,0.0,0.0,1.0,0.0,0.0,0.0,0.0,80.54
-0.5419113346545662,0.13621126323992974,-0.04367374384880801,0.08950980343340251,0.2324920863243779,-0.1681400337677694,1.0,0.0,0.0,0.0,0.0,1.0,0.0,0.0,0.0,0.0,0.0,1.0,0.0,0.0,0.0,0.0,80.54
0.9587662074657727,0.2296644396092627,0.1372998867333966,0.2779142148242642,0.1363135538248676,-0.24449020046352798,0.0,1.0,0.0,0.0,0.0,0.0,0.0,0.0,0.0,0.0,1.0,1.0,0.0,0.0,0.0,0.0,78.31
0.9587662074657727,-0.6581407358993873,-0.7223248585320777,-0.711208944977764,-0.48884690742193915,-0.6262410339423274,0.0,1.0,0.0,0.0,0.0,1.0,0.0,0.0,0.0,0.0,0.0,1.0,0.0,0.0,0.0,0.0,62.7
-0.5419113346545662,1.0080310271487538,1.2683850778721795,1.3141384774740086,1.2904559438189775,1.129812800060146,0.0,1.0,0.0,0.0,0.0,1.0,0.0,0.0,0.0,0.0,0.0,1.0,0.0,0.0,0.0,0.0,62.7
-0.5419113346545662,-1.8263054405160328,-1.808166642025312,-1.7945343104752214,-1.9796141611643283,-1.618793200987202,1.0,0.0,0.0,0.0,0.0,1.0,0.0,0.0,0.0,0.0,0.0,1.0,0.0,0.0,0.0,0.0,75.7
0.9587662074657727,-0.003968501314066405,-0.08891715149435997,-0.19309681365289175,-0.007954244924394449,-0.09178986707201083,1.0,0.0,0.0,0.0,0.0,0.0,0.0,0.0,0.0,0.0,1.0,0.0,0.0,0.0,0.0,1.0,66.82
3.9601212917064506,0.2763910277939292,0.6349773708344617,-0.0988946079574592,-1.4025429661672735,-0.473540700550807,0.0,1.0,0.0,0.0,0.0,1.0,0.0,0.0,0.0,0.0,0.0,1.0,0.0,0.0,0.0,0.0,58.64
0.9587662074657727,0.8371100860099171,0.7707075937711144,1.0786329632354306,0.809563281321433,0.900762299972867,1.0,0.0,0.0,0.0,0.0,1.0,0.0,0.0,0.0,0.0,0.0,1.0,0.0,0.0,0.0,0.0,66.82
-0.5419113346545662,0.04275808687060008,0.0015696637967407363,-0.19309681365289175,0.1363135538248676,-0.3971905338550484,1.0,0.0,0.0,0.0,0.0,0.0,0.0,0.0,0.0,0.0,1.0,1.0,0.0,0.0,0.0,0.0,66.82
0.9587662074657727,1.3978291442259083,1.6303323390365887,1.690947300255732,1.5789915413175017,1.9696646337135002,1.0,0.0,0.0,0.0,0.0,1.0,0.0,0.0,0.0,0.0,0.0,1.0,0.0,0.0,0.0,0.0,76.93
-0.5419113346545662,-1.8263054405160328,-1.717679826734208,-1.747433207627505,-1.8834356286648182,-1.7714935343787224,1.0,0.0,0.0,0.0,0.0,1.0,0.0,0.0,0.0,0.0,0.0,1.0,0.0,0.0,0.0,0.0,80.54
-0.5419113346545662,1.0240164387485797,1.087411447289975,0.9373296546922819,0.8576525475711847,1.0534626333643842,1.0,0.0,0.0,0.0,0.0,0.0,0.0,0.0,0.0,0.0,1.0,1.0,0.0,0.0,0.0,0.0,66.82
-0.5419113346545662,-0.24148453806474457,0.6802207784800105,0.08950980343340251,0.08822428757511586,-0.3971905338550484,1.0,0.0,0.0,0.0,0.0,1.0,0.0,0.0,0.0,0.0,0.0,1.0,0.0,0.0,0.0,0.0,66.82
0.9587662074657727,0.8371100860099171,1.042168039644423,0.5605208319105585,0.6172062163224123,0.5953616331898262,1.0,0.0,0.0,0.0,0.0,1.0,0.0,0.0,0.0,0.0,0.0,0.0,0.0,1.0,0.0,0.0,74.03
-0.5419113346545662,-0.47123438316072463,-0.7223248585320777,-0.5699056364346151,-0.3445791086726771,-0.5498908672465688,0.0,1.0,0.0,0.0,0.0,1.0,0.0,0.0,0.0,0.0,0.0,1.0,0.0,0.0,0.0,0.0,75.7
-0.5419113346545662,0.7436569096405874,0.7707075937711144,0.7960263461491365,0.7614740150716778,0.44266129979830904,1.0,0.0,0.0,0.0,0.0,0.0,0.0,0.0,0.0,0.0,1.0,1.0,0.0,0.0,0.0,0.0,66.82
0.9587662074657727,0.04275808687060008,-0.1794039667854639,-0.14599571080517548,-0.10413277742390475,0.13726063301526817,0.0,1.0,0.0,0.0,0.0,1.0,0.0,0.0,0.0,0.0,0.0,1.0,0.0,0.0,0.0,0.0,33.59
2.4594437495861117,-1.1254066177460456,-1.0390287120509383,-1.417725487693498,-0.9697395699194838,-1.0079918674211268,0.0,1.0,0.0,0.0,0.0,0.0,0.0,0.0,0.0,0.0,1.0,1.0,0.0,0.0,0.0,0.0,66.82
0.9587662074657727,-0.284328030422062,-0.13416055913991193,0.23081311197654794,-0.20031130992341165,-0.015439700376248982,1.0,0.0,0.0,0.0,0.0,0.0,0.0,0.0,0.0,0.0,1.0,1.0,0.0,0.0,0.0,0.0,66.82
-0.5419113346545662,-0.377781206791395,-0.22464737443101584,-0.38150122504375344,-0.440757641172184,-0.7789413673338478,0.0,1.0,0.0,0.0,0.0,0.0,0.0,0.0,0.0,0.0,1.0,1.0,0.0,0.0,0.0,0.0,66.82
-0.5419113346545662,-0.4245077949760581,-0.3603775973676685,-0.4286023278914697,-0.296489842422922,-0.015439700376248982,1.0,0.0,0.0,0.0,0.0,1.0,0.0,0.0,0.0,0.0,0.0,1.0,0.0,0.0,0.0,0.0,62.7
3.9601212917064506,0.08948467505526325,-0.49610782030432116,-0.0988946079574592,0.47293841757315025,-1.4660928675956848,0.0,1.0,0.0,0.0,0.0,0.0,0.0,0.0,0.0,0.0,1.0,1.0,0.0,0.0,0.0,0.0,58.64
-0.5419113346545662,1.491282320595238,1.9017927849098974,2.0677561230374586,1.675170073817012,1.5115636335389422,0.0,1.0,0.0,0.0,0.0,0.0,0.0,0.0,0.0,0.0,1.0,1.0,0.0,0.0,0.0,0.0,72.08
-0.5419113346545662,-1.3590395586693746,-1.3557325655697987,-1.4648265905412108,-1.4506322324170287,-1.6951433676829637,0.0,1.0,0.0,0.0,0.0,1.0,0.0,0.0,0.0,0.0,0.0,1.0,0.0,0.0,0.0,0.0,80.54
-0.5419113346545662,0.32311761597859234,0.1825432943789486,0.6076219347582748,0.5691169500726606,0.5190114664940676,1.0,0.0,0.0,0.0,0.0,0.0,0.0,0.0,0.0,0.0,1.0,1.0,0.0,0.0,0.0,0.0,66.82
-0.5419113346545662,2.145454555180562,2.2637400460743065,2.303261637276037,2.348419801313574,2.427765633888058,0.0,1.0,0.0,0.0,0.0,0.0,0.0,0.0,0.0,0.0,1.0,0.0,0.0,1.0,0.0,0.0,72.08
-0.5419113346545662,0.13621126323992974,0.1372998867333966,0.18371200912883504,0.08822428757511586,-0.09178986707201083,1.0,0.0,0.0,0.0,0.0,1.0,0.0,0.0,0.0,0.0,0.0,1.0,0.0,0.0,0.0,0.0,74.03
-0.5419113346545662,1.0240164387485797,1.1326548549355238,0.7018241404537039,0.6652954825721674,0.8244121332771052,1.0,0.0,0.0,0.0,0.0,0.0,0.0,0.0,0.0,0.0,1.0,1.0,0.0,0.0,0.0,0.0,66.82
-0.5419113346545662,1.911821614257233,2.03752300784655,2.161958328732888,1.7713486063165222,1.8933144670177415,1.0,0.0,0.0,0.0,0.0,0.0,0.0,0.0,0.0,0.0,1.0,1.0,0.0,0.0,0.0,0.0,72.08
0.9587662074657727,0.08948467505526325,-0.22464737443101584,0.042408700585686236,-0.007954244924394449,-0.3208403671592898,1.0,0.0,0.0,0.0,0.0,1.0,0.0,0.0,0.0,0.0,0.0,1.0,0.0,0.0,0.0,0.0,80.54
0.9587662074657727,1.0240164387485797,1.087411447289975,1.2670373746262924,1.2423666775692224,1.0534626333643842,1.0,0.0,0.0,0.0,0.0,0.0,0.0,0.0,0.0,0.0,1.0,1.0,0.0,0.0,0.0,0.0,66.82
-0.5419113346545662,1.2109227914872456,1.1326548549355238,1.455441786017154,1.0500096125702052,1.4352134668431835,0.0,1.0,0.0,0.0,0.0,0.0,0.0,0.0,0.0,0.0,1.0,1.0,0.0,0.0,0.0,0.0,80.54
-0.5419113346545662,0.46329738053259184,0.6349773708344617,0.5134197290628422,0.47293841757315025,0.44266129979830904,1.0,0.0,0.0,0.0,0.0,1.0,0.0,0.0,0.0,0.0,0.0,1.0,0.0,0.0,0.0,0.0,75.7
-0.5419113346545662,-0.4245077949760581,-0.4508644126587724,-0.2872990193483209,-0.39266837492242884,-0.3971905338550484,1.0,0.0,0.0,0.0,0.0,1.0,0.0,0.0,0.0,0.0,0.0,0.0,0.0,1.0,0.0,0.0,80.54
0.9587662074657727,-0.9852268531920494,-0.9032984891142856,-1.2293210763026328,-1.114007368668746,-1.0843420341168855,0.0,1.0,0.0,0.0,0.0,1.0,0.0,0.0,0.0,0.0,0.0,1.0,0.0,0.0,0.0,0.0,62.7
-0.5419113346545662,0.08948467505526325,0.22778670202449733,0.13661090628111877,0.08822428757511586,0.2899609664067886,1.0,0.0,0.0,0.0,0.0,1.0,0.0,0.0,0.0,0.0,0.0,0.0,0.0,1.0,0.0,0.0,58.64
0.9587662074657727,-1.0786800295613823,-1.0842721196964902,-1.18221997345492,-1.065918102418994,-0.931641700725365,0.0,1.0,0.0,0.0,0.0,0.0,0.0,0.0,0.0,0.0,1.0,1.0,0.0,0.0,0.0,0.0,66.82
-0.5419113346545662,-0.19087485405272903,-0.04367374384880801,0.042408700585686236,-0.1522220436736565,0.44266129979830904,0.0,1.0,0.0,0.0,0.0,1.0,0.0,0.0,0.0,0.0,0.0,0.0,0.0,1.0,0.0,0.0,62.7
-0.5419113346545662,-0.09742167768339938,0.22778670202449733,-0.05179350510974294,0.08822428757511586,0.3663111331025472,1.0,0.0,0.0,0.0,0.0,0.0,0.0,0.0,0.0,0.0,1.0,1.0,0.0,0.0,0.0,0.0,72.08
-0.5419113346545662,-1.172133205930712,-1.1295155273420423,-1.1351188706072037,-0.8735610374199736,-0.702591200638086,1.0,0.0,0.0,0.0,0.0,1.0,0.0,0.0,0.0,0.0,0.0,1.0,0.0,0.0,0.0,0.0,75.71
-0.5419113346545662,1.3978291442259083,1.2683850778721795,1.1728351689308598,1.2423666775692224,1.358863300147425,1.0,0.0,0.0,0.0,0.0,1.0,0.0,0.0,0.0,0.0,0.0,1.0,0.0,0.0,0.0,0.0,58.64
0.9587662074657727,0.46329738053259184,0.3182735173156012,0.23081311197654794,0.37675988507363994,0.44266129979830904,1.0,0.0,0.0,0.0,0.0,1.0,0.0,0.0,0.0,0.0,0.0,0.0,0.0,0.0,0.0,1.0,62.7
0.9587662074657727,0.18293785142459623,0.09205647908784466,0.18371200912883504,0.08822428757511586,-0.473540700550807,0.0,1.0,0.0,0.0,0.0,0.0,0.0,0.0,0.0,0.0,1.0,1.0,0.0,0.0,0.0,0.0,66.82
-0.5419113346545662,0.9772898505639165,0.951681224353319,0.890228551844569,0.953831080070695,1.282513133451663,1.0,0.0,0.0,0.0,0.0,1.0,0.0,0.0,0.0,0.0,0.0,1.0,0.0,0.0,0.0,0.0,33.59
-0.5419113346545662,-1.3123129704847114,-1.3557325655697987,-1.2293210763026328,-1.2582751674180113,-1.5424430342914435,0.0,1.0,0.0,0.0,0.0,1.0,0.0,0.0,0.0,0.0,0.0,1.0,0.0,0.0,0.0,0.0,62.7
0.9587662074657727,1.070743026933246,0.7707075937711144,0.5134197290628422,0.6172062163224123,0.900762299972867,1.0,0.0,0.0,0.0,0.0,1.0,0.0,0.0,0.0,0.0,0.0,1.0,0.0,0.0,0.0,0.0,75.71
-0.5419113346545662,-0.10130477351074844,-0.13416055913991193,-0.004692402262030026,-0.39266837492242884,-0.6262410339423274,1.0,0.0,0.0,0.0,0.0,1.0,0.0,0.0,0.0,0.0,0.0,1.0,0.0,0.0,0.0,0.0,66.82
0.9587662074657727,1.0196284088675869,0.9957792290789481,0.8246447379078293,0.8664951580879595,0.9771124666686256,0.0,1.0,0.0,0.0,0.0,0.0,0.0,0.0,0.0,0.0,1.0,0.0,0.0,1.0,0.0,0.0,66.82
2.4594437495861117,0.18293785142459623,0.0015696637967407363,0.18371200912883504,-0.007954244924394449,0.060910466319509596,1.0,0.0,0.0,0.0,0.0,1.0,0.0,0.0,0.0,0.0,0.0,1.0,0.0,0.0,0.0,0.0,78.31
-0.5419113346545662,0.08948467505526325,-0.49610782030432116,-0.19309681365289175,-0.296489842422922,0.44266129979830904,1.0,0.0,0.0,0.0,0.0,0.0,0.0,0.0,0.0,0.0,1.0,1.0,0.0,0.0,0.0,0.0,58.64
0.9587662074657727,-0.377781206791395,-0.5865946355954251,-0.2872990193483209,-0.1522220436736565,-0.473540700550807,1.0,0.0,0.0,0.0,0.0,1.0,0.0,0.0,0.0,0.0,0.0,1.0,0.0,0.0,0.0,0.0,75.7
0.9587662074657727,-1.63939908777737,-1.4462193808608994,-1.417725487693498,-1.5949000311662906,-1.5424430342914435,1.0,0.0,0.0,0.0,0.0,1.0,0.0,0.0,0.0,0.0,0.0,1.0,0.0,0.0,0.0,0.0,62.7
2.4594437495861117,0.17466672571625094,0.9052924137878474,0.7304425322123967,1.0500096125702052,0.5953616331898262,1.0,0.0,0.0,0.0,0.0,0.0,0.0,0.0,1.0,0.0,0.0,1.0,0.0,0.0,0.0,0.0,66.82
0.9587662074657727,0.32311761597859234,0.1825432943789486,0.13661090628111877,0.08822428757511586,-0.015439700376248982,0.0,1.0,0.0,0.0,0.0,1.0,0.0,0.0,0.0,0.0,0.0,1.0,0.0,0.0,0.0,0.0,74.03
0.9587662074657727,2.145454555180562,2.3089834537198586,2.1148572258851717,2.252241268814067,2.275065300496541,1.0,0.0,0.0,0.0,0.0,0.0,0.0,0.0,0.0,0.0,1.0,1.0,0.0,0.0,0.0,0.0,72.08
-0.5419113346545662,-1.5926724995927037,-1.265245750278695,-1.6061298990843595,-1.691078563665801,-1.3133925342041644,0.0,1.0,0.0,0.0,0.0,1.0,0.0,0.0,0.0,0.0,0.0,1.0,0.0,0.0,0.0,0.0,80.54
0.9587662074657727,0.603477145086588,0.4087603326067052,0.46631862621512593,0.6652954825721674,0.7480619665813466,0.0,1.0,0.0,0.0,0.0,0.0,0.0,0.0,0.0,0.0,1.0,1.0,0.0,0.0,0.0,0.0,66.82
-0.5419113346545662,1.2109227914872456,1.2231416702266276,1.0786329632354306,1.0500096125702052,0.9771124666686256,1.0,0.0,0.0,0.0,0.0,0.0,0.0,0.0,0.0,0.0,1.0,1.0,0.0,0.0,0.0,0.0,66.82
-0.5419113346545662,-0.14414826586806587,0.1372998867333966,-0.0988946079574592,-0.2484005761731668,-0.24449020046352798,0.0,1.0,0.0,0.0,0.0,1.0,0.0,0.0,0.0,0.0,0.0,1.0,0.0,0.0,0.0,0.0,73.08
-0.5419113346545662,1.3978291442259083,1.4493587084543842,1.5967450945603028,1.4828130088179947,1.587913800234704,1.0,0.0,0.0,0.0,0.0,0.0,0.0,0.0,0.0,0.0,1.0,1.0,0.0,0.0,0.0,0.0,72.08
-0.5419113346545662,-0.003968501314066405,0.04681307144229269,-0.14599571080517548,-0.10413277742390475,-0.7789413673338478,1.0,0.0,0.0,0.0,0.0,1.0,0.0,0.0,0.0,0.0,0.0,1.0,0.0,0.0,0.0,0.0,80.54
-0.5419113346545662,0.13621126323992974,0.22778670202449733,0.2779142148242642,0.2324920863243779,0.13726063301526817,1.0,0.0,0.0,0.0,0.0,1.0,0.0,0.0,0.0,0.0,0.0,1.0,0.0,0.0,0.0,0.0,75.7
0.9587662074657727,-0.6114141477147241,-0.5413512279498731,-0.6170067392823314,-0.5369361736716943,-0.3971905338550484,0.0,1.0,0.0,0.0,0.0,1.0,0.0,0.0,0.0,0.0,0.0,1.0,0.0,0.0,0.0,0.0,66.82
-0.5419113346545662,-1.5926724995927037,-1.5819496037975553,-1.5590287962366434,-1.6429892974160458,-1.5424430342914435,0.0,1.0,0.0,0.0,0.0,1.0,0.0,0.0,0.0,0.0,0.0,1.0,0.0,0.0,0.0,0.0,80.54
-0.5419113346545662,0.6502037332712545,0.6349773708344617,0.8431274489968527,0.7614740150716778,0.44266129979830904,1.0,0.0,0.0,0.0,0.0,1.0,0.0,0.0,0.0,0.0,0.0,1.0,0.0,0.0,0.0,0.0,80.54
-0.5419113346545662,-0.284328030422062,-0.31513418972211654,-0.6641078421300477,-0.7773825049204667,-0.473540700550807,1.0,0.0,0.0,0.0,0.0,1.0,0.0,0.0,0.0,0.0,0.0,0.0,0.0,1.0,0.0,0.0,62.7
0.9587662074657727,-0.19087485405272903,-0.1794039667854639,-0.240197916500608,-0.1522220436736565,-0.473540700550807,0.0,1.0,0.0,0.0,0.0,0.0,0.0,0.0,0.0,1.0,0.0,1.0,0.0,0.0,0.0,0.0,66.82
-0.5419113346545662,-1.405766146854041,-1.4009759732153475,-1.2764221791503492,-1.2582751674180113,-1.0843420341168855,1.0,0.0,0.0,0.0,0.0,1.0,0.0,0.0,0.0,0.0,0.0,1.0,0.0,0.0,0.0,0.0,80.54
-0.5419113346545662,-0.33105461860672847,-0.2698907820765646,-0.240197916500608,-0.10413277742390475,-0.3971905338550484,1.0,0.0,0.0,0.0,0.0,1.0,0.0,0.0,0.0,0.0,0.0,1.0,0.0,0.0,0.0,0.0,80.54
0.9587662074657727,-0.9852268531920494,-0.9937853044053863,-0.8054111506731931,-0.9697395699194838,-1.3133925342041644,0.0,1.0,0.0,0.0,0.0,1.0,0.0,0.0,0.0,0.0,0.0,1.0,0.0,0.0,0.0,0.0,73.08
-0.5419113346545662,-1.2188597941153785,-1.265245750278695,-1.2764221791503492,-1.1620966349185011,-1.0079918674211268,0.0,1.0,0.0,0.0,0.0,1.0,0.0,0.0,0.0,0.0,0.0,1.0,0.0,0.0,0.0,0.0,80.54
-0.5419113346545662,1.491282320595238,1.3136284855177316,1.455441786017154,1.2423666775692224,1.5115636335389422,1.0,0.0,0.0,0.0,0.0,1.0,0.0,0.0,0.0,0.0,0.0,1.0,0.0,0.0,0.0,0.0,58.64
-0.5419113346545662,1.3978291442259083,1.494602116099936,1.5496439917125866,1.53090227506775,1.358863300147425,0.0,1.0,0.0,0.0,0.0,1.0,0.0,0.0,0.0,0.0,0.0,1.0,0.0,0.0,0.0,0.0,62.7
-0.5419113346545662,-0.8450470886380532,-0.8128116738231816,-0.8996133563686256,-0.9216503036697287,-0.3208403671592898,1.0,0.0,0.0,0.0,0.0,1.0,0.0,0.0,0.0,0.0,0.0,1.0,0.0,0.0,0.0,0.0,75.7
-0.5419113346545662,-0.7048673240840537,-0.8580550814687337,-1.2293210763026328,-1.2582751674180113,-0.702591200638086,1.0,0.0,0.0,0.0,0.0,1.0,0.0,0.0,0.0,0.0,0.0,1.0,0.0,0.0,0.0,0.0,62.7
0.9587662074657727,0.9772898505639165,0.951681224353319,0.9844307575399981,1.098098878819957,0.8244121332771052,1.0,0.0,0.0,0.0,0.0,0.0,0.0,0.0,0.0,0.0,1.0,1.0,0.0,0.0,0.0,0.0,66.82
-0.5419113346545662,1.958548202441896,1.8113059696187934,1.9735539173420262,1.819437872566274,2.046014800409262,1.0,0.0,0.0,0.0,0.0,1.0,0.0,0.0,0.0,0.0,0.0,1.0,0.0,0.0,0.0,0.0,76.93
0.9587662074657727,-0.5179609713453911,-0.5865946355954251,-0.6170067392823314,-0.6331147061712012,-0.3208403671592898,1.0,0.0,0.0,0.0,0.0,1.0,0.0,0.0,0.0,0.0,0.0,1.0,0.0,0.0,0.0,0.0,74.03
0.9587662074657727,-0.5179609713453911,-0.49610782030432116,-0.6170067392823314,-0.5369361736716943,-0.473540700550807,1.0,0.0,0.0,0.0,0.0,1.0,0.0,0.0,0.0,0.0,0.0,1.0,0.0,0.0,0.0,0.0,74.03
-0.5419113346545662,-1.8730320287006994,-1.672436419088656,-1.747433207627505,-1.8834356286648182,-1.618793200987202,0.0,1.0,0.0,0.0,0.0,1.0,0.0,0.0,0.0,0.0,0.0,1.0,0.0,0.0,0.0,0.0,80.54
-0.5419113346545662,-0.5646875595300576,-0.5413512279498731,-0.6170067392823314,-0.5369361736716943,-0.3971905338550484,1.0,0.0,0.0,0.0,0.0,1.0,0.0,0.0,0.0,0.0,0.0,1.0,0.0,0.0,0.0,0.0,78.31
-0.5419113346545662,-0.4245077949760581,-0.9032984891142856,-0.7583100478254768,-0.9216503036697287,-0.5498908672465688,1.0,0.0,0.0,0.0,0.0,1.0,0.0,0.0,0.0,0.0,0.0,1.0,0.0,0.0,0.0,0.0,33.59
-0.5419113346545662,0.7903834978252506,0.951681224353319,0.890228551844569,0.7614740150716778,0.900762299972867,0.0,1.0,0.0,0.0,0.0,1.0,0.0,0.0,0.0,0.0,0.0,1.0,0.0,0.0,0.0,0.0,80.54
-0.5419113346545662,0.18293785142459623,0.09205647908784466,0.3250153176719805,0.1363135538248676,0.44266129979830904,0.0,1.0,0.0,0.0,0.0,1.0,0.0,0.0,0.0,0.0,0.0,1.0,0.0,0.0,0.0,0.0,78.31
-0.5419113346545662,1.8183684378879,2.03752300784655,1.7380484031034482,1.8675271388160293,1.9696646337135002,1.0,0.0,0.0,0.0,0.0,0.0,0.0,0.0,0.0,0.0,1.0,1.0,0.0,0.0,0.0,0.0,72.08
-0.5419113346545662,1.3043759678565754,1.2683850778721795,0.7960263461491365,1.2423666775692224,1.358863300147425,0.0,1.0,0.0,0.0,0.0,0.0,0.0,0.0,0.0,0.0,1.0,0.0,0.0,1.0,0.0,0.0,76.93
-0.5419113346545662,-0.7515939122687202,-0.677081450886529,-0.8996133563686256,-0.8254717711702219,-0.6262410339423274,1.0,0.0,0.0,0.0,0.0,1.0,0.0,0.0,0.0,0.0,0.0,1.0,0.0,0.0,0.0,0.0,75.7
0.9587662074657727,0.4165707923479253,-0.08891715149435997,-0.14599571080517548,-0.0560435111741496,0.21361079971103,0.0,1.0,0.0,0.0,1.0,0.0,0.0,0.0,0.0,0.0,0.0,1.0,0.0,0.0,0.0,0.0,66.82
-0.5419113346545662,1.3043759678565754,1.3588718931632802,1.455441786017154,1.1942774113194674,1.5115636335389422,0.0,1.0,0.0,0.0,0.0,0.0,0.0,0.0,0.0,0.0,1.0,1.0,0.0,0.0,0.0,0.0,80.54
0.9587662074657727,-0.4245077949760581,-0.5413512279498731,-0.711208944977764,-0.6331147061712012,-0.7789413673338478,1.0,0.0,0.0,0.0,0.0,1.0,0.0,0.0,0.0,0.0,0.0,1.0,0.0,0.0,0.0,0.0,58.64
-0.5419113346545662,-0.47123438316072463,-0.49610782030432116,-0.6170067392823314,-0.6331147061712012,0.13726063301526817,1.0,0.0,0.0,0.0,0.0,1.0,0.0,0.0,0.0,0.0,0.0,1.0,0.0,0.0,0.0,0.0,78.31
-0.5419113346545662,-0.003968501314066405,0.3635169249611532,0.08950980343340251,-0.007954244924394449,0.21361079971103,0.0,1.0,0.0,0.0,0.0,1.0,0.0,0.0,0.0,0.0,0.0,1.0,0.0,0.0,0.0,0.0,66.82
-0.5419113346545662,-1.3123129704847114,-1.3104891579242468,-1.3235232819980653,-1.2101859011682563,-1.389742700899923,0.0,1.0,0.0,0.0,0.0,1.0,0.0,0.0,0.0,0.0,0.0,1.0,0.0,0.0,0.0,0.0,62.7
-0.5419113346545662,-1.2655863823000448,-1.265245750278695,-1.0880177677594873,-0.8735610374199736,-1.237042367508406,0.0,1.0,0.0,0.0,0.0,0.0,0.0,0.0,0.0,0.0,1.0,1.0,0.0,0.0,0.0,0.0,66.82
-2.0425888767749054,-0.8917736768227164,-0.9485418967598344,-0.8525122535209094,-0.8735610374199736,-1.0843420341168855,0.0,1.0,0.0,0.0,0.0,1.0,0.0,0.0,0.0,0.0,0.0,1.0,0.0,0.0,0.0,0.0,58.64
-0.5419113346545662,1.8650950260725665,1.8113059696187934,1.7380484031034482,1.675170073817012,1.740614133626221,1.0,0.0,0.0,0.0,0.0,0.0,0.0,0.0,0.0,0.0,1.0,1.0,0.0,0.0,0.0,0.0,72.08
-0.5419113346545662,-0.4245077949760581,-0.4508644126587724,-0.240197916500608,-0.3445791086726771,-0.24449020046352798,0.0,1.0,0.0,0.0,0.0,1.0,0.0,0.0,0.0,0.0,0.0,1.0,0.0,0.0,0.0,0.0,62.7
-0.5419113346545662,0.08948467505526325,0.1372998867333966,0.13661090628111877,0.1363135538248676,0.3663111331025472,1.0,0.0,0.0,0.0,0.0,1.0,0.0,0.0,0.0,0.0,0.0,1.0,0.0,0.0,0.0,0.0,62.7
-0.5419113346545662,1.1641962033025792,1.3136284855177316,1.219936271778576,1.2904559438189775,1.358863300147425,1.0,0.0,0.0,0.0,0.0,1.0,0.0,0.0,0.0,0.0,0.0,1.0,0.0,0.0,0.0,0.0,75.7
-0.5419113346545662,1.6314620851492374,1.539845523745488,1.361239580321725,1.627080807567257,1.8933144670177415,0.0,1.0,0.0,0.0,0.0,0.0,0.0,0.0,0.0,0.0,1.0,1.0,0.0,0.0,0.0,0.0,72.08
-0.5419113346545662,0.04275808687060008,0.0015696637967407363,-0.004692402262030026,-0.10413277742390475,0.13726063301526817,1.0,0.0,0.0,0.0,0.0,1.0,0.0,0.0,0.0,0.0,0.0,1.0,0.0,0.0,0.0,0.0,80.54
8.462153918067468,-0.14414826586806587,0.04681307144229269,-0.004692402262030026,-0.007954244924394449,-0.702591200638086,0.0,1.0,0.0,0.0,0.0,1.0,0.0,0.0,0.0,0.0,0.0,1.0,0.0,0.0,0.0,0.0,75.7
0.9587662074657727,-0.7048673240840537,-0.9032984891142856,-0.7583100478254768,-0.9697395699194838,-1.237042367508406,0.0,1.0,0.0,0.0,0.0,0.0,0.0,0.0,0.0,0.0,1.0,1.0,0.0,0.0,0.0,0.0,66.82
-0.5419113346545662,0.8371100860099171,1.1778982625810757,0.8431274489968527,1.1461881450697122,0.8244121332771052,1.0,0.0,0.0,0.0,0.0,1.0,0.0,0.0,0.0,0.0,0.0,1.0,0.0,0.0,0.0,0.0,75.7
-0.5419113346545662,-1.2655863823000448,-1.3104891579242468,-0.9938155620640549,-1.114007368668746,-1.237042367508406,0.0,1.0,0.0,0.0,0.0,1.0,0.0,0.0,0.0,0.0,0.0,1.0,0.0,0.0,0.0,0.0,80.54
-0.5419113346545662,-0.6581407358993873,-0.8128116738231816,-0.5228045335868989,-0.7292932386707115,-0.473540700550807,0.0,1.0,0.0,0.0,0.0,1.0,0.0,0.0,0.0,0.0,0.0,1.0,0.0,0.0,0.0,0.0,80.54
0.9587662074657727,-0.9852268531920494,-0.9485418967598344,-1.1351188706072037,-0.7773825049204667,-0.6262410339423274,0.0,1.0,0.0,0.0,0.0,0.0,0.0,0.0,0.0,0.0,1.0,1.0,0.0,0.0,0.0,0.0,66.82
-0.5419113346545662,-0.7983205004533868,-0.8580550814687337,-0.7583100478254768,-0.9216503036697287,-1.160692200812644,0.0,1.0,0.0,0.0,0.0,1.0,0.0,0.0,0.0,0.0,0.0,1.0,0.0,0.0,0.0,0.0,66.82
-0.5419113346545662,-1.172133205930712,-1.0390287120509383,-1.2764221791503492,-1.2101859011682563,-1.4660928675956848,0.0,1.0,0.0,0.0,0.0,1.0,0.0,0.0,0.0,0.0,0.0,1.0,0.0,0.0,0.0,0.0,75.71
-0.5419113346545662,-0.19087485405272903,-0.49610782030432116,-0.475703430739186,-0.48884690742193915,-0.1681400337677694,1.0,0.0,0.0,0.0,0.0,1.0,0.0,0.0,0.0,0.0,0.0,1.0,0.0,0.0,0.0,0.0,66.82
-0.5419113346545662,1.3511025560412417,1.6755757466821408,1.219936271778576,1.2904559438189775,1.5115636335389422,0.0,1.0,0.0,0.0,0.0,1.0,0.0,0.0,0.0,0.0,0.0,1.0,0.0,0.0,0.0,0.0,72.08
0.9587662074657727,0.08948467505526325,0.04681307144229269,0.08950980343340251,0.3286706188238882,0.060910466319509596,1.0,0.0,0.0,0.0,0.0,0.0,0.0,0.0,0.0,0.0,1.0,1.0,0.0,0.0,0.0,0.0,66.82
0.9587662074657727,-0.377781206791395,-0.4508644126587724,-0.5228045335868989,-0.48884690742193915,-0.3208403671592898,0.0,1.0,0.0,0.0,0.0,1.0,0.0,0.0,0.0,0.0,0.0,1.0,0.0,0.0,0.0,0.0,78.31
-0.5419113346545662,0.13621126323992974,0.22778670202449733,-0.004692402262030026,0.1363135538248676,-0.1681400337677694,1.0,0.0,0.0,0.0,0.0,1.0,0.0,0.0,0.0,0.0,0.0,1.0,0.0,0.0,0.0,0.0,62.7
0.9587662074657727,-1.0319534413767157,-0.9937853044053863,-0.9938155620640549,-1.114007368668746,-1.0843420341168855,0.0,1.0,0.0,0.0,0.0,1.0,0.0,0.0,0.0,0.0,0.0,1.0,0.0,0.0,0.0,0.0,74.03
-0.5419113346545662,0.5100239687172583,0.5444905555433578,0.419217523367413,0.4248491513233951,0.8244121332771052,1.0,0.0,0.0,0.0,0.0,0.0,0.0,0.0,0.0,0.0,1.0,1.0,0.0,0.0,0.0,0.0,66.82
-0.5419113346545662,-0.9385002650073828,-1.220002342633143,-0.9467144592163419,-1.065918102418994,-0.702591200638086,0.0,1.0,0.0,0.0,0.0,1.0,0.0,0.0,0.0,0.0,0.0,1.0,0.0,0.0,0.0,0.0,33.59
-0.5419113346545662,0.08948467505526325,0.04681307144229269,0.08950980343340251,0.1363135538248676,-0.015439700376248982,1.0,0.0,0.0,0.0,0.0,1.0,0.0,0.0,0.0,0.0,0.0,1.0,0.0,0.0,0.0,0.0,80.54
0.9587662074657727,-0.23760144223739552,-0.13416055913991193,-0.0988946079574592,-0.0560435111741496,-0.473540700550807,1.0,0.0,0.0,0.0,0.0,0.0,0.0,0.0,0.0,0.0,1.0,1.0,0.0,0.0,0.0,0.0,66.82
-0.5419113346545662,0.7903834978252506,0.996924631998871,1.0786329632354306,1.098098878819957,0.8244121332771052,0.0,1.0,0.0,0.0,0.0,0.0,0.0,0.0,0.0,0.0,1.0,1.0,0.0,0.0,0.0,0.0,66.82
-0.5419113346545662,-0.33105461860672847,-0.31513418972211654,-0.4286023278914697,-0.5369361736716943,-0.1681400337677694,0.0,1.0,0.0,0.0,0.0,1.0,0.0,0.0,0.0,0.0,0.0,1.0,0.0,0.0,0.0,0.0,66.82
-0.5419113346545662,-1.6861256759620367,-1.672436419088656,-1.5590287962366434,-1.4025429661672735,-1.389742700899923,0.0,1.0,0.0,0.0,0.0,1.0,0.0,0.0,0.0,0.0,0.0,0.0,0.0,0.0,0.0,1.0,62.7
-0.5419113346545662,-0.8917736768227164,-0.677081450886529,-0.7583100478254768,-0.9697395699194838,-0.931641700725365,1.0,0.0,0.0,0.0,0.0,1.0,0.0,0.0,0.0,0.0,0.0,1.0,0.0,0.0,0.0,0.0,80.54
-0.5419113346545662,1.2576493796719088,1.3588718931632802,1.219936271778576,1.2904559438189775,1.2061629667559046,0.0,1.0,0.0,0.0,0.0,1.0,0.0,0.0,0.0,0.0,0.0,1.0,0.0,0.0,0.0,0.0,76.93
0.9587662074657727,-0.09742167768339938,-0.40562100501322046,-0.05179350510974294,-0.007954244924394449,-0.3208403671592898,0.0,1.0,0.0,0.0,0.0,1.0,0.0,0.0,0.0,0.0,0.0,1.0,0.0,0.0,0.0,0.0,80.54
-0.5419113346545662,1.070743026933246,1.3136284855177316,1.0786329632354306,1.2423666775692224,1.587913800234704,0.0,1.0,0.0,0.0,0.0,1.0,0.0,0.0,0.0,0.0,0.0,1.0,0.0,0.0,0.0,0.0,73.08
-0.5419113346545662,0.5100239687172583,0.6349773708344617,0.5605208319105585,0.6172062163224123,0.21361079971103,1.0,0.0,0.0,0.0,0.0,0.0,0.0,0.0,0.0,0.0,1.0,0.0,0.0,0.0,0.0,1.0,66.82
-0.5419113346545662,-0.47123438316072463,-0.5413512279498731,-0.5228045335868989,-0.5369361736716943,-0.5498908672465688,0.0,1.0,0.0,0.0,0.0,1.0,0.0,0.0,0.0,0.0,0.0,1.0,0.0,0.0,0.0,0.0,74.03
0.9587662074657727,0.7436569096405874,0.7254641861255624,0.9844307575399981,0.6172062163224123,1.2061629667559046,0.0,1.0,0.0,0.0,0.0,0.0,0.0,0.0,0.0,0.0,1.0,1.0,0.0,0.0,0.0,0.0,72.08
-0.5419113346545662,-0.2882111262494111,-0.04367374384880801,-0.19309681365289175,-0.39266837492242884,-0.1681400337677694,0.0,1.0,0.0,0.0,0.0,0.0,0.0,0.0,0.0,0.0,1.0,0.0,0.0,1.0,0.0,0.0,66.82
-0.5419113346545662,1.5847354969645708,1.8565493772643453,1.5967450945603028,1.4828130088179947,1.740614133626221,1.0,0.0,0.0,0.0,0.0,0.0,0.0,0.0,0.0,0.0,1.0,1.0,0.0,0.0,0.0,0.0,72.08
-0.5419113346545662,-0.8450470886380532,-0.9937853044053863,-0.9938155620640549,-0.9216503036697287,-1.0079918674211268,0.0,1.0,0.0,0.0,0.0,0.0,0.0,0.0,0.0,0.0,1.0,1.0,0.0,0.0,0.0,0.0,74.03
-0.5419113346545662,0.04275808687060008,0.1825432943789486,0.042408700585686236,0.18440282007462275,0.21361079971103,1.0,0.0,0.0,0.0,0.0,1.0,0.0,0.0,0.0,0.0,0.0,1.0,0.0,0.0,0.0,0.0,62.7
-0.5419113346545662,1.0240164387485797,1.2683850778721795,1.1728351689308598,1.098098878819957,0.9771124666686256,1.0,0.0,0.0,0.0,0.0,1.0,0.0,0.0,0.0,0.0,0.0,1.0,0.0,0.0,0.0,0.0,80.54
-0.5419113346545662,1.070743026933246,0.9064378167077671,0.9373296546922819,1.0500096125702052,1.0534626333643842,1.0,0.0,0.0,0.0,0.0,0.0,0.0,0.0,0.0,0.0,1.0,1.0,0.0,0.0,0.0,0.0,66.82
-0.5419113346545662,-0.5179609713453911,-1.0390287120509383,-1.0409166649117712,-1.114007368668746,-0.931641700725365,0.0,1.0,0.0,0.0,0.0,1.0,0.0,0.0,0.0,0.0,0.0,1.0,0.0,0.0,0.0,0.0,80.54
2.4594437495861117,-2.200118145993361,-1.9891402726075165,-2.1242420304092318,-2.1719712261633455,-2.07689420116176,1.0,0.0,0.0,0.0,0.0,1.0,0.0,0.0,0.0,0.0,0.0,1.0,0.0,0.0,0.0,0.0,80.54
-0.5419113346545662,-0.9852268531920494,-1.0390287120509383,-0.9938155620640549,-0.5850254399214495,-1.0843420341168855,0.0,1.0,0.0,0.0,0.0,0.0,0.0,0.0,0.0,0.0,1.0,1.0,0.0,0.0,0.0,0.0,66.82
-0.5419113346545662,-1.6861256759620367,-1.5367061961520034,-1.747433207627505,-1.5468107649165388,-1.6951433676829637,0.0,1.0,0.0,0.0,0.0,0.0,0.0,0.0,0.0,0.0,1.0,1.0,0.0,0.0,0.0,0.0,66.82
-0.5419113346545662,1.3511025560412417,1.3588718931632802,1.2670373746262924,1.2423666775692224,1.2061629667559046,1.0,0.0,0.0,0.0,0.0,1.0,0.0,0.0,0.0,0.0,0.0,1.0,0.0,0.0,0.0,0.0,72.08
-0.5419113346545662,1.2109227914872456,-0.49610782030432116,-0.0988946079574592,1.2904559438189775,0.8244121332771052,0.0,1.0,0.0,0.0,0.0,1.0,0.0,0.0,0.0,0.0,0.0,1.0,0.0,0.0,0.0,0.0,58.64
-0.5419113346545662,0.93056326237925,0.6349773708344617,0.7960263461491365,0.7133847488219226,0.7480619665813466,0.0,1.0,0.0,0.0,0.0,0.0,0.0,0.0,0.0,0.0,1.0,1.0,0.0,0.0,0.0,0.0,66.82
-0.5419113346545662,-0.8450470886380532,-0.9937853044053863,-0.8054111506731931,-0.8254717711702219,-1.3133925342041644,0.0,1.0,0.0,0.0,0.0,0.0,0.0,0.0,0.0,0.0,1.0,0.0,0.0,1.0,0.0,0.0,66.82
-0.5419113346545662,-0.6581407358993873,-0.49610782030432116,-0.8525122535209094,-0.7292932386707115,-0.3208403671592898,1.0,0.0,0.0,0.0,0.0,1.0,0.0,0.0,0.0,0.0,0.0,1.0,0.0,0.0,0.0,0.0,73.08
-0.5419113346545662,-1.2655863823000448,-1.1747589349875909,-1.1351188706072037,-0.8254717711702219,-1.3133925342041644,1.0,0.0,0.0,0.0,0.0,1.0,0.0,0.0,0.0,0.0,0.0,1.0,0.0,0.0,0.0,0.0,80.54
0.9587662074657727,-1.4992193232233741,-1.4009759732153475,-1.4648265905412108,-1.4025429661672735,-1.0843420341168855,0.0,1.0,0.0,0.0,0.0,1.0,0.0,0.0,0.0,0.0,0.0,1.0,0.0,0.0,0.0,0.0,74.03
-0.5419113346545662,-0.5646875595300576,-0.49610782030432116,-0.5228045335868989,-0.6331147061712012,-0.8552915340296064,1.0,0.0,0.0,0.0,0.0,1.0,0.0,0.0,0.0,0.0,0.0,1.0,0.0,0.0,0.0,0.0,80.54
0.9587662074657727,-1.3590395586693746,-1.265245750278695,-1.2764221791503492,-1.3063644336677664,-1.3133925342041644,0.0,1.0,0.0,0.0,0.0,1.0,0.0,0.0,0.0,0.0,0.0,1.0,0.0,0.0,0.0,0.0,62.7
-0.5419113346545662,0.04275808687060008,-0.1794039667854639,0.2779142148242642,0.08822428757511586,0.21361079971103,1.0,0.0,0.0,0.0,0.0,1.0,0.0,0.0,0.0,0.0,0.0,1.0,0.0,0.0,0.0,0.0,33.59
-0.5419113346545662,0.7903834978252506,0.7254641861255624,0.8431274489968527,0.6172062163224123,0.8244121332771052,1.0,0.0,0.0,0.0,0.0,1.0,0.0,0.0,0.0,0.0,0.0,1.0,0.0,0.0,0.0,0.0,62.7
-0.5419113346545662,-1.3123129704847114,-1.1295155273420423,-1.18221997345492,-1.3063644336677664,-0.473540700550807,0.0,1.0,0.0,0.0,0.0,1.0,0.0,0.0,0.0,0.0,0.0,1.0,0.0,0.0,0.0,0.0,74.03
0.9587662074657727,-0.23760144223739552,0.09205647908784466,-0.004692402262030026,-0.2484005761731668,0.3663111331025472,0.0,1.0,0.0,0.0,0.0,0.0,0.0,0.0,0.0,0.0,1.0,1.0,0.0,0.0,0.0,0.0,66.82
0.9587662074657727,1.7716418497032336,1.9922796002010013,1.9735539173420262,1.723259340066767,1.6642639669304626,1.0,0.0,0.0,0.0,0.0,1.0,0.0,0.0,0.0,0.0,0.0,1.0,0.0,0.0,0.0,0.0,72.08
2.4594437495861117,0.7436569096405874,0.5444905555433578,-0.38150122504375344,-0.296489842422922,-0.702591200638086,1.0,0.0,0.0,0.0,0.0,1.0,0.0,0.0,0.0,0.0,0.0,1.0,0.0,0.0,0.0,0.0,58.64
-0.5419113346545662,-0.23760144223739552,-0.2698907820765646,-0.19309681365289175,-0.39266837492242884,-0.3971905338550484,0.0,1.0,0.0,0.0,0.0,1.0,0.0,0.0,0.0,0.0,0.0,1.0,0.0,0.0,0.0,0.0,65.57
0.9587662074657727,2.0520013788112292,2.3542268613654107,2.303261637276037,2.348419801313574,2.1223649671050206,0.0,1.0,0.0,0.0,0.0,0.0,0.0,0.0,0.0,0.0,1.0,1.0,0.0,0.0,0.0,0.0,72.08
0.9587662074657727,-0.8917736768227164,-0.9485418967598344,-0.9467144592163419,-1.017828836169239,-0.7789413673338478,0.0,1.0,0.0,0.0,0.0,1.0,0.0,0.0,0.0,0.0,0.0,1.0,0.0,0.0,0.0,0.0,74.03
-0.5419113346545662,-0.5646875595300576,-0.49610782030432116,-0.5699056364346151,-0.6331147061712012,-0.702591200638086,0.0,1.0,0.0,0.0,0.0,0.0,0.0,0.0,0.0,0.0,1.0,1.0,0.0,0.0,0.0,0.0,66.82
2.4594437495861117,-1.3590395586693746,-1.220002342633143,-1.3235232819980653,-1.4987214986667836,-0.931641700725365,1.0,0.0,0.0,0.0,0.0,1.0,0.0,0.0,0.0,0.0,0.0,1.0,0.0,0.0,0.0,0.0,75.7
-0.5419113346545662,-1.3590395586693746,-1.220002342633143,-1.1351188706072037,-1.3063644336677664,-1.5424430342914435,0.0,1.0,0.0,0.0,0.0,1.0,0.0,0.0,0.0,0.0,0.0,1.0,0.0,0.0,0.0,0.0,78.31
-0.5419113346545662,-0.9385002650073828,-0.9937853044053863,-1.0880177677594873,-0.9697395699194838,-0.702591200638086,0.0,1.0,0.0,0.0,0.0,1.0,0.0,0.0,0.0,0.0,0.0,1.0,0.0,0.0,0.0,0.0,80.54
0.9587662074657727,-0.050695089498732894,-0.22464737443101584,-0.19309681365289175,0.18440282007462275,-0.015439700376248982,1.0,0.0,0.0,0.0,0.0,1.0,0.0,0.0,0.0,0.0,0.0,1.0,0.0,0.0,0.0,0.0,75.71
-0.5419113346545662,-0.5646875595300576,-0.4508644126587724,-0.33440012219603715,-0.296489842422922,-0.1681400337677694,0.0,1.0,0.0,0.0,0.0,1.0,0.0,0.0,0.0,0.0,0.0,0.0,0.0,1.0,0.0,0.0,62.7
-0.5419113346545662,-0.19087485405272903,-0.22464737443101584,-0.2872990193483209,-0.10413277742390475,-0.5498908672465688,1.0,0.0,0.0,0.0,0.0,0.0,0.0,0.0,0.0,0.0,1.0,1.0,0.0,0.0,0.0,0.0,66.82
-0.5419113346545662,0.18293785142459623,0.27303010967004926,0.5134197290628422,0.47293841757315025,0.44266129979830904,0.0,1.0,0.0,0.0,0.0,1.0,0.0,0.0,0.0,0.0,0.0,1.0,0.0,0.0,0.0,0.0,62.7
-0.5419113346545662,0.08948467505526325,0.0015696637967407363,0.2779142148242642,-0.2484005761731668,0.13726063301526817,0.0,1.0,0.0,0.0,0.0,1.0,0.0,0.0,0.0,0.0,0.0,1.0,0.0,0.0,0.0,0.0,73.08
-0.5419113346545662,-1.172133205930712,-1.265245750278695,-1.3706243848457815,-1.3063644336677664,-1.237042367508406,0.0,1.0,0.0,0.0,0.0,1.0,0.0,0.0,0.0,0.0,0.0,1.0,0.0,0.0,0.0,0.0,62.7
-0.5419113346545662,-0.23760144223739552,-0.2698907820765646,-0.2872990193483209,-0.10413277742390475,-0.24449020046352798,0.0,1.0,0.0,0.0,0.0,1.0,0.0,0.0,0.0,0.0,0.0,1.0,0.0,0.0,0.0,0.0,80.54
-0.5419113346545662,0.2296644396092627,0.3182735173156012,0.37211642051969673,0.2805813525741331,0.44266129979830904,1.0,0.0,0.0,0.0,0.0,0.0,0.0,0.0,0.0,0.0,1.0,1.0,0.0,0.0,0.0,0.0,66.82
0.9587662074657727,-0.284328030422062,-0.2698907820765646,-0.19309681365289175,-0.3445791086726771,-0.3208403671592898,0.0,1.0,0.0,0.0,0.0,1.0,0.0,0.0,0.0,0.0,0.0,1.0,0.0,0.0,0.0,0.0,62.7
-0.5419113346545662,-0.9852268531920494,-1.0842721196964902,-1.0880177677594873,-0.8735610374199736,-1.618793200987202,1.0,0.0,0.0,0.0,0.0,1.0,0.0,0.0,0.0,0.0,0.0,1.0,0.0,0.0,0.0,0.0,75.7
0.9587662074657727,0.8838366741945836,0.6349773708344617,0.890228551844569,0.6172062163224123,0.5190114664940676,1.0,0.0,0.0,0.0,0.0,0.0,0.0,0.0,0.0,0.0,1.0,1.0,0.0,0.0,0.0,0.0,62.7
-0.5419113346545662,0.603477145086588,0.996924631998871,0.7018241404537039,0.7133847488219226,0.9771124666686256,1.0,0.0,0.0,0.0,0.0,1.0,0.0,0.0,0.0,0.0,0.0,1.0,0.0,0.0,0.0,0.0,80.54
0.9587662074657727,1.6314620851492374,1.3136284855177316,1.4083406831694378,1.723259340066767,0.900762299972867,1.0,0.0,0.0,0.0,0.0,0.0,0.0,0.0,0.0,0.0,1.0,1.0,0.0,0.0,0.0,0.0,66.82
-0.5419113346545662,1.5847354969645708,1.8565493772643453,1.5967450945603028,1.5789915413175017,1.740614133626221,1.0,0.0,0.0,0.0,0.0,0.0,0.0,0.0,0.0,0.0,1.0,1.0,0.0,0.0,0.0,0.0,72.08
-0.5419113346545662,-0.284328030422062,-0.2698907820765646,-0.0988946079574592,-0.296489842422922,-0.6262410339423274,1.0,0.0,0.0,0.0,0.0,1.0,0.0,0.0,0.0,0.0,0.0,1.0,0.0,0.0,0.0,0.0,73.08
-0.5419113346545662,0.4165707923479253,0.3182735173156012,0.37211642051969673,0.2805813525741331,0.5953616331898262,0.0,1.0,0.0,0.0,0.0,1.0,0.0,0.0,0.0,0.0,0.0,1.0,0.0,0.0,0.0,0.0,62.7
-0.5419113346545662,-1.9664852050700323,-1.76292323437976,-1.7945343104752214,-1.8834356286648182,-1.4660928675956848,0.0,1.0,0.0,0.0,0.0,1.0,0.0,0.0,0.0,0.0,0.0,1.0,0.0,0.0,0.0,0.0,73.08
-0.5419113346545662,-0.9385002650073828,-0.9937853044053863,-0.9938155620640549,-1.114007368668746,-0.931641700725365,0.0,1.0,0.0,0.0,0.0,0.0,0.0,0.0,0.0,0.0,1.0,1.0,0.0,0.0,0.0,0.0,66.82
-0.5419113346545662,-0.23760144223739552,-0.22464737443101584,-0.004692402262030026,-0.1522220436736565,-0.3208403671592898,0.0,1.0,0.0,0.0,0.0,0.0,0.0,0.0,0.0,0.0,1.0,1.0,0.0,0.0,0.0,0.0,66.82
-0.5419113346545662,0.8371100860099171,0.8611944090622183,0.9373296546922819,0.7133847488219226,0.7480619665813466,1.0,0.0,0.0,0.0,0.0,1.0,0.0,0.0,0.0,0.0,0.0,1.0,0.0,0.0,0.0,0.0,66.82
-0.5419113346545662,0.46329738053259184,0.5897339631889098,0.6076219347582748,0.5691169500726606,0.900762299972867,1.0,0.0,0.0,0.0,0.0,1.0,0.0,0.0,0.0,0.0,0.0,1.0,0.0,0.0,0.0,0.0,65.57
0.9587662074657727,-0.33493771443407755,-0.5865946355954251,-0.240197916500608,-0.6812039724209563,-0.5498908672465688,1.0,0.0,0.0,0.0,0.0,0.0,0.0,0.0,0.0,0.0,1.0,1.0,0.0,0.0,0.0,0.0,66.82
2.4594437495861117,-0.23760144223739552,-0.22464737443101584,-0.2872990193483209,-0.2484005761731668,-0.702591200638086,0.0,1.0,0.0,0.0,0.0,0.0,0.0,0.0,0.0,0.0,1.0,1.0,0.0,0.0,0.0,0.0,66.82
-0.5419113346545662,-1.405766146854041,-1.3557325655697987,-1.417725487693498,-1.4987214986667836,-0.702591200638086,0.0,1.0,0.0,0.0,0.0,1.0,0.0,0.0,0.0,0.0,0.0,1.0,0.0,0.0,0.0,0.0,75.71
0.9587662074657727,-1.8730320287006994,-1.808166642025312,-1.9358376190183668,-2.0277034274140835,-1.5424430342914435,1.0,0.0,0.0,0.0,0.0,1.0,0.0,0.0,0.0,0.0,0.0,1.0,0.0,0.0,0.0,0.0,62.7
0.9587662074657727,1.0240164387485797,1.087411447289975,1.1728351689308598,1.00192034632045,0.900762299972867,0.0,1.0,0.0,0.0,0.0,0.0,0.0,0.0,0.0,0.0,1.0,0.0,0.0,1.0,0.0,0.0,66.82
-0.5419113346545662,1.0240164387485797,0.951681224353319,0.9844307575399981,1.098098878819957,0.900762299972867,1.0,0.0,0.0,0.0,0.0,0.0,0.0,0.0,0.0,0.0,1.0,1.0,0.0,0.0,0.0,0.0,72.08
-0.5419113346545662,2.0987279669958956,2.03752300784655,2.397463842971466,1.9637056713155394,1.8933144670177415,0.0,1.0,0.0,0.0,0.0,1.0,0.0,0.0,0.0,0.0,0.0,1.0,0.0,0.0,0.0,0.0,58.64
-0.5419113346545662,-0.284328030422062,-0.31513418972211654,-0.33440012219603715,-0.3445791086726771,-0.1681400337677694,0.0,1.0,0.0,0.0,0.0,1.0,0.0,0.0,0.0,0.0,0.0,1.0,0.0,0.0,0.0,0.0,62.7
-0.5419113346545662,-1.0786800295613823,-1.0390287120509383,-1.0880177677594873,-1.2582751674180113,-0.7789413673338478,0.0,1.0,0.0,0.0,0.0,1.0,0.0,0.0,0.0,0.0,0.0,1.0,0.0,0.0,0.0,0.0,74.93
-0.5419113346545662,-0.47123438316072463,-0.5865946355954251,-0.475703430739186,-0.296489842422922,-0.5498908672465688,0.0,1.0,0.0,0.0,0.0,1.0,0.0,0.0,0.0,0.0,0.0,1.0,0.0,0.0,0.0,0.0,62.7
0.9587662074657727,1.3043759678565754,1.7660625619732446,1.690947300255732,1.3385452100687294,1.816964300321983,1.0,0.0,0.0,0.0,0.0,0.0,0.0,0.0,0.0,0.0,1.0,1.0,0.0,0.0,0.0,0.0,72.08
-0.5419113346545662,-1.0319534413767157,-0.9032984891142856,-0.8525122535209094,-0.9697395699194838,-0.6262410339423274,0.0,1.0,0.0,0.0,0.0,0.0,0.0,0.0,0.0,0.0,1.0,1.0,0.0,0.0,0.0,0.0,80.54
-0.5419113346545662,0.04275808687060008,-0.22464737443101584,-0.240197916500608,0.040135021325360704,-0.24449020046352798,1.0,0.0,0.0,0.0,0.0,1.0,0.0,0.0,0.0,0.0,0.0,1.0,0.0,0.0,0.0,0.0,66.82
-0.5419113346545662,-1.0786800295613823,-1.0842721196964902,-1.0409166649117712,-1.017828836169239,-1.389742700899923,0.0,1.0,0.0,0.0,0.0,1.0,0.0,0.0,0.0,0.0,0.0,1.0,0.0,0.0,0.0,0.0,66.82
-0.5419113346545662,-0.7515939122687202,-0.8128116738231816,-0.711208944977764,-0.6331147061712012,-0.7789413673338478,1.0,0.0,0.0,0.0,0.0,1.0,0.0,0.0,0.0,0.0,0.0,1.0,0.0,0.0,0.0,0.0,62.7
-0.5419113346545662,0.6502037332712545,0.5897339631889098,0.2779142148242642,0.5210276838229054,0.7480619665813466,1.0,0.0,0.0,0.0,0.0,1.0,0.0,0.0,0.0,0.0,0.0,1.0,0.0,0.0,0.0,0.0,62.7
0.9587662074657727,0.5100239687172583,0.6802207784800105,0.7018241404537039,0.7614740150716778,0.7480619665813466,1.0,0.0,0.0,0.0,0.0,1.0,0.0,0.0,0.0,0.0,0.0,1.0,0.0,0.0,0.0,0.0,62.7
-0.5419113346545662,-0.003968501314066405,0.04681307144229269,-0.05179350510974294,-0.007954244924394449,0.2899609664067886,0.0,1.0,0.0,0.0,0.0,1.0,0.0,0.0,0.0,0.0,0.0,0.0,1.0,0.0,0.0,0.0,62.7
0.9587662074657727,-1.172133205930712,-0.9485418967598344,-0.0988946079574592,1.00192034632045,-0.7789413673338478,0.0,1.0,0.0,0.0,0.0,0.0,0.0,0.0,0.0,0.0,1.0,1.0,0.0,0.0,0.0,0.0,58.64
-0.5419113346545662,-0.23760144223739552,-0.5865946355954251,-0.33440012219603715,-0.3445791086726771,-0.3208403671592898,1.0,0.0,0.0,0.0,0.0,1.0,0.0,0.0,0.0,0.0,0.0,1.0,0.0,0.0,0.0,0.0,66.82
-2.0425888767749054,-1.172133205930712,-1.0390287120509383,-1.2764221791503492,-1.2101859011682563,-1.237042367508406,0.0,1.0,0.0,0.0,0.0,1.0,0.0,0.0,0.0,0.0,0.0,1.0,0.0,0.0,0.0,0.0,75.71
2.4594437495861117,-2.200118145993361,-1.9891402726075165,-2.1242420304092318,-2.2200604924131007,-2.07689420116176,0.0,1.0,0.0,0.0,0.0,1.0,0.0,0.0,0.0,0.0,0.0,1.0,0.0,0.0,0.0,0.0,66.82
0.9587662074657727,0.18293785142459623,0.27303010967004926,0.2779142148242642,0.3286706188238882,0.3663111331025472,1.0,0.0,0.0,0.0,0.0,0.0,0.0,0.0,0.0,0.0,1.0,1.0,0.0,0.0,0.0,0.0,66.82
-0.5419113346545662,-1.0786800295613823,-1.1747589349875909,-1.0880177677594873,-1.065918102418994,-0.931641700725365,0.0,1.0,0.0,0.0,0.0,0.0,0.0,0.0,0.0,0.0,1.0,1.0,0.0,0.0,0.0,0.0,66.82
0.9587662074657727,0.6502037332712545,0.5897339631889098,0.5605208319105585,0.7133847488219226,0.8244121332771052,0.0,1.0,0.0,0.0,0.0,0.0,0.0,0.0,0.0,0.0,1.0,0.0,1.0,0.0,0.0,0.0,66.82
5.460798833826789,-0.19087485405272903,-0.3603775973676685,-0.0988946079574592,-0.1522220436736565,0.060910466319509596,1.0,0.0,0.0,0.0,0.0,0.0,0.0,0.0,0.0,0.0,1.0,1.0,0.0,0.0,0.0,0.0,75.71
0.9587662074657727,-1.405766146854041,-1.3557325655697987,-1.417725487693498,-1.4506322324170287,-1.0843420341168855,1.0,0.0,0.0,0.0,0.0,1.0,0.0,0.0,0.0,0.0,0.0,1.0,0.0,0.0,0.0,0.0,74.03
0.9587662074657727,-1.4992193232233741,-1.672436419088656,-1.7003321047797888,-1.5949000311662906,-1.389742700899923,0.0,1.0,0.0,0.0,0.0,0.0,0.0,0.0,0.0,0.0,1.0,0.0,0.0,0.0,0.0,1.0,62.7
-0.5419113346545662,-0.7048673240840537,-0.7223248585320777,-0.8525122535209094,-0.9216503036697287,-0.8552915340296064,0.0,1.0,0.0,0.0,0.0,0.0,0.0,0.0,0.0,0.0,1.0,1.0,0.0,0.0,0.0,0.0,74.03
-0.5419113346545662,0.93056326237925,0.996924631998871,0.8431274489968527,1.00192034632045,1.282513133451663,0.0,1.0,0.0,0.0,0.0,1.0,0.0,0.0,0.0,0.0,0.0,1.0,0.0,0.0,0.0,0.0,62.7
-0.5419113346545662,1.4445557324105747,0.9064378167077671,1.1728351689308598,1.1461881450697122,1.358863300147425,0.0,1.0,0.0,0.0,0.0,1.0,0.0,0.0,0.0,0.0,0.0,0.0,0.0,0.0,0.0,1.0,73.08
0.9587662074657727,-0.6114141477147241,-0.677081450886529,-0.6170067392823314,-0.5369361736716943,-0.473540700550807,0.0,1.0,0.0,0.0,0.0,1.0,0.0,0.0,0.0,0.0,0.0,1.0,0.0,0.0,0.0,0.0,66.82
-0.5419113346545662,-1.5926724995927037,-1.265245750278695,-1.5590287962366434,-1.6429892974160458,-1.389742700899923,1.0,0.0,0.0,0.0,0.0,1.0,0.0,0.0,0.0,0.0,0.0,1.0,0.0,0.0,0.0,0.0,75.7
-0.5419113346545662,-0.7515939122687202,-0.631838043240977,-0.711208944977764,-0.6331147061712012,-0.931641700725365,1.0,0.0,0.0,0.0,0.0,1.0,0.0,0.0,0.0,0.0,0.0,1.0,0.0,0.0,0.0,0.0,80.54
-0.5419113346545662,-0.4245077949760581,-0.49610782030432116,-0.38150122504375344,-0.296489842422922,0.13726063301526817,0.0,1.0,0.0,0.0,0.0,1.0,0.0,0.0,0.0,0.0,0.0,1.0,0.0,0.0,0.0,0.0,78.31
-0.5419113346545662,-0.6581407358993873,-0.7223248585320777,-0.6170067392823314,-0.6812039724209563,-0.6262410339423274,0.0,1.0,0.0,0.0,0.0,1.0,0.0,0.0,0.0,0.0,0.0,1.0,0.0,0.0,0.0,0.0,75.7
0.9587662074657727,-0.7515939122687202,-0.7675682661776297,-0.9938155620640549,-0.8735610374199736,-0.7789413673338478,1.0,0.0,0.0,0.0,0.0,1.0,0.0,0.0,0.0,0.0,0.0,1.0,0.0,0.0,0.0,0.0,66.82
0.9587662074657727,-0.6581407358993873,0.996924631998871,0.2779142148242642,0.809563281321433,-0.1681400337677694,1.0,0.0,0.0,0.0,0.0,0.0,0.0,0.0,0.0,0.0,1.0,1.0,0.0,0.0,0.0,0.0,58.64
-0.5419113346545662,0.08948467505526325,0.1825432943789486,0.08950980343340251,0.040135021325360704,0.21361079971103,0.0,1.0,0.0,0.0,0.0,1.0,0.0,0.0,0.0,0.0,0.0,1.0,0.0,0.0,0.0,0.0,62.7
-0.5419113346545662,1.6781886733339038,1.8565493772643453,1.9735539173420262,1.5789915413175017,1.8933144670177415,0.0,1.0,0.0,0.0,0.0,0.0,0.0,0.0,0.0,0.0,1.0,1.0,0.0,0.0,0.0,0.0,72.08
-0.5419113346545662,1.7716418497032336,1.8113059696187934,1.8793517116465939,1.7713486063165222,1.8933144670177415,1.0,0.0,0.0,0.0,0.0,0.0,0.0,0.0,0.0,0.0,1.0,1.0,0.0,0.0,0.0,0.0,72.08
-0.5419113346545662,-1.4524927350387076,-1.4009759732153475,-1.511927693388927,-1.4506322324170287,-1.4660928675956848,1.0,0.0,0.0,0.0,0.0,0.0,0.0,0.0,0.0,0.0,1.0,0.0,0.0,1.0,0.0,0.0,66.82
3.9601212917064506,-0.23760144223739552,1.042168039644423,0.08950980343340251,0.08822428757511586,0.900762299972867,0.0,1.0,0.0,0.0,0.0,1.0,0.0,0.0,0.0,0.0,0.0,1.0,0.0,0.0,0.0,0.0,58.64
-0.5419113346545662,-1.4524927350387076,-1.3557325655697987,-1.3706243848457815,-1.4025429661672735,-1.4660928675956848,0.0,1.0,0.0,0.0,0.0,1.0,0.0,0.0,0.0,0.0,0.0,1.0,0.0,0.0,0.0,0.0,62.7
0.9587662074657727,-0.8917736768227164,-1.0842721196964902,-1.18221997345492,-1.017828836169239,-1.160692200812644,0.0,1.0,0.0,0.0,0.0,1.0,0.0,0.0,0.0,0.0,0.0,1.0,0.0,0.0,0.0,0.0,73.08
0.9587662074657727,0.93056326237925,0.6802207784800105,0.7018241404537039,0.6652954825721674,0.21361079971103,1.0,0.0,0.0,0.0,0.0,0.0,0.0,0.0,0.0,0.0,1.0,1.0,0.0,0.0,0.0,0.0,66.82
-0.5419113346545662,-0.4245077949760581,-0.5413512279498731,-0.475703430739186,-0.5850254399214495,-0.5498908672465688,0.0,1.0,0.0,0.0,0.0,1.0,0.0,0.0,0.0,0.0,0.0,1.0,0.0,0.0,0.0,0.0,58.64
0.9587662074657727,-0.14414826586806587,-0.1794039667854639,-0.38150122504375344,-0.007954244924394449,-0.24449020046352798,1.0,0.0,0.0,0.0,0.0,1.0,0.0,0.0,0.0,0.0,0.0,1.0,0.0,0.0,0.0,0.0,80.54
-0.5419113346545662,0.13621126323992974,-0.04367374384880801,0.042408700585686236,0.18440282007462275,0.21361079971103,1.0,0.0,0.0,0.0,0.0,1.0,0.0,0.0,0.0,0.0,0.0,1.0,0.0,0.0,0.0,0.0,66.82
-0.5419113346545662,1.1641962033025792,1.087411447289975,1.3141384774740086,1.0500096125702052,1.9696646337135002,0.0,1.0,0.0,0.0,0.0,1.0,0.0,0.0,0.0,0.0,0.0,1.0,0.0,0.0,0.0,0.0,75.71
-0.5419113346545662,0.7436569096405874,0.6349773708344617,0.6076219347582748,0.6172062163224123,0.5190114664940676,1.0,0.0,0.0,0.0,0.0,1.0,0.0,0.0,0.0,0.0,0.0,1.0,0.0,0.0,0.0,0.0,66.82
-0.5419113346545662,1.491282320595238,1.7660625619732446,1.4083406831694378,1.627080807567257,1.4352134668431835,1.0,0.0,0.0,0.0,0.0,0.0,0.0,0.0,0.0,0.0,1.0,1.0,0.0,0.0,0.0,0.0,72.08
0.9587662074657727,1.6781886733339038,1.7208191543276927,1.5496439917125866,1.819437872566274,1.587913800234704,1.0,0.0,0.0,0.0,0.0,0.0,0.0,0.0,0.0,0.0,1.0,0.0,0.0,1.0,0.0,0.0,72.08
-0.5419113346545662,0.93056326237925,0.5897339631889098,0.5134197290628422,0.47293841757315025,0.44266129979830904,1.0,0.0,0.0,0.0,0.0,1.0,0.0,0.0,0.0,0.0,0.0,1.0,0.0,0.0,0.0,0.0,66.82
-0.5419113346545662,0.13621126323992974,-0.04367374384880801,-0.05179350510974294,-0.1522220436736565,-0.3208403671592898,0.0,1.0,0.0,0.0,0.0,1.0,0.0,0.0,0.0,0.0,0.0,1.0,0.0,0.0,0.0,0.0,75.7
-0.5419113346545662,0.08560157922791418,0.5444905555433578,0.419217523367413,0.18440282007462275,0.060910466319509596,1.0,0.0,0.0,0.0,0.0,1.0,0.0,0.0,0.0,0.0,0.0,1.0,0.0,0.0,0.0,0.0,66.82
0.9587662074657727,0.08948467505526325,0.1372998867333966,0.18371200912883504,0.1363135538248676,0.2899609664067886,0.0,1.0,0.0,0.0,0.0,1.0,0.0,0.0,0.0,0.0,0.0,1.0,0.0,0.0,0.0,0.0,62.7
-0.5419113346545662,-0.33105461860672847,-0.49610782030432116,-0.475703430739186,-0.296489842422922,-0.3971905338550484,1.0,0.0,0.0,0.0,0.0,1.0,0.0,0.0,0.0,0.0,0.0,0.0,0.0,0.0,0.0,1.0,66.82
-0.5419113346545662,-1.2655863823000448,-1.1295155273420423,-1.18221997345492,-1.1620966349185011,-0.7789413673338478,0.0,1.0,0.0,0.0,0.0,1.0,0.0,0.0,0.0,0.0,0.0,1.0,0.0,0.0,0.0,0.0,66.82
-0.5419113346545662,0.04275808687060008,0.0015696637967407363,-0.14599571080517548,-0.1522220436736565,-0.3208403671592898,1.0,0.0,0.0,0.0,0.0,1.0,0.0,0.0,0.0,0.0,0.0,1.0,0.0,0.0,0.0,0.0,58.64
-0.5419113346545662,1.1174696151179127,1.087411447289975,1.125734066083147,1.4828130088179947,0.671711799885588,1.0,0.0,0.0,0.0,0.0,1.0,0.0,0.0,0.0,0.0,0.0,1.0,0.0,0.0,0.0,0.0,80.54
0.9587662074657727,-0.23760144223739552,-0.40562100501322046,0.042408700585686236,0.040135021325360704,-0.702591200638086,1.0,0.0,0.0,0.0,0.0,1.0,0.0,0.0,0.0,0.0,0.0,0.0,0.0,1.0,0.0,0.0,62.7
-0.5419113346545662,-1.172133205930712,-1.220002342633143,-1.2293210763026328,-1.3063644336677664,-1.237042367508406,0.0,1.0,0.0,0.0,0.0,0.0,0.0,0.0,0.0,0.0,1.0,1.0,0.0,0.0,0.0,0.0,66.82
0.9587662074657727,0.9772898505639165,0.996924631998871,1.219936271778576,0.8576525475711847,1.2061629667559046,1.0,0.0,0.0,0.0,0.0,1.0,0.0,0.0,0.0,0.0,0.0,1.0,0.0,0.0,0.0,0.0,80.54
0.9587662074657727,-0.47123438316072463,-0.5865946355954251,0.13661090628111877,1.1461881450697122,0.5190114664940676,0.0,1.0,0.0,0.0,0.0,1.0,0.0,0.0,0.0,0.0,0.0,1.0,0.0,0.0,0.0,0.0,58.64
-0.5419113346545662,0.7903834978252506,0.7254641861255624,0.5605208319105585,0.8576525475711847,0.2899609664067886,1.0,0.0,0.0,0.0,0.0,1.0,0.0,0.0,0.0,0.0,0.0,0.0,0.0,1.0,0.0,0.0,66.82
-0.5419113346545662,-0.33105461860672847,-0.13416055913991193,-0.33440012219603715,-0.296489842422922,-0.09178986707201083,0.0,1.0,0.0,0.0,0.0,0.0,0.0,0.0,0.0,0.0,1.0,0.0,0.0,0.0,0.0,1.0,80.54
-0.5419113346545662,-1.7795788523313696,-1.672436419088656,-1.6532310019320757,-1.691078563665801,-1.9241938677702428,0.0,1.0,0.0,0.0,0.0,1.0,0.0,0.0,0.0,0.0,0.0,1.0,0.0,0.0,0.0,0.0,80.54
-0.5419113346545662,1.3043759678565754,1.1326548549355238,1.0786329632354306,1.1942774113194674,1.2061629667559046,1.0,0.0,0.0,0.0,0.0,0.0,0.0,0.0,0.0,0.0,1.0,0.0,0.0,1.0,0.0,0.0,66.82
-0.5419113346545662,-0.377781206791395,-0.22464737443101584,-0.6170067392823314,-0.48884690742193915,-0.3971905338550484,1.0,0.0,0.0,0.0,0.0,1.0,0.0,0.0,0.0,0.0,0.0,1.0,0.0,0.0,0.0,0.0,66.82
-0.5419113346545662,-0.6114141477147241,-0.5865946355954251,-0.5699056364346151,-0.48884690742193915,-0.702591200638086,1.0,0.0,0.0,0.0,0.0,1.0,0.0,0.0,0.0,0.0,0.0,0.0,0.0,1.0,0.0,0.0,66.82
-0.5419113346545662,0.7436569096405874,0.6802207784800105,0.37211642051969673,0.5210276838229054,0.2899609664067886,1.0,0.0,0.0,0.0,0.0,1.0,0.0,0.0,0.0,0.0,0.0,1.0,0.0,0.0,0.0,0.0,62.7
0.9587662074657727,-1.0319534413767157,-1.1295155273420423,-0.9938155620640549,-1.114007368668746,-0.5498908672465688,1.0,0.0,0.0,0.0,0.0,1.0,0.0,0.0,0.0,0.0,0.0,0.0,0.0,1.0,0.0,0.0,80.54
-0.5419113346545662,1.1641962033025792,1.3136284855177316,1.1728351689308598,0.809563281321433,0.9771124666686256,1.0,0.0,0.0,0.0,0.0,0.0,0.0,0.0,0.0,0.0,1.0,1.0,0.0,0.0,0.0,0.0,72.08
-0.5419113346545662,0.5528674610745724,0.4992471478978059,0.7960263461491365,0.953831080070695,0.671711799885588,0.0,1.0,0.0,0.0,0.0,0.0,0.0,0.0,0.0,0.0,1.0,1.0,0.0,0.0,0.0,0.0,66.82
-0.5419113346545662,-0.19087485405272903,-0.22464737443101584,-0.2872990193483209,-0.2484005761731668,-0.015439700376248982,0.0,1.0,0.0,0.0,0.0,1.0,0.0,0.0,0.0,0.0,0.0,1.0,0.0,0.0,0.0,0.0,62.7
-0.5419113346545662,0.93056326237925,0.8611944090622183,0.890228551844569,1.0500096125702052,0.7480619665813466,1.0,0.0,0.0,0.0,0.0,0.0,0.0,0.0,0.0,0.0,1.0,1.0,0.0,0.0,0.0,0.0,66.82
0.9587662074657727,-1.405766146854041,-1.3104891579242468,-1.2764221791503492,-1.065918102418994,-1.0843420341168855,1.0,0.0,0.0,0.0,0.0,0.0,0.0,0.0,0.0,0.0,1.0,1.0,0.0,0.0,0.0,0.0,66.82
-0.5419113346545662,0.13621126323992974,0.4087603326067052,0.2779142148242642,0.08822428757511586,0.13726063301526817,1.0,0.0,0.0,0.0,0.0,0.0,0.0,0.0,0.0,0.0,1.0,1.0,0.0,0.0,0.0,0.0,66.82
-0.5419113346545662,-0.14414826586806587,-0.22464737443101584,0.042408700585686236,-0.1522220436736565,-0.3208403671592898,0.0,1.0,0.0,0.0,0.0,1.0,0.0,0.0,0.0,0.0,0.0,1.0,0.0,0.0,0.0,0.0,66.82
-0.5419113346545662,-0.19087485405272903,-0.13416055913991193,-0.240197916500608,-0.2484005761731668,-0.1681400337677694,0.0,1.0,0.0,0.0,0.0,1.0,0.0,0.0,0.0,0.0,0.0,1.0,0.0,0.0,0.0,0.0,80.54
2.4594437495861117,-0.9385002650073828,-1.220002342633143,-1.1351188706072037,-1.3063644336677664,-1.3133925342041644,0.0,1.0,0.0,0.0,0.0,1.0,0.0,0.0,0.0,0.0,0.0,1.0,0.0,0.0,0.0,0.0,80.54
2.4594437495861117,-1.1254066177460456,-0.9485418967598344,-0.8054111506731931,-0.9216503036697287,-0.8552915340296064,1.0,0.0,0.0,0.0,0.0,0.0,0.0,0.0,0.0,0.0,1.0,1.0,0.0,0.0,0.0,0.0,66.82
-0.5419113346545662,-1.3590395586693746,-1.3557325655697987,-1.417725487693498,-1.4025429661672735,-1.160692200812644,1.0,0.0,0.0,0.0,0.0,0.0,0.0,0.0,0.0,0.0,1.0,1.0,0.0,0.0,0.0,0.0,66.82
-0.5419113346545662,0.32311761597859234,0.1372998867333966,0.2779142148242642,0.08822428757511586,0.060910466319509596,0.0,1.0,0.0,0.0,0.0,1.0,0.0,0.0,0.0,0.0,0.0,1.0,0.0,0.0,0.0,0.0,80.54
-0.5419113346545662,-0.23760144223739552,-0.1794039667854639,-0.0988946079574592,-0.296489842422922,-0.015439700376248982,0.0,1.0,0.0,0.0,0.0,1.0,0.0,0.0,0.0,0.0,0.0,1.0,0.0,0.0,0.0,0.0,80.54
-0.5419113346545662,0.32311761597859234,0.22778670202449733,0.419217523367413,0.3286706188238882,0.3663111331025472,1.0,0.0,0.0,0.0,0.0,1.0,0.0,0.0,0.0,0.0,0.0,1.0,0.0,0.0,0.0,0.0,66.82
-2.0425888767749054,0.5567505569019214,0.5444905555433578,0.7018241404537039,0.5210276838229054,0.5953616331898262,1.0,0.0,0.0,0.0,0.0,1.0,0.0,0.0,0.0,0.0,0.0,1.0,0.0,0.0,0.0,0.0,80.54
0.9587662074657727,0.08948467505526325,0.0015696637967407363,0.13661090628111877,-0.007954244924394449,0.2899609664067886,0.0,1.0,0.0,0.0,0.0,1.0,0.0,0.0,0.0,0.0,0.0,1.0,0.0,0.0,0.0,0.0,74.03
-0.5419113346545662,0.18293785142459623,0.3182735173156012,0.3250153176719805,0.2324920863243779,0.2899609664067886,1.0,0.0,0.0,0.0,0.0,1.0,0.0,0.0,0.0,0.0,0.0,1.0,0.0,0.0,0.0,0.0,66.82
-0.5419113346545662,0.36984420416325886,0.1372998867333966,0.3250153176719805,0.4248491513233951,0.21361079971103,0.0,1.0,0.0,0.0,0.0,1.0,0.0,0.0,0.0,0.0,0.0,1.0,0.0,0.0,0.0,0.0,66.82
-0.5419113346545662,-0.8917736768227164,-0.7675682661776297,-0.9938155620640549,-1.065918102418994,-0.931641700725365,0.0,1.0,0.0,0.0,0.0,0.0,0.0,0.0,0.0,0.0,1.0,1.0,0.0,0.0,0.0,0.0,66.82
2.4594437495861117,-2.200118145993361,-1.9891402726075165,-2.1242420304092318,-2.2200604924131007,-2.1532443678575217,0.0,1.0,0.0,0.0,0.0,0.0,0.0,0.0,0.0,0.0,1.0,1.0,0.0,0.0,0.0,0.0,80.54
-0.5419113346545662,-0.23760144223739552,-0.40562100501322046,-0.5228045335868989,-0.296489842422922,-0.6262410339423274,0.0,1.0,0.0,0.0,0.0,1.0,0.0,0.0,0.0,0.0,0.0,1.0,0.0,0.0,0.0,0.0,66.82
-0.5419113346545662,2.0520013788112292,1.9470361925554494,1.8322506087988808,1.9637056713155394,1.740614133626221,1.0,0.0,0.0,0.0,0.0,0.0,0.0,0.0,0.0,0.0,1.0,1.0,0.0,0.0,0.0,0.0,72.08
-0.5419113346545662,1.3511025560412417,1.2231416702266276,1.3141384774740086,1.4347237425682398,1.5115636335389422,0.0,1.0,0.0,0.0,0.0,1.0,0.0,0.0,0.0,0.0,0.0,0.0,0.0,0.0,0.0,1.0,58.64
2.4594437495861117,0.08948467505526325,-0.13416055913991193,-0.19309681365289175,0.040135021325360704,-0.09178986707201083,1.0,0.0,0.0,0.0,0.0,1.0,0.0,0.0,0.0,0.0,0.0,1.0,0.0,0.0,0.0,0.0,62.7
-0.5419113346545662,1.7716418497032336,1.4493587084543842,1.0315318603877144,1.4828130088179947,1.5115636335389422,1.0,0.0,0.0,0.0,0.0,0.0,0.0,0.0,0.0,0.0,1.0,1.0,0.0,0.0,0.0,0.0,72.08
-0.5419113346545662,-0.6581407358993873,-0.5413512279498731,-0.6170067392823314,-0.6812039724209563,-0.5498908672465688,0.0,1.0,0.0,0.0,0.0,0.0,0.0,0.0,0.0,0.0,1.0,1.0,0.0,0.0,0.0,0.0,66.82
-0.5419113346545662,0.32311761597859234,0.27303010967004926,0.37211642051969673,0.18440282007462275,0.060910466319509596,0.0,1.0,0.0,0.0,0.0,0.0,0.0,0.0,0.0,0.0,1.0,1.0,0.0,0.0,0.0,0.0,66.82
0.9587662074657727,0.46329738053259184,0.22778670202449733,0.6076219347582748,0.37675988507363994,0.2899609664067886,1.0,0.0,0.0,0.0,0.0,1.0,0.0,0.0,0.0,0.0,0.0,1.0,0.0,0.0,0.0,0.0,73.08
0.9587662074657727,2.192181143365225,2.082766415492102,1.9735539173420262,2.0598842038150464,2.1223649671050206,1.0,0.0,0.0,0.0,0.0,1.0,0.0,0.0,0.0,0.0,0.0,1.0,0.0,0.0,0.0,0.0,76.93
0.9587662074657727,1.3978291442259083,1.4493587084543842,1.4083406831694378,1.4828130088179947,1.282513133451663,1.0,0.0,0.0,0.0,0.0,0.0,0.0,0.0,0.0,0.0,1.0,1.0,0.0,0.0,0.0,0.0,76.93
0.9587662074657727,-0.9385002650073828,-0.8128116738231816,-0.711208944977764,-0.9216503036697287,-0.702591200638086,0.0,1.0,0.0,0.0,0.0,1.0,0.0,0.0,0.0,0.0,0.0,1.0,0.0,0.0,0.0,0.0,78.31
-0.5419113346545662,0.04275808687060008,-0.08891715149435997,0.6547230376059909,0.08822428757511586,0.2899609664067886,0.0,1.0,0.0,0.0,0.0,1.0,0.0,0.0,0.0,0.0,0.0,1.0,0.0,0.0,0.0,0.0,75.71
-0.5419113346545662,0.8371100860099171,0.7707075937711144,0.9844307575399981,0.809563281321433,0.5953616331898262,0.0,1.0,0.0,0.0,0.0,1.0,0.0,0.0,0.0,0.0,0.0,1.0,0.0,0.0,0.0,0.0,66.82
-0.5419113346545662,0.93056326237925,0.996924631998871,0.9844307575399981,1.00192034632045,0.900762299972867,1.0,0.0,0.0,0.0,0.0,1.0,0.0,0.0,0.0,0.0,0.0,1.0,0.0,0.0,0.0,0.0,66.82
2.4594437495861117,0.6969303214559209,-0.08891715149435997,-0.0988946079574592,-0.9697395699194838,-0.015439700376248982,1.0,0.0,0.0,0.0,0.0,0.0,0.0,0.0,0.0,0.0,1.0,1.0,0.0,0.0,0.0,0.0,58.64
-0.5419113346545662,0.2296644396092627,0.1825432943789486,0.23081311197654794,0.2324920863243779,0.13726063301526817,1.0,0.0,0.0,0.0,0.0,0.0,0.0,0.0,0.0,0.0,1.0,1.0,0.0,0.0,0.0,0.0,66.82
-0.5419113346545662,0.5567505569019214,0.7707075937711144,0.7018241404537039,0.809563281321433,0.9771124666686256,1.0,0.0,0.0,0.0,0.0,0.0,0.0,0.0,0.0,0.0,1.0,0.0,0.0,0.0,1.0,0.0,72.08
0.9587662074657727,0.5567505569019214,0.1825432943789486,0.08950980343340251,0.47293841757315025,0.671711799885588,0.0,1.0,0.0,0.0,0.0,1.0,0.0,0.0,0.0,0.0,0.0,1.0,0.0,0.0,0.0,0.0,33.59
0.9587662074657727,-0.9385002650073828,-1.0842721196964902,-1.0880177677594873,-0.9216503036697287,-0.7789413673338478,0.0,1.0,0.0,0.0,0.0,1.0,0.0,0.0,0.0,0.0,0.0,1.0,0.0,0.0,0.0,0.0,75.7
-0.5419113346545662,1.8183684378879,1.6755757466821408,1.7851495059511646,1.4347237425682398,1.358863300147425,1.0,0.0,0.0,0.0,0.0,1.0,0.0,0.0,0.0,0.0,0.0,1.0,0.0,0.0,0.0,0.0,80.54
-0.5419113346545662,-0.9385002650073828,-0.8580550814687337,-0.8996133563686256,-0.9216503036697287,-0.8552915340296064,0.0,1.0,0.0,0.0,0.0,1.0,0.0,0.0,0.0,0.0,0.0,1.0,0.0,0.0,0.0,0.0,80.54
0.9587662074657727,1.1174696151179127,1.042168039644423,1.219936271778576,1.098098878819957,1.282513133451663,1.0,0.0,0.0,0.0,0.0,1.0,0.0,0.0,0.0,0.0,0.0,1.0,0.0,0.0,0.0,0.0,62.7
-0.5419113346545662,-0.23760144223739552,-0.5865946355954251,-0.004692402262030026,-0.3445791086726771,-0.3971905338550484,1.0,0.0,0.0,0.0,0.0,1.0,0.0,0.0,0.0,0.0,0.0,1.0,0.0,0.0,0.0,0.0,62.7
-0.5419113346545662,-0.6581407358993873,-0.631838043240977,-0.7583100478254768,-0.5850254399214495,-0.5498908672465688,1.0,0.0,0.0,0.0,0.0,1.0,0.0,0.0,0.0,0.0,0.0,1.0,0.0,0.0,0.0,0.0,80.54
-0.5419113346545662,-1.3590395586693746,-1.0390287120509383,-1.18221997345492,-1.2582751674180113,-1.237042367508406,0.0,1.0,0.0,0.0,0.0,1.0,0.0,0.0,0.0,0.0,0.0,1.0,0.0,0.0,0.0,0.0,80.54
0.9587662074657727,-0.9385002650073828,-0.9485418967598344,-1.1351188706072037,-0.9697395699194838,-1.0079918674211268,0.0,1.0,0.0,0.0,0.0,1.0,0.0,0.0,0.0,0.0,0.0,1.0,0.0,0.0,0.0,0.0,62.7
-0.5419113346545662,0.6969303214559209,0.9064378167077671,0.6547230376059909,0.7133847488219226,1.129812800060146,1.0,0.0,0.0,0.0,0.0,0.0,0.0,0.0,0.0,0.0,1.0,0.0,0.0,1.0,0.0,0.0,72.08
-0.5419113346545662,0.6502037332712545,0.5444905555433578,0.890228551844569,0.953831080070695,0.8244121332771052,1.0,0.0,0.0,0.0,0.0,1.0,0.0,0.0,0.0,0.0,0.0,1.0,0.0,0.0,0.0,0.0,33.59
-0.5419113346545662,-0.7983205004533868,-0.9032984891142856,-0.7583100478254768,-0.8735610374199736,-0.7789413673338478,1.0,0.0,0.0,0.0,0.0,1.0,0.0,0.0,0.0,0.0,0.0,1.0,0.0,0.0,0.0,0.0,62.7
-0.5419113346545662,-0.5179609713453911,-0.5865946355954251,-0.5699056364346151,-0.20031130992341165,-0.3971905338550484,0.0,1.0,0.0,0.0,0.0,1.0,0.0,0.0,0.0,0.0,0.0,1.0,0.0,0.0,0.0,0.0,33.59
-0.5419113346545662,-1.4992193232233741,-1.672436419088656,-1.3706243848457815,-1.5949000311662906,-1.0843420341168855,0.0,1.0,0.0,0.0,0.0,1.0,0.0,0.0,0.0,0.0,0.0,1.0,0.0,0.0,0.0,0.0,75.71
2.4594437495861117,-0.4245077949760581,-0.49610782030432116,-0.6641078421300477,-0.440757641172184,-0.702591200638086,0.0,1.0,0.0,0.0,0.0,0.0,0.0,0.0,0.0,0.0,1.0,1.0,0.0,0.0,0.0,0.0,66.82
0.9587662074657727,0.46329738053259184,0.1825432943789486,0.46631862621512593,0.4248491513233951,0.671711799885588,1.0,0.0,0.0,0.0,0.0,0.0,0.0,0.0,0.0,0.0,1.0,1.0,0.0,0.0,0.0,0.0,66.82
-0.5419113346545662,1.070743026933246,0.8611944090622183,1.4083406831694378,0.809563281321433,1.129812800060146,1.0,0.0,0.0,0.0,0.0,1.0,0.0,0.0,0.0,0.0,0.0,1.0,0.0,0.0,0.0,0.0,80.54
-0.5419113346545662,-0.8450470886380532,-0.7675682661776297,-0.8525122535209094,-0.8254717711702219,-0.702591200638086,1.0,0.0,0.0,0.0,0.0,1.0,0.0,0.0,0.0,0.0,0.0,1.0,0.0,0.0,0.0,0.0,75.7
-0.5419113346545662,-0.23760144223739552,-0.31513418972211654,-0.5699056364346151,-0.39266837492242884,-0.702591200638086,0.0,1.0,0.0,0.0,0.0,0.0,0.0,0.0,0.0,1.0,0.0,1.0,0.0,0.0,0.0,0.0,75.71
0.9587662074657727,-0.09742167768339938,-0.04367374384880801,-0.19309681365289175,-0.296489842422922,-0.015439700376248982,0.0,1.0,0.0,0.0,0.0,1.0,0.0,0.0,0.0,0.0,0.0,1.0,0.0,0.0,0.0,0.0,74.03
-0.5419113346545662,1.070743026933246,0.9064378167077671,1.1728351689308598,1.0500096125702052,1.358863300147425,0.0,1.0,0.0,0.0,0.0,1.0,0.0,0.0,0.0,0.0,0.0,1.0,0.0,0.0,0.0,0.0,73.08
-0.5419113346545662,0.36984420416325886,0.09205647908784466,0.13661090628111877,0.08822428757511586,-0.3971905338550484,1.0,0.0,0.0,0.0,0.0,0.0,0.0,0.0,0.0,0.0,1.0,1.0,0.0,0.0,0.0,0.0,66.82
0.9587662074657727,1.1174696151179127,1.042168039644423,1.0315318603877144,1.1461881450697122,0.8244121332771052,0.0,1.0,0.0,0.0,0.0,0.0,0.0,0.0,0.0,0.0,1.0,1.0,0.0,0.0,0.0,0.0,72.08
-0.5419113346545662,0.18293785142459623,-0.1794039667854639,-0.14599571080517548,0.1363135538248676,0.060910466319509596,1.0,0.0,0.0,0.0,0.0,1.0,0.0,0.0,0.0,0.0,0.0,1.0,0.0,0.0,0.0,0.0,75.71
-0.5419113346545662,0.6969303214559209,0.4992471478978059,0.37211642051969673,0.6172062163224123,0.5953616331898262,0.0,1.0,0.0,0.0,0.0,1.0,0.0,0.0,0.0,0.0,0.0,0.0,0.0,0.0,0.0,1.0,65.57
0.9587662074657727,1.2576493796719088,1.1778982625810757,1.2670373746262924,1.1942774113194674,1.2061629667559046,1.0,0.0,0.0,0.0,0.0,1.0,0.0,0.0,0.0,0.0,0.0,1.0,0.0,0.0,0.0,0.0,74.03
0.9587662074657727,-0.8917736768227164,-0.8580550814687337,-0.8525122535209094,-0.9216503036697287,-0.702591200638086,0.0,1.0,0.0,0.0,0.0,1.0,0.0,0.0,0.0,0.0,0.0,1.0,0.0,0.0,0.0,0.0,80.54
-0.5419113346545662,-2.013211793254699,-1.9438968649619646,-1.982938721866083,-2.075792693663835,-1.7714935343787224,0.0,1.0,0.0,0.0,0.0,1.0,0.0,0.0,0.0,0.0,0.0,1.0,0.0,0.0,0.0,0.0,75.71
0.9587662074657727,1.070743026933246,1.087411447289975,1.0315318603877144,0.9057418138209398,0.8244121332771052,1.0,0.0,0.0,0.0,0.0,1.0,0.0,0.0,0.0,0.0,0.0,1.0,0.0,0.0,0.0,0.0,66.82
0.9587662074657727,-0.7515939122687202,-0.8128116738231816,-0.8996133563686256,-0.7292932386707115,-0.3208403671592898,0.0,1.0,0.0,0.0,0.0,0.0,0.0,0.0,0.0,1.0,0.0,1.0,0.0,0.0,0.0,0.0,66.82
-0.5419113346545662,-0.23760144223739552,-0.40562100501322046,-0.4286023278914697,-0.440757641172184,-0.1681400337677694,1.0,0.0,0.0,0.0,0.0,0.0,0.0,0.0,0.0,0.0,1.0,1.0,0.0,0.0,0.0,0.0,74.03
-0.5419113346545662,-0.9852268531920494,-0.9032984891142856,-0.8996133563686256,-0.9697395699194838,-1.237042367508406,0.0,1.0,0.0,0.0,0.0,0.0,0.0,0.0,0.0,0.0,1.0,1.0,0.0,0.0,0.0,0.0,66.82
0.9587662074657727,-0.8917736768227164,-0.8580550814687337,-0.33440012219603715,-0.5850254399214495,-0.3971905338550484,0.0,1.0,0.0,0.0,0.0,1.0,0.0,0.0,0.0,0.0,0.0,1.0,0.0,0.0,0.0,0.0,75.71
-0.5419113346545662,-1.2188597941153785,-1.1747589349875909,-1.417725487693498,-1.3544536999175183,-1.3133925342041644,1.0,0.0,0.0,0.0,0.0,0.0,0.0,0.0,0.0,0.0,1.0,1.0,0.0,0.0,0.0,0.0,66.82
-0.5419113346545662,0.36984420416325886,0.7707075937711144,0.37211642051969673,0.37675988507363994,0.5190114664940676,1.0,0.0,0.0,0.0,0.0,0.0,0.0,0.0,0.0,0.0,1.0,1.0,0.0,0.0,0.0,0.0,72.08
-0.5419113346545662,0.08948467505526325,0.09205647908784466,0.042408700585686236,0.1363135538248676,-0.24449020046352798,1.0,0.0,0.0,0.0,0.0,0.0,0.0,0.0,0.0,0.0,1.0,1.0,0.0,0.0,0.0,0.0,66.82
-0.5419113346545662,-0.284328030422062,-0.40562100501322046,-0.14599571080517548,0.040135021325360704,-0.473540700550807,1.0,0.0,0.0,0.0,0.0,1.0,0.0,0.0,0.0,0.0,0.0,1.0,0.0,0.0,0.0,0.0,80.54
-0.5419113346545662,-0.050695089498732894,-0.1794039667854639,0.08950980343340251,-0.0560435111741496,-0.1681400337677694,1.0,0.0,0.0,0.0,0.0,1.0,0.0,0.0,0.0,0.0,0.0,1.0,0.0,0.0,0.0,0.0,80.54
0.9587662074657727,0.32311761597859234,0.1372998867333966,-0.05179350510974294,0.040135021325360704,0.21361079971103,0.0,1.0,0.0,0.0,0.0,1.0,0.0,0.0,0.0,0.0,0.0,1.0,0.0,0.0,0.0,0.0,73.08
-0.5419113346545662,-1.405766146854041,-1.5367061961520034,-1.2293210763026328,-1.2582751674180113,-1.5424430342914435,0.0,1.0,0.0,0.0,0.0,1.0,0.0,0.0,0.0,0.0,0.0,1.0,0.0,0.0,0.0,0.0,80.54
-0.5419113346545662,-0.7515939122687202,-0.7675682661776297,-0.7583100478254768,-0.8735610374199736,-0.931641700725365,1.0,0.0,0.0,0.0,0.0,1.0,0.0,0.0,0.0,0.0,0.0,1.0,0.0,0.0,0.0,0.0,66.82
-0.5419113346545662,1.070743026933246,0.951681224353319,1.0786329632354306,1.0500096125702052,0.8244121332771052,1.0,0.0,0.0,0.0,0.0,0.0,0.0,0.0,0.0,0.0,1.0,0.0,0.0,0.0,1.0,0.0,66.82
-0.5419113346545662,0.4165707923479253,0.4087603326067052,0.419217523367413,0.4248491513233951,0.5953616331898262,1.0,0.0,0.0,0.0,0.0,1.0,0.0,0.0,0.0,0.0,0.0,1.0,0.0,0.0,0.0,0.0,80.54
-0.5419113346545662,-0.8917736768227164,-0.8580550814687337,-0.8996133563686256,-0.9697395699194838,-0.7789413673338478,1.0,0.0,0.0,0.0,0.0,1.0,0.0,0.0,0.0,0.0,0.0,1.0,0.0,0.0,0.0,0.0,74.03
-0.5419113346545662,0.93056326237925,1.1326548549355238,0.6547230376059909,0.7614740150716778,1.2061629667559046,0.0,1.0,0.0,0.0,0.0,0.0,0.0,0.0,0.0,0.0,1.0,0.0,1.0,0.0,0.0,0.0,72.08
-0.5419113346545662,1.5380089087799045,1.3588718931632802,1.3141384774740086,1.4828130088179947,1.4352134668431835,1.0,0.0,0.0,0.0,0.0,0.0,0.0,0.0,0.0,0.0,1.0,1.0,0.0,0.0,0.0,0.0,72.08
-0.5419113346545662,-0.23760144223739552,-0.3603775973676685,-0.05179350510974294,0.37675988507363994,0.060910466319509596,1.0,0.0,0.0,0.0,0.0,1.0,0.0,0.0,0.0,0.0,0.0,1.0,0.0,0.0,0.0,0.0,80.54
-0.5419113346545662,1.8183684378879,1.7660625619732446,1.8322506087988808,1.4347237425682398,1.587913800234704,0.0,1.0,0.0,0.0,0.0,1.0,0.0,0.0,0.0,0.0,0.0,1.0,0.0,0.0,0.0,0.0,75.7
0.9587662074657727,1.5380089087799045,1.7660625619732446,1.455441786017154,1.3866344763184846,1.282513133451663,1.0,0.0,0.0,1.0,0.0,0.0,0.0,0.0,0.0,0.0,0.0,1.0,0.0,0.0,0.0,0.0,72.08
-0.5419113346545662,1.6314620851492374,1.9470361925554494,1.8793517116465939,1.675170073817012,1.4352134668431835,1.0,0.0,0.0,0.0,0.0,0.0,0.0,0.0,0.0,0.0,1.0,1.0,0.0,0.0,0.0,0.0,66.82
-0.5419113346545662,-0.381664302618744,-0.08891715149435997,-0.33440012219603715,-0.48884690742193915,-0.6262410339423274,1.0,0.0,0.0,0.0,0.0,0.0,0.0,0.0,0.0,0.0,1.0,1.0,0.0,0.0,0.0,0.0,66.82
-0.5419113346545662,2.0052747906265624,2.3089834537198586,2.161958328732888,2.1079734700648016,2.427765633888058,1.0,0.0,0.0,0.0,0.0,0.0,0.0,0.0,0.0,0.0,1.0,1.0,0.0,0.0,0.0,0.0,72.08
0.9587662074657727,0.36984420416325886,0.3635169249611532,0.18371200912883504,0.3286706188238882,0.5190114664940676,1.0,0.0,0.0,0.0,0.0,0.0,0.0,0.0,0.0,0.0,1.0,1.0,0.0,0.0,0.0,0.0,65.57
0.9587662074657727,-0.5179609713453911,-0.7223248585320777,-0.7583100478254768,-0.48884690742193915,-0.24449020046352798,0.0,1.0,0.0,0.0,0.0,1.0,0.0,0.0,0.0,0.0,0.0,1.0,0.0,0.0,0.0,0.0,78.17
-0.5419113346545662,-1.172133205930712,-1.220002342633143,-1.2293210763026328,-1.1620966349185011,-1.237042367508406,0.0,1.0,0.0,0.0,0.0,0.0,0.0,0.0,0.0,0.0,1.0,1.0,0.0,0.0,0.0,0.0,66.82
-0.5419113346545662,0.13621126323992974,0.1372998867333966,0.3250153176719805,0.040135021325360704,-0.1681400337677694,0.0,1.0,0.0,0.0,0.0,1.0,0.0,0.0,0.0,0.0,0.0,1.0,0.0,0.0,0.0,0.0,80.54
0.9587662074657727,0.4165707923479253,0.22778670202449733,0.419217523367413,0.18440282007462275,-0.24449020046352798,0.0,1.0,0.0,0.0,0.0,1.0,0.0,0.0,0.0,0.0,0.0,1.0,0.0,0.0,0.0,0.0,65.57
-0.5419113346545662,0.7436569096405874,1.042168039644423,0.8431274489968527,0.953831080070695,1.129812800060146,0.0,1.0,0.0,0.0,0.0,0.0,0.0,0.0,0.0,0.0,1.0,0.0,0.0,1.0,0.0,0.0,66.82
-0.5419113346545662,0.5567505569019214,0.3182735173156012,0.5605208319105585,0.5691169500726606,0.21361079971103,1.0,0.0,0.0,0.0,0.0,1.0,0.0,0.0,0.0,0.0,0.0,1.0,0.0,0.0,0.0,0.0,66.82
-0.5419113346545662,-0.6581407358993873,-0.5865946355954251,-0.5699056364346151,-0.6331147061712012,0.2899609664067886,0.0,1.0,0.0,0.0,0.0,1.0,0.0,0.0,0.0,0.0,0.0,1.0,0.0,0.0,0.0,0.0,66.82
-0.5419113346545662,1.1174696151179127,0.951681224353319,1.0315318603877144,1.3385452100687294,0.5953616331898262,1.0,0.0,0.0,0.0,0.0,0.0,0.0,0.0,0.0,0.0,1.0,1.0,0.0,0.0,0.0,0.0,66.82
0.9587662074657727,-1.3590395586693746,-1.3557325655697987,-1.3706243848457815,-1.3063644336677664,-1.160692200812644,0.0,1.0,0.0,0.0,0.0,1.0,0.0,0.0,0.0,0.0,0.0,1.0,0.0,0.0,0.0,0.0,80.54
-0.5419113346545662,0.7436569096405874,0.4992471478978059,0.6076219347582748,0.7133847488219226,0.5190114664940676,0.0,1.0,0.0,0.0,0.0,1.0,0.0,0.0,0.0,0.0,0.0,1.0,0.0,0.0,0.0,0.0,65.57
-0.5419113346545662,-0.003968501314066405,-0.1794039667854639,-0.2872990193483209,-0.20031130992341165,0.5953616331898262,0.0,1.0,0.0,0.0,0.0,1.0,0.0,0.0,0.0,0.0,0.0,1.0,0.0,0.0,0.0,0.0,58.64
-0.5419113346545662,-1.4524927350387076,-1.4009759732153475,-1.3706243848457815,-1.1620966349185011,-1.160692200812644,0.0,1.0,0.0,0.0,0.0,0.0,0.0,0.0,0.0,0.0,1.0,1.0,0.0,0.0,0.0,0.0,66.82
-0.5419113346545662,-0.47123438316072463,-0.40562100501322046,-0.38150122504375344,-0.440757641172184,-0.5498908672465688,0.0,1.0,0.0,0.0,0.0,1.0,0.0,0.0,0.0,0.0,0.0,1.0,0.0,0.0,0.0,0.0,62.7
-0.5419113346545662,-0.9852268531920494,-1.0390287120509383,-0.9467144592163419,-0.7292932386707115,-0.8552915340296064,1.0,0.0,0.0,0.0,0.0,0.0,0.0,0.0,0.0,0.0,1.0,1.0,0.0,0.0,0.0,0.0,66.82
0.9587662074657727,0.36984420416325886,0.27303010967004926,0.2779142148242642,0.37675988507363994,-0.3208403671592898,0.0,1.0,0.0,0.0,0.0,1.0,0.0,0.0,0.0,0.0,0.0,1.0,0.0,0.0,0.0,0.0,66.82
-0.5419113346545662,1.1641962033025792,1.087411447289975,1.0315318603877144,1.2423666775692224,1.2061629667559046,1.0,0.0,0.0,0.0,0.0,0.0,0.0,0.0,0.0,0.0,1.0,1.0,0.0,0.0,0.0,0.0,72.08
0.9587662074657727,1.6314620851492374,1.6755757466821408,1.690947300255732,1.675170073817012,1.740614133626221,0.0,1.0,0.0,0.0,0.0,0.0,0.0,0.0,0.0,0.0,1.0,1.0,0.0,0.0,0.0,0.0,72.08
-0.5419113346545662,-0.8917736768227164,-0.8128116738231816,-0.8996133563686256,-0.8735610374199736,-0.931641700725365,0.0,1.0,0.0,0.0,0.0,0.0,0.0,0.0,0.0,0.0,1.0,0.0,0.0,1.0,0.0,0.0,66.82
-0.5419113346545662,-0.19087485405272903,-0.2698907820765646,-0.33440012219603715,-0.296489842422922,-0.015439700376248982,1.0,0.0,0.0,0.0,0.0,1.0,0.0,0.0,0.0,0.0,0.0,1.0,0.0,0.0,0.0,0.0,62.7
-0.5419113346545662,-0.377781206791395,-0.7223248585320777,-0.05179350510974294,-0.3445791086726771,-0.5498908672465688,0.0,1.0,0.0,0.0,0.0,1.0,0.0,0.0,0.0,0.0,0.0,1.0,0.0,0.0,0.0,0.0,73.08
-0.5419113346545662,-0.7983205004533868,-0.9485418967598344,-0.711208944977764,-0.8254717711702219,-1.237042367508406,0.0,1.0,0.0,0.0,0.0,1.0,0.0,0.0,0.0,0.0,0.0,1.0,0.0,0.0,0.0,0.0,66.82
-0.5419113346545662,0.36984420416325886,0.3635169249611532,0.3250153176719805,0.47293841757315025,0.3663111331025472,0.0,1.0,0.0,0.0,0.0,0.0,0.0,0.0,0.0,0.0,1.0,1.0,0.0,0.0,0.0,0.0,75.7
-0.5419113346545662,-1.8730320287006994,-1.672436419088656,-1.7003321047797888,-1.739167829915556,-1.389742700899923,0.0,1.0,0.0,0.0,0.0,1.0,0.0,0.0,0.0,0.0,0.0,1.0,0.0,0.0,0.0,0.0,73.08
-0.5419113346545662,-0.7515939122687202,-0.7223248585320777,-0.7583100478254768,-0.9697395699194838,-0.5498908672465688,1.0,0.0,0.0,0.0,0.0,1.0,0.0,0.0,0.0,0.0,0.0,0.0,0.0,0.0,0.0,1.0,80.54
0.9587662074657727,0.46329738053259184,0.4992471478978059,0.37211642051969673,0.3286706188238882,0.5953616331898262,1.0,0.0,0.0,0.0,0.0,1.0,0.0,0.0,0.0,0.0,0.0,1.0,0.0,0.0,0.0,0.0,72.08
-2.0425888767749054,-0.19087485405272903,-0.7223248585320777,-0.38150122504375344,0.040135021325360704,-0.3971905338550484,1.0,0.0,0.0,0.0,0.0,1.0,0.0,0.0,0.0,0.0,0.0,1.0,0.0,0.0,0.0,0.0,62.7
-0.5419113346545662,2.0987279669958956,2.218496638428758,2.2090594315806045,2.011794937565295,1.8933144670177415,0.0,1.0,0.0,0.0,0.0,0.0,0.0,0.0,0.0,0.0,1.0,1.0,0.0,0.0,0.0,0.0,72.08
-0.5419113346545662,1.070743026933246,0.951681224353319,1.0315318603877144,0.953831080070695,1.0534626333643842,1.0,0.0,0.0,0.0,0.0,0.0,0.0,0.0,0.0,0.0,1.0,1.0,0.0,0.0,0.0,0.0,66.82
2.4594437495861117,0.04275808687060008,0.0015696637967407363,0.08950980343340251,-0.007954244924394449,0.2899609664067886,0.0,1.0,0.0,0.0,0.0,0.0,0.0,0.0,0.0,0.0,1.0,0.0,0.0,0.0,0.0,1.0,62.7
-0.5419113346545662,-0.377781206791395,-0.4508644126587724,-0.2872990193483209,-0.6331147061712012,0.13726063301526817,1.0,0.0,0.0,0.0,0.0,1.0,0.0,0.0,0.0,0.0,0.0,1.0,0.0,0.0,0.0,0.0,80.54
0.9587662074657727,0.32311761597859234,0.22778670202449733,0.23081311197654794,0.1363135538248676,0.3663111331025472,1.0,0.0,0.0,0.0,0.0,1.0,0.0,0.0,0.0,0.0,0.0,1.0,0.0,0.0,0.0,0.0,74.03
-0.5419113346545662,-1.5459459114080405,-1.5819496037975553,-1.4648265905412108,-1.5468107649165388,-1.389742700899923,0.0,1.0,0.0,0.0,0.0,1.0,0.0,0.0,0.0,0.0,0.0,1.0,0.0,0.0,0.0,0.0,80.54
-0.5419113346545662,-1.8730320287006994,-1.76292323437976,-1.7945343104752214,-1.835346362415063,-2.0005440344660013,0.0,1.0,0.0,0.0,0.0,1.0,0.0,0.0,0.0,0.0,0.0,1.0,0.0,0.0,0.0,0.0,80.54
0.9587662074657727,1.8183684378879,1.8113059696187934,1.6438461974080159,1.723259340066767,1.587913800234704,1.0,0.0,0.0,0.0,0.0,0.0,0.0,0.0,0.0,0.0,1.0,1.0,0.0,0.0,0.0,0.0,72.08
-0.5419113346545662,-1.4524927350387076,-1.4462193808608994,-1.7003321047797888,-1.1620966349185011,-1.618793200987202,1.0,0.0,0.0,0.0,0.0,1.0,0.0,0.0,0.0,0.0,0.0,1.0,0.0,0.0,0.0,0.0,62.7
-0.5419113346545662,-0.8450470886380532,-0.8580550814687337,-0.8996133563686256,-0.7773825049204667,-0.3208403671592898,1.0,0.0,0.0,0.0,0.0,1.0,0.0,0.0,0.0,0.0,0.0,1.0,0.0,0.0,0.0,0.0,75.71
-0.5419113346545662,-0.8450470886380532,-0.9032984891142856,-0.6641078421300477,-0.5850254399214495,-0.7789413673338478,1.0,0.0,0.0,0.0,0.0,1.0,0.0,0.0,0.0,0.0,0.0,1.0,0.0,0.0,0.0,0.0,80.54
0.9587662074657727,-0.007851597141415466,0.3182735173156012,0.08950980343340251,-0.2484005761731668,-0.3208403671592898,1.0,0.0,0.0,0.0,0.0,0.0,0.0,0.0,0.0,1.0,0.0,1.0,0.0,0.0,0.0,0.0,66.82
-0.5419113346545662,1.724915261518567,1.8113059696187934,1.6438461974080159,1.7713486063165222,1.6642639669304626,1.0,0.0,0.0,0.0,0.0,0.0,0.0,0.0,0.0,0.0,1.0,1.0,0.0,0.0,0.0,0.0,72.08
-0.5419113346545662,-1.63939908777737,-1.5367061961520034,-1.3706243848457815,-1.4506322324170287,-1.3133925342041644,0.0,1.0,0.0,0.0,0.0,1.0,0.0,0.0,0.0,0.0,0.0,1.0,0.0,0.0,0.0,0.0,74.03
-0.5419113346545662,-1.4992193232233741,-1.5367061961520034,-1.511927693388927,-1.739167829915556,-1.0079918674211268,1.0,0.0,0.0,0.0,0.0,1.0,0.0,0.0,0.0,0.0,0.0,1.0,0.0,0.0,0.0,0.0,33.59
0.9587662074657727,-0.14414826586806587,-0.04367374384880801,-0.14599571080517548,0.08822428757511586,0.2899609664067886,0.0,1.0,0.0,0.0,0.0,1.0,0.0,0.0,0.0,0.0,0.0,0.0,0.0,1.0,0.0,0.0,74.03
-0.5419113346545662,-0.5179609713453911,-0.9485418967598344,-1.1351188706072037,-0.8254717711702219,-0.473540700550807,0.0,1.0,0.0,0.0,0.0,1.0,0.0,0.0,0.0,0.0,0.0,0.0,0.0,0.0,0.0,1.0,62.7
-0.5419113346545662,-0.003968501314066405,-0.08891715149435997,-0.05179350510974294,-0.0560435111741496,-0.6262410339423274,1.0,0.0,0.0,0.0,0.0,1.0,0.0,0.0,0.0,0.0,0.0,1.0,0.0,0.0,0.0,0.0,66.82
-0.5419113346545662,1.2576493796719088,1.2231416702266276,1.219936271778576,1.4828130088179947,1.129812800060146,1.0,0.0,0.0,0.0,0.0,0.0,0.0,0.0,0.0,0.0,1.0,1.0,0.0,0.0,0.0,0.0,62.7
-0.5419113346545662,0.7436569096405874,0.4992471478978059,0.46631862621512593,0.6652954825721674,0.5190114664940676,1.0,0.0,0.0,0.0,0.0,0.0,0.0,0.0,0.0,0.0,1.0,0.0,0.0,0.0,1.0,0.0,72.08
-0.5419113346545662,0.5567505569019214,0.7254641861255624,0.6076219347582748,0.6652954825721674,0.44266129979830904,1.0,0.0,0.0,0.0,0.0,1.0,0.0,0.0,0.0,0.0,0.0,1.0,0.0,0.0,0.0,0.0,33.59
0.9587662074657727,-1.2188597941153785,-1.220002342633143,-1.2293210763026328,-1.3063644336677664,-1.4660928675956848,0.0,1.0,0.0,0.0,0.0,1.0,0.0,0.0,0.0,0.0,0.0,1.0,0.0,0.0,0.0,0.0,73.08
0.9587662074657727,0.13621126323992974,0.1825432943789486,0.6076219347582748,0.2805813525741331,0.21361079971103,1.0,0.0,0.0,0.0,0.0,1.0,0.0,0.0,0.0,0.0,0.0,1.0,0.0,0.0,0.0,0.0,66.82
-0.5419113346545662,1.3511025560412417,1.1778982625810757,1.125734066083147,1.3866344763184846,1.5115636335389422,1.0,0.0,0.0,0.0,0.0,1.0,0.0,0.0,0.0,0.0,0.0,1.0,0.0,0.0,0.0,0.0,73.08
-0.5419113346545662,1.3043759678565754,1.3588718931632802,1.361239580321725,1.1942774113194674,1.2061629667559046,1.0,0.0,0.0,0.0,0.0,1.0,0.0,0.0,0.0,0.0,0.0,1.0,0.0,0.0,0.0,0.0,80.54
-0.5419113346545662,-0.377781206791395,-0.3603775973676685,-0.38150122504375344,-0.3445791086726771,0.13726063301526817,0.0,1.0,0.0,0.0,0.0,1.0,0.0,0.0,0.0,0.0,0.0,0.0,1.0,0.0,0.0,0.0,62.7
0.9587662074657727,-0.23760144223739552,-0.49610782030432116,-0.2872990193483209,-0.5369361736716943,-0.1681400337677694,1.0,0.0,0.0,0.0,0.0,0.0,0.0,0.0,0.0,0.0,1.0,1.0,0.0,0.0,0.0,0.0,80.54
0.9587662074657727,0.32311761597859234,0.04681307144229269,0.13661090628111877,0.1363135538248676,-0.24449020046352798,1.0,0.0,0.0,0.0,0.0,1.0,0.0,0.0,0.0,0.0,0.0,1.0,0.0,0.0,0.0,0.0,80.54
-0.5419113346545662,0.7436569096405874,0.3635169249611532,0.419217523367413,0.7133847488219226,0.21361079971103,0.0,1.0,0.0,0.0,0.0,0.0,0.0,0.0,0.0,0.0,1.0,0.0,1.0,0.0,0.0,0.0,66.82
-0.5419113346545662,-0.9852268531920494,-1.0842721196964902,-1.1351188706072037,-1.114007368668746,-1.237042367508406,0.0,1.0,0.0,0.0,0.0,1.0,0.0,0.0,0.0,0.0,0.0,1.0,0.0,0.0,0.0,0.0,66.82
-0.5419113346545662,-0.4245077949760581,-0.3603775973676685,-0.6170067392823314,-0.3445791086726771,0.060910466319509596,0.0,1.0,0.0,0.0,0.0,1.0,0.0,0.0,0.0,0.0,0.0,1.0,0.0,0.0,0.0,0.0,58.64
-0.5419113346545662,-0.8917736768227164,-0.9485418967598344,-0.711208944977764,-0.9697395699194838,-1.0079918674211268,0.0,1.0,0.0,0.0,0.0,1.0,0.0,0.0,0.0,0.0,0.0,1.0,0.0,0.0,0.0,0.0,62.7
3.9601212917064506,-0.8450470886380532,-0.9032984891142856,-0.6641078421300477,-0.7773825049204667,-1.389742700899923,1.0,0.0,0.0,0.0,0.0,1.0,0.0,0.0,0.0,0.0,0.0,0.0,0.0,1.0,0.0,0.0,66.82
-0.5419113346545662,0.6969303214559209,0.5444905555433578,0.6076219347582748,0.6652954825721674,0.5190114664940676,1.0,0.0,0.0,0.0,0.0,1.0,0.0,0.0,0.0,0.0,0.0,1.0,0.0,0.0,0.0,0.0,75.7
-0.5419113346545662,-0.6581407358993873,-0.9032984891142856,-0.9938155620640549,-0.5850254399214495,-0.702591200638086,1.0,0.0,0.0,0.0,0.0,1.0,0.0,0.0,0.0,0.0,0.0,1.0,0.0,0.0,0.0,0.0,80.54
-0.5419113346545662,-0.6114141477147241,-0.49610782030432116,-0.8996133563686256,-0.7292932386707115,-0.7789413673338478,1.0,0.0,0.0,0.0,0.0,0.0,0.0,0.0,0.0,0.0,1.0,1.0,0.0,0.0,0.0,0.0,66.82
-0.5419113346545662,-0.7048673240840537,-0.631838043240977,-0.6170067392823314,-0.7292932386707115,-0.6262410339423274,0.0,1.0,0.0,0.0,0.0,1.0,0.0,0.0,0.0,0.0,0.0,1.0,0.0,0.0,0.0,0.0,73.08
-0.5419113346545662,0.18293785142459623,0.1825432943789486,0.2779142148242642,0.18440282007462275,-0.015439700376248982,1.0,0.0,0.0,0.0,0.0,0.0,0.0,0.0,0.0,0.0,1.0,1.0,0.0,0.0,0.0,0.0,66.82
0.9587662074657727,1.1174696151179127,0.9064378167077671,0.7960263461491365,1.0500096125702052,0.5953616331898262,0.0,1.0,0.0,0.0,0.0,0.0,0.0,0.0,0.0,0.0,1.0,1.0,0.0,0.0,0.0,0.0,66.82
-0.5419113346545662,0.6502037332712545,0.6349773708344617,0.8431274489968527,0.5210276838229054,0.671711799885588,0.0,1.0,0.0,0.0,0.0,1.0,0.0,0.0,0.0,0.0,0.0,1.0,0.0,0.0,0.0,0.0,80.54
-0.5419113346545662,0.18293785142459623,0.1825432943789486,0.419217523367413,0.2805813525741331,0.5190114664940676,0.0,1.0,0.0,0.0,0.0,1.0,0.0,0.0,0.0,0.0,0.0,1.0,0.0,0.0,0.0,0.0,62.7
-0.5419113346545662,-1.3590395586693746,-1.1295155273420423,-1.2764221791503492,-1.1620966349185011,-1.3133925342041644,0.0,1.0,0.0,0.0,0.0,1.0,0.0,0.0,0.0,0.0,0.0,1.0,0.0,0.0,0.0,0.0,62.7
0.9587662074657727,1.2576493796719088,1.4041153008088323,1.0315318603877144,1.098098878819957,1.2061629667559046,0.0,1.0,0.0,0.0,0.0,0.0,0.0,0.0,0.0,0.0,1.0,1.0,0.0,0.0,0.0,0.0,66.82
0.9587662074657727,-0.19087485405272903,-0.31513418972211654,-0.0988946079574592,-0.2484005761731668,-0.3208403671592898,0.0,1.0,0.0,0.0,0.0,1.0,0.0,0.0,0.0,0.0,0.0,1.0,0.0,0.0,0.0,0.0,80.54
-0.5419113346545662,-1.6861256759620367,-1.5819496037975553,-1.5590287962366434,-1.691078563665801,-1.5424430342914435,0.0,1.0,0.0,0.0,0.0,1.0,0.0,0.0,0.0,0.0,0.0,1.0,0.0,0.0,0.0,0.0,80.54
-0.5419113346545662,1.7716418497032336,1.6755757466821408,1.7380484031034482,1.675170073817012,1.9696646337135002,0.0,1.0,0.0,0.0,0.0,0.0,0.0,0.0,0.0,0.0,1.0,1.0,0.0,0.0,0.0,0.0,72.08
-0.5419113346545662,-0.7515939122687202,-0.631838043240977,-0.5228045335868989,-0.8254717711702219,-1.0079918674211268,0.0,1.0,0.0,0.0,0.0,1.0,0.0,0.0,0.0,0.0,0.0,1.0,0.0,0.0,0.0,0.0,62.7
0.9587662074657727,0.13621126323992974,0.22778670202449733,0.419217523367413,0.1363135538248676,0.3663111331025472,0.0,1.0,0.0,0.0,0.0,0.0,0.0,0.0,0.0,0.0,1.0,1.0,0.0,0.0,0.0,0.0,72.08
-0.5419113346545662,-1.4524927350387076,-1.5367061961520034,-1.417725487693498,-1.2101859011682563,-1.4660928675956848,0.0,1.0,0.0,0.0,0.0,0.0,0.0,0.0,0.0,0.0,1.0,1.0,0.0,0.0,0.0,0.0,66.82
0.9587662074657727,-0.14414826586806587,-0.5865946355954251,-0.2872990193483209,0.040135021325360704,-0.5498908672465688,0.0,1.0,0.0,0.0,0.0,1.0,0.0,0.0,0.0,0.0,0.0,1.0,0.0,0.0,0.0,0.0,66.82
2.4594437495861117,1.3043759678565754,-0.5865946355954251,0.7018241404537039,-0.5369361736716943,1.740614133626221,0.0,1.0,0.0,0.0,0.0,0.0,0.0,0.0,0.0,0.0,1.0,1.0,0.0,0.0,0.0,0.0,58.64
-0.5419113346545662,-1.4992193232233741,-1.3557325655697987,-1.3706243848457815,-1.3063644336677664,-1.0079918674211268,0.0,1.0,0.0,0.0,0.0,1.0,0.0,0.0,0.0,0.0,0.0,1.0,0.0,0.0,0.0,0.0,75.71
-2.0425888767749054,-0.7983205004533868,-0.8580550814687337,-0.8054111506731931,-0.7292932386707115,-0.3971905338550484,1.0,0.0,0.0,0.0,0.0,1.0,0.0,0.0,0.0,0.0,0.0,1.0,0.0,0.0,0.0,0.0,66.82
-0.5419113346545662,-1.6861256759620367,-1.4009759732153475,-1.5590287962366434,-1.691078563665801,-1.4660928675956848,0.0,1.0,0.0,0.0,0.0,1.0,0.0,0.0,0.0,0.0,0.0,1.0,0.0,0.0,0.0,0.0,80.54
0.9587662074657727,-0.381664302618744,-0.9032984891142856,-0.38150122504375344,-0.9216503036697287,-0.931641700725365,0.0,1.0,0.0,0.0,0.0,1.0,0.0,0.0,0.0,0.0,0.0,0.0,0.0,1.0,0.0,0.0,66.82
-0.5419113346545662,-0.5179609713453911,-0.7675682661776297,-0.6170067392823314,-0.5850254399214495,-0.931641700725365,0.0,1.0,0.0,0.0,0.0,1.0,0.0,0.0,0.0,0.0,0.0,1.0,0.0,0.0,0.0,0.0,80.54
-0.5419113346545662,-0.003968501314066405,-0.08891715149435997,-0.33440012219603715,-0.2484005761731668,-0.09178986707201083,0.0,1.0,0.0,0.0,0.0,1.0,0.0,0.0,0.0,0.0,0.0,1.0,0.0,0.0,0.0,0.0,66.82
-0.5419113346545662,-1.2188597941153785,-1.220002342633143,-1.18221997345492,-1.2582751674180113,-1.3133925342041644,1.0,0.0,0.0,0.0,0.0,1.0,0.0,0.0,0.0,0.0,0.0,1.0,0.0,0.0,0.0,0.0,80.54
0.9587662074657727,0.8371100860099171,0.7254641861255624,0.7489252433014202,0.6172062163224123,0.060910466319509596,1.0,0.0,0.0,0.0,0.0,1.0,0.0,0.0,0.0,0.0,0.0,0.0,1.0,0.0,0.0,0.0,74.03
0.9587662074657727,0.4165707923479253,0.5444905555433578,0.46631862621512593,0.6172062163224123,0.671711799885588,0.0,1.0,0.0,0.0,0.0,1.0,0.0,0.0,0.0,0.0,0.0,1.0,0.0,0.0,0.0,0.0,62.7
-0.5419113346545662,1.0240164387485797,0.8159510014166663,0.7489252433014202,0.8576525475711847,1.2061629667559046,1.0,0.0,0.0,0.0,0.0,1.0,0.0,0.0,0.0,0.0,0.0,1.0,0.0,0.0,0.0,0.0,73.08
-0.5419113346545662,2.192181143365225,2.218496638428758,2.2090594315806045,2.011794937565295,2.046014800409262,1.0,0.0,0.0,0.0,0.0,0.0,0.0,0.0,0.0,0.0,1.0,1.0,0.0,0.0,0.0,0.0,72.08
2.4594437495861117,0.6969303214559209,0.1372998867333966,-0.8525122535209094,0.6652954825721674,1.4352134668431835,0.0,1.0,0.0,0.0,0.0,0.0,0.0,0.0,0.0,0.0,1.0,0.0,0.0,0.0,0.0,1.0,58.64
-0.5419113346545662,-0.377781206791395,-0.4508644126587724,-0.475703430739186,0.040135021325360704,-0.09178986707201083,1.0,0.0,0.0,0.0,0.0,0.0,0.0,0.0,0.0,0.0,1.0,1.0,0.0,0.0,0.0,0.0,66.82
-0.5419113346545662,-0.7983205004533868,-0.8128116738231816,-0.7583100478254768,-0.6812039724209563,-0.931641700725365,0.0,1.0,0.0,0.0,0.0,0.0,0.0,0.0,0.0,0.0,1.0,0.0,0.0,0.0,0.0,1.0,66.82
-0.5419113346545662,1.7716418497032336,1.7208191543276927,1.6438461974080159,1.53090227506775,1.5115636335389422,1.0,0.0,0.0,0.0,0.0,1.0,0.0,0.0,0.0,0.0,0.0,1.0,0.0,0.0,0.0,0.0,80.54
-0.5419113346545662,1.0240164387485797,0.8159510014166663,0.8431274489968527,1.1942774113194674,0.671711799885588,0.0,1.0,0.0,0.0,0.0,0.0,0.0,0.0,0.0,0.0,1.0,1.0,0.0,0.0,0.0,0.0,66.82
0.9587662074657727,-1.7328522641467032,-1.6271930114431041,-1.8416354133229376,-1.835346362415063,-1.389742700899923,1.0,0.0,0.0,0.0,0.0,1.0,0.0,0.0,0.0,0.0,0.0,1.0,0.0,0.0,0.0,0.0,80.54
-0.5419113346545662,0.13621126323992974,0.1825432943789486,0.13661090628111877,0.18440282007462275,-0.24449020046352798,0.0,1.0,0.0,0.0,0.0,0.0,0.0,0.0,0.0,0.0,1.0,0.0,0.0,0.0,0.0,1.0,66.82
-0.5419113346545662,0.36984420416325886,0.4992471478978059,0.23081311197654794,0.6652954825721674,0.2899609664067886,0.0,1.0,0.0,0.0,0.0,1.0,0.0,0.0,0.0,0.0,0.0,1.0,0.0,0.0,0.0,0.0,73.08
-0.5419113346545662,0.6969303214559209,0.5897339631889098,0.6076219347582748,0.7133847488219226,0.7480619665813466,1.0,0.0,0.0,0.0,0.0,0.0,0.0,0.0,0.0,0.0,1.0,1.0,0.0,0.0,0.0,0.0,66.82
-0.5419113346545662,-1.405766146854041,-1.3557325655697987,-1.3706243848457815,-1.4025429661672735,-1.389742700899923,0.0,1.0,0.0,0.0,0.0,1.0,0.0,0.0,0.0,0.0,0.0,1.0,0.0,0.0,0.0,0.0,66.82
-0.5419113346545662,-1.2188597941153785,-1.3557325655697987,-1.3235232819980653,-1.3544536999175183,-1.3133925342041644,1.0,0.0,0.0,0.0,0.0,1.0,0.0,0.0,0.0,0.0,0.0,1.0,0.0,0.0,0.0,0.0,75.7
-0.5419113346545662,0.2296644396092627,-0.04367374384880801,0.23081311197654794,0.37675988507363994,0.13726063301526817,0.0,1.0,0.0,0.0,0.0,1.0,0.0,0.0,0.0,0.0,0.0,1.0,0.0,0.0,0.0,0.0,66.82
-0.5419113346545662,-0.8917736768227164,-0.8580550814687337,-0.9938155620640549,-0.6812039724209563,-0.8552915340296064,0.0,1.0,0.0,0.0,0.0,0.0,0.0,0.0,0.0,0.0,1.0,1.0,0.0,0.0,0.0,0.0,66.82
-0.5419113346545662,-1.405766146854041,-1.3104891579242468,-1.417725487693498,-1.4987214986667836,-1.7714935343787224,0.0,1.0,0.0,0.0,0.0,1.0,0.0,0.0,0.0,0.0,0.0,1.0,0.0,0.0,0.0,0.0,66.82
-0.5419113346545662,-0.9385002650073828,-1.0390287120509383,-0.8525122535209094,-1.2582751674180113,-0.473540700550807,0.0,1.0,0.0,0.0,0.0,1.0,0.0,0.0,0.0,0.0,0.0,1.0,0.0,0.0,0.0,0.0,33.59
-0.5419113346545662,-0.050695089498732894,0.09205647908784466,0.2779142148242642,0.4248491513233951,0.13726063301526817,0.0,1.0,0.0,0.0,0.0,1.0,0.0,0.0,0.0,0.0,0.0,1.0,0.0,0.0,0.0,0.0,66.82
-0.5419113346545662,1.6314620851492374,1.4493587084543842,1.5967450945603028,1.675170073817012,1.5115636335389422,1.0,0.0,0.0,0.0,0.0,1.0,0.0,0.0,0.0,0.0,0.0,1.0,0.0,0.0,0.0,0.0,76.93
-0.5419113346545662,0.46329738053259184,0.5444905555433578,0.46631862621512593,0.5691169500726606,0.5190114664940676,1.0,0.0,0.0,0.0,0.0,1.0,0.0,0.0,0.0,0.0,0.0,1.0,0.0,0.0,0.0,0.0,80.54
-0.5419113346545662,0.8371100860099171,0.7707075937711144,0.5134197290628422,0.6172062163224123,0.900762299972867,1.0,0.0,0.0,0.0,0.0,1.0,0.0,0.0,0.0,0.0,0.0,1.0,0.0,0.0,0.0,0.0,75.71
0.9587662074657727,-0.5646875595300576,-0.31513418972211654,-0.6170067392823314,-0.7292932386707115,0.2899609664067886,0.0,1.0,0.0,0.0,0.0,1.0,0.0,0.0,0.0,0.0,0.0,1.0,0.0,0.0,0.0,0.0,78.17
0.9587662074657727,0.13621126323992974,0.09205647908784466,-0.004692402262030026,0.08822428757511586,-0.09178986707201083,0.0,1.0,0.0,0.0,0.0,1.0,0.0,0.0,0.0,0.0,0.0,1.0,0.0,0.0,0.0,0.0,80.54
2.4594437495861117,-0.9385002650073828,-0.9485418967598344,-0.7583100478254768,-0.9697395699194838,-1.6951433676829637,0.0,1.0,0.0,0.0,0.0,1.0,0.0,0.0,0.0,0.0,0.0,1.0,0.0,0.0,0.0,0.0,78.31
0.9587662074657727,0.5567505569019214,0.5897339631889098,0.890228551844569,0.47293841757315025,0.8244121332771052,0.0,1.0,0.0,0.0,0.0,1.0,0.0,0.0,0.0,0.0,0.0,1.0,0.0,0.0,0.0,0.0,80.54
-0.5419113346545662,0.17905475559724715,0.3182735173156012,0.5134197290628422,0.3286706188238882,0.2899609664067886,1.0,0.0,0.0,0.0,0.0,1.0,0.0,0.0,0.0,0.0,0.0,1.0,0.0,0.0,0.0,0.0,66.82
-0.5419113346545662,-1.0319534413767157,-0.9937853044053863,-1.1351188706072037,-1.114007368668746,-0.702591200638086,0.0,1.0,0.0,0.0,0.0,1.0,0.0,0.0,0.0,0.0,0.0,0.0,0.0,1.0,0.0,0.0,80.54
0.9587662074657727,0.6502037332712545,0.6349773708344617,0.7489252433014202,0.6652954825721674,0.5953616331898262,1.0,0.0,0.0,0.0,0.0,0.0,0.0,0.0,0.0,0.0,1.0,1.0,0.0,0.0,0.0,0.0,66.82
-0.5419113346545662,-0.5179609713453911,-0.3603775973676685,-0.4286023278914697,-0.48884690742193915,-0.24449020046352798,0.0,1.0,0.0,0.0,0.0,0.0,0.0,0.0,0.0,0.0,1.0,0.0,0.0,0.0,1.0,0.0,66.82
0.9587662074657727,-1.2188597941153785,-1.3104891579242468,-0.973023183329479,-1.2582751674180113,-0.931641700725365,1.0,0.0,0.0,0.0,0.0,1.0,0.0,0.0,0.0,0.0,0.0,1.0,0.0,0.0,0.0,0.0,74.03
0.9587662074657727,0.36984420416325886,0.1825432943789486,-0.38150122504375344,-0.7773825049204667,1.282513133451663,0.0,1.0,0.0,0.0,0.0,1.0,0.0,0.0,0.0,0.0,0.0,1.0,0.0,0.0,0.0,0.0,58.64
0.9587662074657727,0.04275808687060008,-0.1794039667854639,0.042408700585686236,-0.1522220436736565,-0.24449020046352798,0.0,1.0,0.0,0.0,0.0,1.0,0.0,0.0,0.0,0.0,0.0,1.0,0.0,0.0,0.0,0.0,80.54
0.9587662074657727,1.0240164387485797,0.7707075937711144,0.9373296546922819,1.1461881450697122,0.7480619665813466,0.0,1.0,0.0,0.0,0.0,0.0,0.0,0.0,0.0,0.0,1.0,1.0,0.0,0.0,0.0,0.0,66.82
-0.5419113346545662,-0.09742167768339938,0.0015696637967407363,-0.38150122504375344,-0.20031130992341165,-0.09178986707201083,0.0,1.0,0.0,0.0,0.0,1.0,0.0,0.0,0.0,0.0,0.0,1.0,0.0,0.0,0.0,0.0,80.54
-0.5419113346545662,0.8838366741945836,1.042168039644423,0.9373296546922819,1.1461881450697122,0.900762299972867,0.0,1.0,0.0,0.0,0.0,0.0,0.0,0.0,0.0,0.0,1.0,1.0,0.0,0.0,0.0,0.0,66.82
-0.5419113346545662,-1.5459459114080405,-1.4462193808608994,-1.511927693388927,-1.4987214986667836,-1.4660928675956848,1.0,0.0,0.0,0.0,0.0,1.0,0.0,0.0,0.0,0.0,0.0,1.0,0.0,0.0,0.0,0.0,80.54
-0.5419113346545662,1.3043759678565754,1.3588718931632802,1.4083406831694378,1.3385452100687294,1.129812800060146,1.0,0.0,0.0,0.0,0.0,1.0,0.0,0.0,0.0,0.0,0.0,1.0,0.0,0.0,0.0,0.0,66.82
0.9587662074657727,-1.4524927350387076,-1.5367061961520034,-1.4648265905412108,-1.6429892974160458,-1.5424430342914435,1.0,0.0,0.0,0.0,0.0,0.0,0.0,0.0,0.0,0.0,1.0,1.0,0.0,0.0,0.0,0.0,74.03
-0.5419113346545662,-0.6581407358993873,-0.7223248585320777,-0.711208944977764,-0.7773825049204667,-1.160692200812644,0.0,1.0,0.0,0.0,0.0,1.0,0.0,0.0,0.0,0.0,0.0,1.0,0.0,0.0,0.0,0.0,80.54
-0.5419113346545662,-0.33105461860672847,-0.22464737443101584,-0.2872990193483209,-0.2484005761731668,-0.09178986707201083,0.0,1.0,0.0,0.0,0.0,0.0,0.0,0.0,0.0,0.0,1.0,1.0,0.0,0.0,0.0,0.0,66.82
-0.5419113346545662,-0.09742167768339938,-0.22464737443101584,-0.14599571080517548,-0.5850254399214495,0.13726063301526817,1.0,0.0,0.0,0.0,0.0,0.0,0.0,0.0,0.0,0.0,1.0,1.0,0.0,0.0,0.0,0.0,66.82
-0.5419113346545662,-0.6114141477147241,-0.5865946355954251,-0.33440012219603715,-0.3445791086726771,-0.702591200638086,0.0,1.0,0.0,0.0,0.0,1.0,0.0,0.0,0.0,0.0,0.0,0.0,0.0,0.0,0.0,1.0,66.82
0.9587662074657727,-0.5179609713453911,-0.5865946355954251,-0.5699056364346151,-0.5850254399214495,-1.160692200812644,0.0,1.0,0.0,0.0,0.0,1.0,0.0,0.0,0.0,0.0,0.0,1.0,0.0,0.0,0.0,0.0,62.7
-0.5419113346545662,-0.19087485405272903,-0.4508644126587724,-0.19309681365289175,-0.48884690742193915,-1.160692200812644,0.0,1.0,0.0,0.0,0.0,1.0,0.0,0.0,0.0,0.0,0.0,1.0,0.0,0.0,0.0,0.0,75.7
0.9587662074657727,1.2576493796719088,0.951681224353319,1.4083406831694378,1.4347237425682398,1.2061629667559046,0.0,1.0,0.0,0.0,0.0,0.0,0.0,0.0,0.0,0.0,1.0,1.0,0.0,0.0,0.0,0.0,80.54
-0.5419113346545662,-1.0786800295613823,-1.1747589349875909,-0.6170067392823314,-0.8735610374199736,-0.702591200638086,0.0,1.0,0.0,0.0,0.0,1.0,0.0,0.0,0.0,0.0,0.0,1.0,0.0,0.0,0.0,0.0,80.54
-0.5419113346545662,-0.6581407358993873,-0.7675682661776297,-0.9938155620640549,-1.017828836169239,-1.0079918674211268,1.0,0.0,0.0,0.0,0.0,1.0,0.0,0.0,0.0,0.0,0.0,1.0,0.0,0.0,0.0,0.0,62.7
-0.5419113346545662,-0.09742167768339938,0.1825432943789486,-0.33440012219603715,-0.296489842422922,-0.1681400337677694,0.0,1.0,0.0,0.0,0.0,1.0,0.0,0.0,0.0,0.0,0.0,1.0,0.0,0.0,0.0,0.0,73.08
0.9587662074657727,0.93056326237925,1.042168039644423,0.890228551844569,1.00192034632045,0.8244121332771052,0.0,1.0,0.0,0.0,0.0,1.0,0.0,0.0,0.0,0.0,0.0,0.0,1.0,0.0,0.0,0.0,74.03
0.9587662074657727,-1.035836537204065,-0.9485418967598344,-1.1351188706072037,-1.2101859011682563,-1.389742700899923,1.0,0.0,0.0,0.0,0.0,1.0,0.0,0.0,0.0,0.0,0.0,1.0,0.0,0.0,0.0,0.0,66.82
-0.5419113346545662,0.4165707923479253,0.27303010967004926,0.37211642051969673,0.4248491513233951,-0.1681400337677694,1.0,0.0,0.0,0.0,0.0,1.0,0.0,0.0,0.0,0.0,0.0,1.0,0.0,0.0,0.0,0.0,80.54
-0.5419113346545662,-1.4992193232233741,-1.4914627885064515,-1.511927693388927,-1.6429892974160458,-1.0079918674211268,0.0,1.0,0.0,0.0,0.0,1.0,0.0,0.0,0.0,0.0,0.0,1.0,0.0,0.0,0.0,0.0,80.54
0.9587662074657727,1.2109227914872456,1.087411447289975,1.5967450945603028,1.2904559438189775,1.358863300147425,0.0,1.0,0.0,0.0,0.0,1.0,0.0,0.0,0.0,0.0,0.0,0.0,0.0,1.0,0.0,0.0,74.03
-0.5419113346545662,-0.47123438316072463,-0.49610782030432116,-0.475703430739186,-0.440757641172184,-0.3208403671592898,1.0,0.0,0.0,0.0,0.0,0.0,0.0,0.0,0.0,0.0,1.0,1.0,0.0,0.0,0.0,0.0,66.82
-0.5419113346545662,-1.5926724995927037,-1.808166642025312,-1.747433207627505,-1.8834356286648182,-1.847843701074481,0.0,1.0,0.0,0.0,0.0,1.0,0.0,0.0,0.0,0.0,0.0,1.0,0.0,0.0,0.0,0.0,80.54
-0.5419113346545662,1.6314620851492374,1.7660625619732446,1.5967450945603028,1.723259340066767,1.4352134668431835,1.0,0.0,0.0,0.0,0.0,0.0,0.0,0.0,0.0,0.0,1.0,1.0,0.0,0.0,0.0,0.0,72.08
-0.5419113346545662,-2.246844734178028,-2.1248704955441693,-2.171343133256945,-2.1719712261633455,-2.2295945345532804,1.0,0.0,0.0,0.0,0.0,1.0,0.0,0.0,0.0,0.0,0.0,1.0,0.0,0.0,0.0,0.0,75.7
0.9587662074657727,1.3978291442259083,1.4493587084543842,1.2109831698023708,1.3385452100687294,1.282513133451663,1.0,0.0,0.0,0.0,0.0,1.0,0.0,0.0,0.0,0.0,0.0,1.0,0.0,0.0,0.0,0.0,72.08
-0.5419113346545662,-1.9664852050700323,-1.8534100496708608,-1.982938721866083,-1.835346362415063,-1.847843701074481,0.0,1.0,0.0,0.0,0.0,1.0,0.0,0.0,0.0,0.0,0.0,1.0,0.0,0.0,0.0,0.0,80.54
-0.5419113346545662,-0.33105461860672847,-0.2698907820765646,-0.14599571080517548,-0.1522220436736565,-0.473540700550807,1.0,0.0,0.0,0.0,0.0,1.0,0.0,0.0,0.0,0.0,0.0,1.0,0.0,0.0,0.0,0.0,74.03
-0.5419113346545662,-0.8917736768227164,-0.7223248585320777,-0.711208944977764,-0.48884690742193915,-0.6262410339423274,1.0,0.0,0.0,0.0,0.0,1.0,0.0,0.0,0.0,0.0,0.0,1.0,0.0,0.0,0.0,0.0,78.31
0.9587662074657727,-1.6861256759620367,-1.5819496037975553,-1.747433207627505,-1.5949000311662906,-1.5424430342914435,1.0,0.0,0.0,0.0,0.0,1.0,0.0,0.0,0.0,0.0,0.0,1.0,0.0,0.0,0.0,0.0,74.03
-0.5419113346545662,0.08948467505526325,0.22778670202449733,0.18371200912883504,0.08822428757511586,-0.09178986707201083,1.0,0.0,0.0,0.0,0.0,1.0,0.0,0.0,0.0,0.0,0.0,1.0,0.0,0.0,0.0,0.0,80.54
0.9587662074657727,-0.377781206791395,-0.4508644126587724,-0.475703430739186,-0.39266837492242884,-0.7789413673338478,0.0,1.0,0.0,0.0,0.0,0.0,0.0,0.0,0.0,0.0,1.0,1.0,0.0,0.0,0.0,0.0,66.82
-0.5419113346545662,-0.7048673240840537,-0.8580550814687337,-0.5699056364346151,-0.5369361736716943,-1.0843420341168855,0.0,1.0,0.0,0.0,0.0,0.0,0.0,0.0,0.0,0.0,1.0,1.0,0.0,0.0,0.0,0.0,75.7
-0.5419113346545662,1.2109227914872456,1.1326548549355238,1.3141384774740086,1.2423666775692224,1.282513133451663,1.0,0.0,0.0,0.0,0.0,0.0,0.0,0.0,0.0,0.0,1.0,1.0,0.0,0.0,0.0,0.0,66.82
-0.5419113346545662,0.6969303214559209,0.4087603326067052,0.7018241404537039,0.5691169500726606,0.900762299972867,1.0,0.0,0.0,0.0,0.0,0.0,0.0,0.0,0.0,0.0,1.0,1.0,0.0,0.0,0.0,0.0,66.82
-0.5419113346545662,-1.9197586168853658,-1.717679826734208,-1.747433207627505,-1.8834356286648182,-1.7714935343787224,0.0,1.0,0.0,0.0,0.0,1.0,0.0,0.0,0.0,0.0,0.0,1.0,0.0,0.0,0.0,0.0,80.54
0.9587662074657727,-0.6581407358993873,-0.631838043240977,-0.711208944977764,-0.6812039724209563,-0.702591200638086,1.0,0.0,0.0,0.0,0.0,1.0,0.0,0.0,0.0,0.0,0.0,1.0,0.0,0.0,0.0,0.0,80.54
0.9587662074657727,1.2576493796719088,1.1778982625810757,1.0315318603877144,1.0500096125702052,1.5115636335389422,1.0,0.0,0.0,0.0,0.0,1.0,0.0,0.0,0.0,0.0,0.0,1.0,0.0,0.0,0.0,0.0,73.08
-0.5419113346545662,-0.19087485405272903,-0.04367374384880801,-0.240197916500608,-0.10413277742390475,0.060910466319509596,0.0,1.0,0.0,0.0,0.0,1.0,0.0,0.0,0.0,0.0,0.0,1.0,0.0,0.0,0.0,0.0,74.03
-0.5419113346545662,-0.5179609713453911,0.9064378167077671,1.455441786017154,-0.0560435111741496,1.6642639669304626,1.0,0.0,0.0,0.0,0.0,0.0,0.0,0.0,0.0,0.0,1.0,1.0,0.0,0.0,0.0,0.0,58.64
-0.5419113346545662,-0.9852268531920494,-0.9032984891142856,-0.8996133563686256,-0.7292932386707115,-0.702591200638086,0.0,1.0,0.0,0.0,0.0,1.0,0.0,0.0,0.0,0.0,0.0,1.0,0.0,0.0,0.0,0.0,66.82
-0.5419113346545662,-0.377781206791395,-0.40562100501322046,-0.4286023278914697,-0.20031130992341165,-0.24449020046352798,0.0,1.0,0.0,0.0,0.0,1.0,0.0,0.0,0.0,0.0,0.0,1.0,0.0,0.0,0.0,0.0,65.57
0.9587662074657727,0.12794013753158445,0.22664129910457764,0.21233040088752453,-0.007954244924394449,0.5953616331898262,0.0,1.0,0.0,0.0,0.0,1.0,0.0,0.0,0.0,0.0,0.0,1.0,0.0,0.0,0.0,0.0,66.82
0.9587662074657727,-0.23760144223739552,-0.1794039667854639,-0.0988946079574592,-0.1522220436736565,-0.09178986707201083,0.0,1.0,0.0,0.0,0.0,1.0,0.0,0.0,0.0,0.0,0.0,1.0,0.0,0.0,0.0,0.0,62.7
0.9587662074657727,0.18293785142459623,0.1825432943789486,0.18371200912883504,0.2805813525741331,0.13726063301526817,1.0,0.0,0.0,0.0,0.0,1.0,0.0,0.0,0.0,0.0,0.0,1.0,0.0,0.0,0.0,0.0,66.82
-0.5419113346545662,-0.050695089498732894,-0.04367374384880801,-0.004692402262030026,0.040135021325360704,-0.473540700550807,1.0,0.0,0.0,0.0,0.0,1.0,0.0,0.0,0.0,0.0,0.0,1.0,0.0,0.0,0.0,0.0,66.82
0.9587662074657727,0.13621126323992974,0.4087603326067052,0.08950980343340251,0.7133847488219226,-0.5498908672465688,0.0,1.0,0.0,0.0,0.0,0.0,0.0,0.0,0.0,0.0,1.0,1.0,0.0,0.0,0.0,0.0,58.64
-0.5419113346545662,0.603477145086588,0.4087603326067052,0.419217523367413,0.6652954825721674,0.3663111331025472,0.0,1.0,0.0,0.0,0.0,0.0,0.0,0.0,0.0,0.0,1.0,1.0,0.0,0.0,0.0,0.0,75.71
-0.5419113346545662,-0.284328030422062,-0.13416055913991193,-0.0988946079574592,-0.0560435111741496,0.060910466319509596,1.0,0.0,0.0,0.0,0.0,1.0,0.0,0.0,0.0,0.0,0.0,1.0,0.0,0.0,0.0,0.0,80.54
-0.5419113346545662,0.18293785142459623,0.04681307144229269,0.18371200912883504,0.08822428757511586,0.21361079971103,1.0,0.0,0.0,0.0,0.0,1.0,0.0,0.0,0.0,0.0,0.0,1.0,0.0,0.0,0.0,0.0,66.82
-0.5419113346545662,-0.6581407358993873,-0.631838043240977,-0.7583100478254768,-0.7773825049204667,-0.702591200638086,0.0,1.0,0.0,0.0,0.0,1.0,0.0,0.0,0.0,0.0,0.0,1.0,0.0,0.0,0.0,0.0,65.57
0.9587662074657727,-0.4751174789880737,-0.4508644126587724,-0.05179350510974294,-0.20031130992341165,0.060910466319509596,0.0,1.0,0.0,0.0,0.0,1.0,0.0,0.0,0.0,0.0,0.0,1.0,0.0,0.0,0.0,0.0,66.82
-0.5419113346545662,0.2296644396092627,0.1825432943789486,0.18371200912883504,0.18440282007462275,-0.24449020046352798,0.0,1.0,0.0,0.0,0.0,1.0,0.0,0.0,0.0,0.0,0.0,0.0,0.0,1.0,0.0,0.0,66.82
-0.5419113346545662,-0.47123438316072463,-0.631838043240977,-0.475703430739186,-0.5369361736716943,-0.6262410339423274,0.0,1.0,0.0,0.0,0.0,1.0,0.0,0.0,0.0,0.0,0.0,1.0,0.0,0.0,0.0,0.0,80.54
-0.5419113346545662,-1.172133205930712,-1.220002342633143,-1.2293210763026328,-1.114007368668746,-1.160692200812644,1.0,0.0,0.0,0.0,0.0,0.0,0.0,0.0,0.0,0.0,1.0,1.0,0.0,0.0,0.0,0.0,80.54
0.9587662074657727,0.36984420416325886,0.22778670202449733,0.46631862621512593,0.5210276838229054,0.21361079971103,0.0,1.0,0.0,0.0,0.0,1.0,0.0,0.0,0.0,0.0,0.0,1.0,0.0,0.0,0.0,0.0,66.82
-0.5419113346545662,-0.6114141477147241,-0.631838043240977,-0.6641078421300477,-0.5369361736716943,0.21361079971103,0.0,1.0,0.0,0.0,0.0,1.0,0.0,0.0,0.0,0.0,0.0,1.0,0.0,0.0,0.0,0.0,65.57
-0.5419113346545662,0.7436569096405874,0.5897339631889098,0.37211642051969673,0.3286706188238882,0.21361079971103,0.0,1.0,0.0,0.0,0.0,0.0,0.0,0.0,0.0,0.0,1.0,1.0,0.0,0.0,0.0,0.0,66.82
-0.5419113346545662,0.04275808687060008,0.04681307144229269,-0.0988946079574592,-0.007954244924394449,-0.015439700376248982,1.0,0.0,0.0,0.0,0.0,1.0,0.0,0.0,0.0,0.0,0.0,1.0,0.0,0.0,0.0,0.0,62.7
-0.5419113346545662,1.2576493796719088,1.3588718931632802,1.0315318603877144,1.3866344763184846,1.4352134668431835,1.0,0.0,0.0,0.0,0.0,0.0,0.0,0.0,0.0,0.0,1.0,1.0,0.0,0.0,0.0,0.0,66.82
0.9587662074657727,-0.09742167768339938,0.04681307144229269,-0.4286023278914697,-0.20031130992341165,0.060910466319509596,1.0,0.0,0.0,0.0,0.0,1.0,0.0,0.0,0.0,0.0,0.0,1.0,0.0,0.0,0.0,0.0,73.08
-0.5419113346545662,1.2109227914872456,1.3588718931632802,1.455441786017154,1.3866344763184846,1.4352134668431835,0.0,1.0,0.0,0.0,0.0,1.0,0.0,0.0,0.0,0.0,0.0,1.0,0.0,0.0,0.0,0.0,75.7
0.9587662074657727,1.3043759678565754,1.1326548549355238,1.2670373746262924,1.2423666775692224,1.2061629667559046,1.0,0.0,0.0,0.0,0.0,1.0,0.0,0.0,0.0,0.0,0.0,1.0,0.0,0.0,0.0,0.0,78.31
-0.5419113346545662,-1.2188597941153785,-1.3104891579242468,-1.3706243848457815,-1.3063644336677664,-1.3133925342041644,0.0,1.0,0.0,0.0,0.0,0.0,0.0,0.0,0.0,0.0,1.0,1.0,0.0,0.0,0.0,0.0,66.82
-0.5419113346545662,-0.5499388208221135,-0.5480667992432547,-0.542234000393714,-0.5522590234466065,-0.7789413673338478,1.0,0.0,0.0,0.0,0.0,0.0,0.0,0.0,0.0,0.0,1.0,1.0,0.0,0.0,0.0,0.0,66.82
-0.5419113346545662,-0.7515939122687202,-0.7675682661776297,-0.6641078421300477,-0.6812039724209563,-0.931641700725365,0.0,1.0,0.0,0.0,0.0,1.0,0.0,0.0,0.0,0.0,0.0,0.0,0.0,0.0,0.0,1.0,62.7
-0.5419113346545662,-0.377781206791395,-0.31513418972211654,-0.38150122504375344,-0.3445791086726771,-0.702591200638086,1.0,0.0,0.0,0.0,0.0,1.0,0.0,0.0,0.0,0.0,0.0,1.0,0.0,0.0,0.0,0.0,80.54
-0.5419113346545662,1.2576493796719088,1.3136284855177316,1.2670373746262924,1.1942774113194674,1.282513133451663,0.0,1.0,0.0,0.0,0.0,1.0,0.0,0.0,0.0,0.0,0.0,1.0,0.0,0.0,0.0,0.0,74.03
-0.5419113346545662,-0.9385002650073828,-1.0842721196964902,-0.8996133563686256,-0.8254717711702219,-0.8552915340296064,1.0,0.0,0.0,0.0,0.0,1.0,0.0,0.0,0.0,0.0,0.0,0.0,0.0,0.0,0.0,1.0,73.08
0.9587662074657727,-0.284328030422062,-0.22464737443101584,-0.240197916500608,-0.3445791086726771,-0.24449020046352798,0.0,1.0,0.0,0.0,0.0,0.0,0.0,0.0,0.0,0.0,1.0,1.0,0.0,0.0,0.0,0.0,80.54
-0.5419113346545662,-0.14414826586806587,0.09205647908784466,-0.0988946079574592,0.08822428757511586,-0.015439700376248982,1.0,0.0,0.0,0.0,0.0,1.0,0.0,0.0,0.0,0.0,0.0,1.0,0.0,0.0,0.0,0.0,74.93
-0.5419113346545662,1.2109227914872456,1.1326548549355238,1.1728351689308598,1.1942774113194674,1.6642639669304626,0.0,1.0,0.0,0.0,0.0,0.0,0.0,0.0,0.0,0.0,1.0,1.0,0.0,0.0,0.0,0.0,58.64
-0.5419113346545662,0.4165707923479253,0.27303010967004926,0.6547230376059909,0.5691169500726606,0.5953616331898262,0.0,1.0,0.0,0.0,0.0,1.0,0.0,0.0,0.0,0.0,0.0,1.0,0.0,0.0,0.0,0.0,80.54
-0.5419113346545662,-0.5179609713453911,-0.5865946355954251,-0.5699056364346151,-0.6331147061712012,-0.702591200638086,1.0,0.0,0.0,0.0,0.0,1.0,0.0,0.0,0.0,0.0,0.0,1.0,0.0,0.0,0.0,0.0,74.03
-0.5419113346545662,0.04275808687060008,-0.08891715149435997,-0.240197916500608,-0.1522220436736565,-0.09178986707201083,1.0,0.0,0.0,0.0,0.0,1.0,0.0,0.0,0.0,0.0,0.0,1.0,0.0,0.0,0.0,0.0,58.64
-0.5419113346545662,-0.8450470886380532,-0.677081450886529,-0.8054111506731931,-0.7773825049204667,-0.8552915340296064,1.0,0.0,0.0,0.0,0.0,1.0,0.0,0.0,0.0,0.0,0.0,1.0,0.0,0.0,0.0,0.0,62.7
-0.5419113346545662,0.603477145086588,0.09205647908784466,0.13661090628111877,0.2324920863243779,0.2899609664067886,1.0,0.0,0.0,0.0,0.0,1.0,0.0,0.0,0.0,0.0,0.0,1.0,0.0,0.0,0.0,0.0,66.82
-0.5419113346545662,1.1641962033025792,1.2683850778721795,1.0315318603877144,1.1461881450697122,0.9771124666686256,0.0,1.0,0.0,0.0,0.0,0.0,0.0,0.0,0.0,0.0,1.0,1.0,0.0,0.0,0.0,0.0,80.54
-0.5419113346545662,0.4165707923479253,0.45400374025225393,0.3250153176719805,0.2324920863243779,0.44266129979830904,1.0,0.0,0.0,0.0,0.0,1.0,0.0,0.0,0.0,0.0,0.0,1.0,0.0,0.0,0.0,0.0,66.82
-0.5419113346545662,1.6314620851492374,1.8113059696187934,1.5496439917125866,1.675170073817012,1.0534626333643842,1.0,0.0,0.0,1.0,0.0,0.0,0.0,0.0,0.0,0.0,0.0,1.0,0.0,0.0,0.0,0.0,72.08
0.9587662074657727,-0.007851597141415466,0.09205647908784466,0.23081311197654794,0.18440282007462275,0.060910466319509596,1.0,0.0,0.0,0.0,0.0,0.0,0.0,0.0,0.0,0.0,1.0,1.0,0.0,0.0,0.0,0.0,66.82
2.4594437495861117,0.2296644396092627,0.22778670202449733,0.46631862621512593,0.2805813525741331,0.21361079971103,0.0,1.0,0.0,0.0,0.0,1.0,0.0,0.0,0.0,0.0,0.0,1.0,0.0,0.0,0.0,0.0,45.71
-0.5419113346545662,0.2763910277939292,0.27303010967004926,0.18371200912883504,0.1363135538248676,-0.473540700550807,1.0,0.0,0.0,0.0,0.0,1.0,0.0,0.0,0.0,0.0,0.0,1.0,0.0,0.0,0.0,0.0,80.54
-0.5419113346545662,-1.4992193232233741,-1.5367061961520034,-1.4648265905412108,-1.4987214986667836,-1.389742700899923,1.0,0.0,0.0,0.0,0.0,1.0,0.0,0.0,0.0,0.0,0.0,1.0,0.0,0.0,0.0,0.0,80.54
-0.5419113346545662,1.4445557324105747,1.2231416702266276,1.455441786017154,1.3385452100687294,1.282513133451663,1.0,0.0,0.0,0.0,0.0,0.0,0.0,0.0,0.0,0.0,1.0,1.0,0.0,0.0,0.0,0.0,62.7
-0.5419113346545662,0.32311761597859234,0.1372998867333966,0.042408700585686236,0.18440282007462275,0.44266129979830904,1.0,0.0,0.0,0.0,0.0,0.0,0.0,0.0,0.0,0.0,1.0,1.0,0.0,0.0,0.0,0.0,66.82
-0.5419113346545662,0.7436569096405874,0.8611944090622183,1.4083406831694378,1.1461881450697122,1.129812800060146,1.0,0.0,0.0,0.0,0.0,1.0,0.0,0.0,0.0,0.0,0.0,1.0,0.0,0.0,0.0,0.0,80.54
-0.5419113346545662,-2.059938381439362,-1.8986534573164127,-1.8887365161706537,-2.1238819599135903,-1.7714935343787224,1.0,0.0,0.0,0.0,0.0,0.0,0.0,0.0,0.0,0.0,1.0,1.0,0.0,0.0,0.0,0.0,66.82
0.9587662074657727,-1.63939908777737,-1.4914627885064515,-1.5590287962366434,-1.6429892974160458,-1.7714935343787224,0.0,1.0,0.0,0.0,0.0,1.0,0.0,0.0,0.0,0.0,0.0,1.0,0.0,0.0,0.0,0.0,80.54
0.9587662074657727,-1.0319534413767157,-0.9485418967598344,-0.8996133563686256,-0.6331147061712012,-0.6262410339423274,0.0,1.0,1.0,0.0,0.0,0.0,0.0,0.0,0.0,0.0,0.0,1.0,0.0,0.0,0.0,0.0,66.82
-0.5419113346545662,-1.3123129704847114,-1.672436419088656,-1.3235232819980653,-1.3544536999175183,-0.8552915340296064,0.0,1.0,0.0,0.0,0.0,0.0,0.0,0.0,0.0,1.0,0.0,1.0,0.0,0.0,0.0,0.0,66.82
-0.5419113346545662,0.2296644396092627,0.22778670202449733,0.13661090628111877,0.08822428757511586,0.21361079971103,1.0,0.0,0.0,0.0,0.0,1.0,0.0,0.0,0.0,0.0,0.0,1.0,0.0,0.0,0.0,0.0,66.82
-0.5419113346545662,1.070743026933246,0.9064378167077671,0.9844307575399981,1.1461881450697122,0.900762299972867,1.0,0.0,0.0,0.0,0.0,1.0,0.0,0.0,0.0,0.0,0.0,1.0,0.0,0.0,0.0,0.0,66.82
-0.5419113346545662,-1.0786800295613823,-1.1295155273420423,-0.8525122535209094,-1.114007368668746,-1.237042367508406,0.0,1.0,0.0,0.0,0.0,1.0,0.0,0.0,0.0,0.0,0.0,1.0,0.0,0.0,0.0,0.0,62.7
-0.5419113346545662,-0.8450470886380532,-0.9032984891142856,-0.8054111506731931,-0.8735610374199736,-1.0079918674211268,0.0,1.0,0.0,0.0,0.0,0.0,0.0,0.0,0.0,0.0,1.0,1.0,0.0,0.0,0.0,0.0,80.54
2.4594437495861117,-0.8917736768227164,-1.0390287120509383,-0.9938155620640549,-1.1620966349185011,-0.24449020046352798,0.0,1.0,0.0,0.0,0.0,1.0,0.0,0.0,0.0,0.0,0.0,1.0,0.0,0.0,0.0,0.0,66.82
0.9587662074657727,-0.284328030422062,-0.31513418972211654,-0.38150122504375344,-0.39266837492242884,-0.473540700550807,1.0,0.0,0.0,0.0,0.0,1.0,0.0,0.0,0.0,0.0,0.0,1.0,0.0,0.0,0.0,0.0,62.7
0.9587662074657727,1.1174696151179127,1.539845523745488,1.4083406831694378,1.3385452100687294,1.740614133626221,1.0,0.0,0.0,0.0,0.0,1.0,0.0,0.0,0.0,0.0,0.0,1.0,0.0,0.0,0.0,0.0,76.93
0.9587662074657727,0.04275808687060008,-0.22464737443101584,-0.2872990193483209,-0.2484005761731668,-0.473540700550807,1.0,0.0,0.0,0.0,0.0,1.0,0.0,0.0,0.0,0.0,0.0,1.0,0.0,0.0,0.0,0.0,66.82
-0.5419113346545662,-0.377781206791395,-0.677081450886529,-0.6641078421300477,-0.3445791086726771,-0.702591200638086,1.0,0.0,0.0,0.0,0.0,1.0,0.0,0.0,0.0,0.0,0.0,1.0,0.0,0.0,0.0,0.0,66.82
0.9587662074657727,-0.7048673240840537,-0.7675682661776297,-0.8054111506731931,-0.296489842422922,-0.5498908672465688,0.0,1.0,0.0,0.0,0.0,0.0,0.0,0.0,0.0,0.0,1.0,1.0,0.0,0.0,0.0,0.0,80.54
0.9587662074657727,-0.377781206791395,-0.31513418972211654,-0.4286023278914697,-0.5850254399214495,-0.3208403671592898,1.0,0.0,0.0,0.0,0.0,1.0,0.0,0.0,0.0,0.0,0.0,1.0,0.0,0.0,0.0,0.0,62.7
-0.5419113346545662,0.46329738053259184,0.22778670202449733,0.419217523367413,0.2805813525741331,0.13726063301526817,0.0,1.0,0.0,0.0,0.0,1.0,0.0,0.0,0.0,0.0,0.0,1.0,0.0,0.0,0.0,0.0,80.54
0.9587662074657727,-0.23760144223739552,-0.22464737443101584,-0.0988946079574592,-0.10413277742390475,-0.6262410339423274,1.0,0.0,0.0,0.0,0.0,1.0,0.0,0.0,0.0,0.0,0.0,1.0,0.0,0.0,0.0,0.0,75.7
-0.5419113346545662,-1.40964924268139,-1.220002342633143,-1.18221997345492,-1.5949000311662906,-1.3133925342041644,1.0,0.0,0.0,0.0,0.0,0.0,0.0,0.0,0.0,0.0,1.0,1.0,0.0,0.0,0.0,0.0,66.82
-0.5419113346545662,-0.6581407358993873,-0.631838043240977,-0.5228045335868989,-0.6812039724209563,-0.6262410339423274,0.0,1.0,0.0,0.0,0.0,0.0,0.0,0.0,0.0,0.0,1.0,1.0,0.0,0.0,0.0,0.0,74.03
-0.5419113346545662,0.93056326237925,1.087411447289975,1.2670373746262924,1.0500096125702052,1.0534626333643842,0.0,1.0,0.0,0.0,0.0,1.0,0.0,0.0,0.0,0.0,0.0,1.0,0.0,0.0,0.0,0.0,76.93
0.9587662074657727,-1.1254066177460456,-1.0390287120509383,-1.0880177677594873,-1.2582751674180113,-1.3133925342041644,0.0,1.0,0.0,0.0,0.0,1.0,0.0,0.0,0.0,0.0,0.0,1.0,0.0,0.0,0.0,0.0,74.03
0.9587662074657727,-1.2188597941153785,-0.7675682661776297,-0.8525122535209094,-0.8735610374199736,-0.3971905338550484,0.0,1.0,0.0,0.0,0.0,0.0,0.0,0.0,0.0,0.0,1.0,1.0,0.0,0.0,0.0,0.0,66.82
0.9587662074657727,2.3323609079192247,2.082766415492102,2.5387671515146146,2.156062736314557,2.1987151338007793,0.0,1.0,0.0,0.0,0.0,0.0,0.0,0.0,0.0,0.0,1.0,0.0,0.0,1.0,0.0,0.0,76.93
-0.5419113346545662,0.2296644396092627,0.0015696637967407363,0.46631862621512593,0.1363135538248676,0.21361079971103,1.0,0.0,0.0,0.0,0.0,1.0,0.0,0.0,0.0,0.0,0.0,1.0,0.0,0.0,0.0,0.0,80.54
-0.5419113346545662,0.6502037332712545,0.5897339631889098,0.8431274489968527,0.8576525475711847,0.8244121332771052,1.0,0.0,0.0,0.0,0.0,1.0,0.0,0.0,0.0,0.0,0.0,1.0,0.0,0.0,0.0,0.0,74.03
0.9587662074657727,-0.050695089498732894,-0.22464737443101584,0.08950980343340251,-0.10413277742390475,-0.015439700376248982,1.0,0.0,0.0,0.0,0.0,1.0,0.0,0.0,0.0,0.0,0.0,1.0,0.0,0.0,0.0,0.0,74.03
-0.5419113346545662,0.6502037332712545,0.8159510014166663,0.5605208319105585,0.6172062163224123,0.8244121332771052,0.0,1.0,0.0,0.0,0.0,1.0,0.0,0.0,0.0,0.0,0.0,1.0,0.0,0.0,0.0,0.0,72.08
0.9587662074657727,-0.003968501314066405,0.3635169249611532,0.18371200912883504,-0.10413277742390475,0.2899609664067886,0.0,1.0,0.0,0.0,0.0,1.0,0.0,0.0,0.0,0.0,0.0,0.0,0.0,1.0,0.0,0.0,66.82
-0.5419113346545662,-0.23760144223739552,-0.1794039667854639,-0.2872990193483209,-0.0560435111741496,0.060910466319509596,1.0,0.0,0.0,0.0,0.0,1.0,0.0,0.0,0.0,0.0,0.0,1.0,0.0,0.0,0.0,0.0,62.7
0.9587662074657727,1.1174696151179127,1.2231416702266276,1.219936271778576,1.2904559438189775,1.129812800060146,1.0,0.0,0.0,0.0,0.0,1.0,0.0,0.0,0.0,0.0,0.0,1.0,0.0,0.0,0.0,0.0,76.93
-0.5419113346545662,1.4445557324105747,1.5850889313910368,1.6438461974080159,1.53090227506775,1.9696646337135002,1.0,0.0,0.0,0.0,0.0,1.0,0.0,0.0,0.0,0.0,0.0,1.0,0.0,0.0,0.0,0.0,45.71
0.9587662074657727,0.13621126323992974,0.0015696637967407363,0.08950980343340251,0.040135021325360704,0.671711799885588,0.0,1.0,0.0,0.0,0.0,1.0,0.0,0.0,0.0,0.0,0.0,1.0,0.0,0.0,0.0,0.0,72.08
-0.5419113346545662,1.1174696151179127,1.1778982625810757,1.125734066083147,1.3385452100687294,1.129812800060146,1.0,0.0,0.0,0.0,0.0,0.0,0.0,0.0,0.0,0.0,1.0,1.0,0.0,0.0,0.0,0.0,66.82
0.9587662074657727,-0.8917736768227164,-0.9032984891142856,-0.8996133563686256,-0.8735610374199736,-1.0079918674211268,0.0,1.0,0.0,0.0,0.0,1.0,0.0,0.0,0.0,0.0,0.0,1.0,0.0,0.0,0.0,0.0,74.03
-0.5419113346545662,-0.5646875595300576,-0.677081450886529,-1.1351188706072037,-0.8254717711702219,-1.0843420341168855,1.0,0.0,0.0,0.0,0.0,0.0,0.0,0.0,0.0,0.0,1.0,1.0,0.0,0.0,0.0,0.0,62.7
3.9601212917064506,-0.5646875595300576,0.0015696637967407363,0.6547230376059909,0.37675988507363994,-1.237042367508406,0.0,1.0,0.0,0.0,0.0,1.0,0.0,0.0,0.0,0.0,0.0,0.0,0.0,1.0,0.0,0.0,58.64
-0.5419113346545662,-0.4751174789880737,-0.08891715149435997,-0.14599571080517548,-0.39266837492242884,-0.3971905338550484,0.0,1.0,0.0,0.0,0.0,0.0,0.0,0.0,0.0,0.0,1.0,0.0,0.0,1.0,0.0,0.0,66.82
-0.5419113346545662,-0.377781206791395,-0.3603775973676685,-0.240197916500608,-0.3445791086726771,-0.3971905338550484,0.0,1.0,0.0,0.0,0.0,1.0,0.0,0.0,0.0,0.0,0.0,1.0,0.0,0.0,0.0,0.0,62.7
-0.5419113346545662,0.4165707923479253,0.0015696637967407363,0.5134197290628422,0.2324920863243779,0.5190114664940676,0.0,1.0,0.0,0.0,0.0,0.0,0.0,0.0,0.0,0.0,1.0,1.0,0.0,0.0,0.0,0.0,62.7
-0.5419113346545662,1.0240164387485797,0.7707075937711144,0.8431274489968527,0.953831080070695,1.129812800060146,1.0,0.0,0.0,0.0,0.0,0.0,0.0,0.0,0.0,0.0,1.0,1.0,0.0,0.0,0.0,0.0,58.64
-0.5419113346545662,-0.6581407358993873,-0.631838043240977,-0.5228045335868989,-0.5369361736716943,-0.24449020046352798,1.0,0.0,0.0,0.0,0.0,1.0,0.0,0.0,0.0,0.0,0.0,1.0,0.0,0.0,0.0,0.0,80.54
-2.0425888767749054,-0.09742167768339938,-0.1794039667854639,0.042408700585686236,0.18440282007462275,0.44266129979830904,0.0,1.0,0.0,0.0,0.0,1.0,0.0,0.0,0.0,0.0,0.0,1.0,0.0,0.0,0.0,0.0,75.71
-0.5419113346545662,-1.3161960663120604,-0.8580550814687337,-0.9938155620640549,-1.2582751674180113,-0.7789413673338478,0.0,1.0,0.0,0.0,0.0,1.0,0.0,0.0,0.0,0.0,0.0,0.0,0.0,1.0,0.0,0.0,66.82
-0.5419113346545662,1.2576493796719088,1.042168039644423,1.0315318603877144,1.098098878819957,1.358863300147425,1.0,0.0,0.0,0.0,0.0,1.0,0.0,0.0,0.0,0.0,0.0,1.0,0.0,0.0,0.0,0.0,73.08
-0.5419113346545662,1.2576493796719088,1.3136284855177316,1.1728351689308598,1.1942774113194674,1.2061629667559046,1.0,0.0,0.0,0.0,0.0,0.0,0.0,0.0,0.0,0.0,1.0,0.0,0.0,1.0,0.0,0.0,72.08
2.4594437495861117,-0.5179609713453911,-0.04367374384880801,-0.004692402262030026,-0.2484005761731668,-0.7789413673338478,1.0,0.0,0.0,0.0,0.0,0.0,0.0,0.0,0.0,0.0,1.0,1.0,0.0,0.0,0.0,0.0,58.64
-0.5419113346545662,-1.2655863823000448,-1.3104891579242468,-1.18221997345492,-1.017828836169239,-0.8552915340296064,1.0,0.0,0.0,0.0,0.0,1.0,0.0,0.0,0.0,0.0,0.0,1.0,0.0,0.0,0.0,0.0,75.7
0.9587662074657727,-0.14414826586806587,-0.04367374384880801,0.042408700585686236,-0.10413277742390475,-0.1681400337677694,1.0,0.0,0.0,0.0,0.0,1.0,0.0,0.0,0.0,0.0,0.0,1.0,0.0,0.0,0.0,0.0,73.08
-0.5419113346545662,-0.050695089498732894,0.09205647908784466,0.23081311197654794,0.08822428757511586,0.060910466319509596,1.0,0.0,0.0,0.0,0.0,1.0,0.0,0.0,0.0,0.0,0.0,1.0,0.0,0.0,0.0,0.0,33.59
0.9587662074657727,0.46329738053259184,0.45400374025225393,0.419217523367413,0.4248491513233951,-0.24449020046352798,1.0,0.0,0.0,0.0,0.0,0.0,0.0,0.0,0.0,0.0,1.0,1.0,0.0,0.0,0.0,0.0,74.03
-0.5419113346545662,-0.19087485405272903,-0.1794039667854639,-0.2872990193483209,-0.1522220436736565,-0.473540700550807,1.0,0.0,0.0,0.0,0.0,1.0,0.0,0.0,0.0,0.0,0.0,0.0,0.0,0.0,0.0,1.0,66.82
-0.5419113346545662,1.070743026933246,1.2231416702266276,1.361239580321725,1.4347237425682398,0.9771124666686256,0.0,1.0,0.0,0.0,0.0,1.0,0.0,0.0,0.0,0.0,0.0,1.0,0.0,0.0,0.0,0.0,76.93
-0.5419113346545662,0.13621126323992974,0.0015696637967407363,0.08950980343340251,0.2324920863243779,0.13726063301526817,0.0,1.0,0.0,0.0,0.0,0.0,0.0,0.0,0.0,0.0,1.0,1.0,0.0,0.0,0.0,0.0,66.82
-0.5419113346545662,0.7436569096405874,0.8159510014166663,0.7489252433014202,0.8576525475711847,1.2061629667559046,1.0,0.0,0.0,0.0,0.0,1.0,0.0,0.0,0.0,0.0,0.0,1.0,0.0,0.0,0.0,0.0,73.08
-0.5419113346545662,-1.0319534413767157,-0.7223248585320777,-0.8996133563686256,-1.017828836169239,-1.0079918674211268,0.0,1.0,0.0,0.0,0.0,1.0,0.0,0.0,0.0,0.0,0.0,1.0,0.0,0.0,0.0,0.0,73.08
-0.5419113346545662,-0.381664302618744,-0.22464737443101584,-0.19309681365289175,-0.20031130992341165,-0.09178986707201083,0.0,1.0,0.0,0.0,0.0,0.0,0.0,0.0,0.0,0.0,1.0,0.0,0.0,1.0,0.0,0.0,66.82
-0.5419113346545662,2.2389077315498915,2.3089834537198586,2.35036274012375,2.540776866312591,2.1987151338007793,0.0,1.0,0.0,0.0,0.0,0.0,0.0,0.0,0.0,0.0,1.0,1.0,0.0,0.0,0.0,0.0,72.08
-0.5419113346545662,1.3978291442259083,1.4493587084543842,1.361239580321725,1.1942774113194674,1.5115636335389422,1.0,0.0,0.0,0.0,0.0,1.0,0.0,0.0,0.0,0.0,0.0,1.0,0.0,0.0,0.0,0.0,72.08
-0.5419113346545662,1.8183684378879,1.8565493772643453,2.1148572258851717,1.8675271388160293,2.275065300496541,0.0,1.0,0.0,0.0,0.0,1.0,0.0,0.0,0.0,0.0,0.0,1.0,0.0,0.0,0.0,0.0,75.71
-0.5419113346545662,-1.5926724995927037,-1.4009759732153475,-1.511927693388927,-1.5468107649165388,-1.4660928675956848,1.0,0.0,0.0,0.0,0.0,1.0,0.0,0.0,0.0,0.0,0.0,1.0,0.0,0.0,0.0,0.0,73.08
2.4594437495861117,-0.5646875595300576,0.3182735173156012,0.7018241404537039,-0.20031130992341165,-1.0843420341168855,1.0,0.0,0.0,0.0,0.0,0.0,0.0,0.0,0.0,0.0,1.0,1.0,0.0,0.0,0.0,0.0,58.64
-0.5419113346545662,-0.6581407358993873,-0.7223248585320777,-0.7583100478254768,-0.39266837492242884,-0.1681400337677694,1.0,0.0,0.0,0.0,0.0,1.0,0.0,0.0,0.0,0.0,0.0,1.0,0.0,0.0,0.0,0.0,75.71
-0.5419113346545662,-0.6114141477147241,-0.5413512279498731,-0.6170067392823314,-0.5850254399214495,-0.7789413673338478,0.0,1.0,0.0,0.0,0.0,1.0,0.0,0.0,0.0,0.0,0.0,0.0,0.0,0.0,1.0,0.0,65.57
-0.5419113346545662,-1.4524927350387076,-1.4009759732153475,-1.2293210763026328,-1.2101859011682563,-1.237042367508406,0.0,1.0,0.0,0.0,0.0,1.0,0.0,0.0,0.0,0.0,0.0,1.0,0.0,0.0,0.0,0.0,62.7
2.4594437495861117,-0.050695089498732894,0.22778670202449733,0.042408700585686236,-0.20031130992341165,0.7480619665813466,0.0,1.0,0.0,0.0,0.0,0.0,0.0,0.0,0.0,0.0,1.0,1.0,0.0,0.0,0.0,0.0,58.64
-0.5419113346545662,0.2763910277939292,0.3635169249611532,0.18371200912883504,0.18440282007462275,-0.24449020046352798,0.0,1.0,0.0,0.0,0.0,1.0,0.0,0.0,0.0,0.0,0.0,1.0,0.0,0.0,0.0,0.0,80.54
-0.5419113346545662,1.6781886733339038,1.4041153008088323,1.5967450945603028,1.5789915413175017,1.6642639669304626,0.0,1.0,0.0,0.0,0.0,1.0,0.0,0.0,0.0,0.0,0.0,1.0,0.0,0.0,0.0,0.0,58.64
-0.5419113346545662,1.2576493796719088,0.996924631998871,0.7960263461491365,1.2423666775692224,0.8244121332771052,1.0,0.0,0.0,0.0,0.0,0.0,0.0,0.0,0.0,0.0,1.0,1.0,0.0,0.0,0.0,0.0,66.82
-0.5419113346545662,0.2296644396092627,0.22778670202449733,0.37211642051969673,0.4248491513233951,0.5953616331898262,1.0,0.0,0.0,0.0,0.0,1.0,0.0,0.0,0.0,0.0,0.0,1.0,0.0,0.0,0.0,0.0,75.71
-0.5419113346545662,0.08948467505526325,0.22778670202449733,0.08950980343340251,-0.1522220436736565,-0.09178986707201083,1.0,0.0,0.0,0.0,0.0,0.0,0.0,0.0,0.0,0.0,1.0,1.0,0.0,0.0,0.0,0.0,66.82
-0.5419113346545662,-1.5459459114080405,-1.6271930114431041,-1.511927693388927,-1.5468107649165388,-1.4660928675956848,1.0,0.0,0.0,0.0,0.0,1.0,0.0,0.0,0.0,0.0,0.0,1.0,0.0,0.0,0.0,0.0,75.7
-0.5419113346545662,0.2296644396092627,0.27303010967004926,0.37211642051969673,0.2805813525741331,0.3663111331025472,1.0,0.0,0.0,0.0,0.0,0.0,0.0,0.0,0.0,1.0,0.0,1.0,0.0,0.0,0.0,0.0,66.82
-0.5419113346545662,-1.63939908777737,-1.5819496037975553,-1.6061298990843595,-1.5949000311662906,-1.7714935343787224,0.0,1.0,0.0,0.0,0.0,1.0,0.0,0.0,0.0,0.0,0.0,1.0,0.0,0.0,0.0,0.0,80.54
0.9587662074657727,-1.172133205930712,-1.220002342633143,-1.2293210763026328,-1.114007368668746,-1.237042367508406,0.0,1.0,0.0,0.0,0.0,1.0,0.0,0.0,0.0,0.0,0.0,0.0,0.0,1.0,0.0,0.0,66.82
-0.5419113346545662,-1.176016301758061,-0.9032984891142856,-1.2293210763026328,-1.3063644336677664,-1.6951433676829637,0.0,1.0,0.0,0.0,0.0,1.0,0.0,0.0,0.0,0.0,0.0,1.0,0.0,0.0,0.0,0.0,66.82
2.4594437495861117,0.8371100860099171,0.4992471478978059,0.5605208319105585,0.7133847488219226,1.129812800060146,1.0,0.0,0.0,0.0,0.0,1.0,0.0,0.0,0.0,0.0,0.0,1.0,0.0,0.0,0.0,0.0,72.08
-0.5419113346545662,1.5380089087799045,1.494602116099936,1.219936271778576,1.3385452100687294,1.282513133451663,1.0,0.0,0.0,0.0,0.0,0.0,0.0,0.0,0.0,0.0,1.0,1.0,0.0,0.0,0.0,0.0,72.08
-0.5419113346545662,1.0240164387485797,1.2683850778721795,1.219936271778576,1.00192034632045,1.282513133451663,1.0,0.0,0.0,0.0,0.0,1.0,0.0,0.0,0.0,0.0,0.0,1.0,0.0,0.0,0.0,0.0,80.54
-0.5419113346545662,-0.284328030422062,-0.40562100501322046,-0.240197916500608,-0.296489842422922,-0.3971905338550484,0.0,1.0,0.0,0.0,0.0,1.0,0.0,0.0,0.0,0.0,0.0,1.0,0.0,0.0,0.0,0.0,80.54
0.9587662074657727,-1.2655863823000448,-1.1747589349875909,-1.417725487693498,-1.3063644336677664,-1.0079918674211268,0.0,1.0,0.0,0.0,0.0,1.0,0.0,0.0,0.0,0.0,0.0,1.0,0.0,0.0,0.0,0.0,74.03
-0.5419113346545662,-0.9385002650073828,-0.9937853044053863,-0.8525122535209094,-1.1620966349185011,-1.0079918674211268,0.0,1.0,0.0,0.0,0.0,1.0,0.0,0.0,0.0,0.0,0.0,1.0,0.0,0.0,0.0,0.0,62.7
-0.5419113346545662,-0.19087485405272903,-0.31513418972211654,-0.38150122504375344,-0.3445791086726771,-0.6262410339423274,0.0,1.0,0.0,0.0,0.0,1.0,0.0,0.0,0.0,0.0,0.0,1.0,0.0,0.0,0.0,0.0,80.54
-0.5419113346545662,0.2763910277939292,0.4992471478978059,0.23081311197654794,0.2805813525741331,0.7480619665813466,1.0,0.0,0.0,0.0,0.0,1.0,0.0,0.0,0.0,0.0,0.0,1.0,0.0,0.0,0.0,0.0,80.54
-0.5419113346545662,0.9772898505639165,0.951681224353319,1.0786329632354306,0.8576525475711847,1.0534626333643842,0.0,1.0,0.0,0.0,0.0,1.0,0.0,0.0,0.0,0.0,0.0,1.0,0.0,0.0,0.0,0.0,58.64
-0.5419113346545662,0.2763910277939292,0.3635169249611532,0.3250153176719805,0.4248491513233951,0.13726063301526817,1.0,0.0,0.0,0.0,0.0,0.0,0.0,0.0,0.0,0.0,1.0,1.0,0.0,0.0,0.0,0.0,66.82
0.9587662074657727,0.18293785142459623,0.3635169249611532,0.46631862621512593,0.37675988507363994,0.8244121332771052,1.0,0.0,0.0,0.0,0.0,1.0,0.0,0.0,0.0,0.0,0.0,1.0,0.0,0.0,0.0,0.0,78.17
-0.5419113346545662,-0.9852268531920494,-0.8580550814687337,-0.9938155620640549,-0.9697395699194838,-0.931641700725365,1.0,0.0,0.0,0.0,0.0,1.0,0.0,0.0,0.0,0.0,0.0,0.0,0.0,1.0,0.0,0.0,74.03
0.9587662074657727,0.9772898505639165,1.042168039644423,0.6547230376059909,0.9057418138209398,0.7480619665813466,1.0,0.0,0.0,0.0,0.0,1.0,0.0,0.0,0.0,0.0,0.0,0.0,0.0,0.0,0.0,1.0,74.03
0.9587662074657727,-1.4524927350387076,-1.672436419088656,-1.5590287962366434,-1.5949000311662906,-1.3133925342041644,0.0,1.0,0.0,0.0,0.0,1.0,0.0,0.0,0.0,0.0,0.0,1.0,0.0,0.0,0.0,0.0,33.59
