learnerID,School,Age,Filipino 1,English 1,Math 1,Aral Pan 1,Filipino 2,English 2,Math 2,Aral Pan 2,Filipino 3,English 3,Math 3,Science 3,Aral Pan 3,Filipino 4,English 4,Math 4,Science 4,Aral Pan 4,Filipino 5,English 5,Math 5,Science 5,Aral Pan 5,school_year,Filipino_avg,English_avg,Math_avg,AralPan_avg,Science_avg,Gender_F,Gender_M,Mother Tongue_Cebuano / Sinugbuanong Binisay,Mother Tongue_English,Mother Tongue_Hiligaynon,Mother Tongue_Ilocano,Mother Tongue_Kamayo,Mother Tongue_Kapampangan,Mother Tongue_Maranao,Mother Tongue_Pangasinan,Mother Tongue_Tagalog,Nutritional Status_Normal,Nutritional Status_Obese,Nutritional Status_Overweight,Nutritional Status_Severely Wasted,Nutritional Status_Wasted,MPS
UISC25-095,Urdaneta City SPED Center,11,88.0,87.0,92.0,91.0,91.0,91.0,91.0,91.0,91.0,91.0,91.0,91.0,91.0,94,93,89,89,93,91.0,92,88,91,90,1,91.0,90.8,90.2,91.2,90.33333333333333,0.0,1.0,0.0,0.0,0.0,0.0,0.0,0.0,0.0,0.0,1.0,1.0,0.0,0.0,0.0,0.0,72.08
NAN25-011,Nancayasan Elementary School,11,97.0,98.0,95.0,96.0,96.0,96.0,96.0,96.0,97.0,97.0,98.0,97.0,97.0,94,94,94,94,94,96.0,95,96,95,95,1,96.0,96.0,95.8,95.6,95.33333333333333,1.0,0.0,0.0,0.0,0.0,1.0,0.0,0.0,0.0,0.0,0.0,1.0,0.0,0.0,0.0,0.0,58.64
UICS25-381,Urdaneta I Central School,12,77.0,77.0,78.0,77.0,77.0,77.0,75.0,75.0,78.0,77.0,77.0,78.0,78.0,79,77,77,77,78,79.0,78,78,78,78,1,78.0,77.2,77.0,77.2,77.66666666666667,0.0,1.0,0.0,0.0,0.0,0.0,0.0,0.0,0.0,0.0,1.0,0.0,0.0,0.0,1.0,0.0,66.82
UICS25-335,Urdaneta I Central School,11,83.90609137,94.0,93.0,93.0,94.0,91.0,91.0,90.0,92.0,94.0,94.0,92.0,93.0,90,90,89,88,88,87.0,88,87,87,86,1,89.381218274,91.4,90.8,90.0,89.0,0.0,1.0,0.0,0.0,0.0,0.0,0.0,0.0,0.0,0.0,1.0,1.0,0.0,0.0,0.0,0.0,66.82
LANES25-033,Lananpin Elementary School,12,82.0,82.0,80.0,79.0,99.0,97.0,92.0,94.0,95.0,94.0,94.0,94.0,95.0,87,86,88,87,87,85.0,87,87,87,87,1,89.6,89.2,88.2,88.4,89.33333333333333,1.0,0.0,0.0,0.0,0.0,1.0,0.0,0.0,0.0,0.0,0.0,1.0,0.0,0.0,0.0,0.0,62.7
UISC25-107,Urdaneta City SPED Center,11,89.0,86.0,88.0,91.0,92.0,92.0,92.0,92.0,92.0,91.0,92.0,92.0,92.0,95,94,94,92,92,92.0,93,93,92,91,1,92.0,91.2,91.8,91.6,92.0,0.0,1.0,0.0,0.0,0.0,0.0,0.0,0.0,0.0,0.0,1.0,0.0,1.0,0.0,0.0,0.0,72.08
UICS25-106,Urdaneta I Central School,13,80.0,80.0,80.0,80.0,80.0,80.0,80.0,80.0,79.0,79.0,79.0,79.0,79.0,87,85,87,88,85,77.0,76,77,77,77,1,80.6,80.0,80.6,80.2,81.33333333333333,1.0,0.0,0.0,0.0,0.0,0.0,0.0,0.0,0.0,0.0,1.0,1.0,0.0,0.0,0.0,0.0,66.82
UICS25-069,Urdaneta I Central School,11,89.0,87.0,90.0,90.0,86.0,85.0,86.0,87.0,86.0,83.0,84.0,86.0,86.0,90,91,91,91,90,87.0,87,86,86,90,1,87.6,86.6,87.4,88.6,87.66666666666667,0.0,1.0,0.0,0.0,0.0,0.0,0.0,0.0,0.0,0.0,1.0,1.0,0.0,0.0,0.0,0.0,66.82
DAFSIS25-005,Don Alipio Fernandez Sr. Integrated School,11,91.0,92.0,90.0,89.0,91.0,90.0,90.0,89.0,91.0,90.0,90.0,91.0,90.0,90,90,91,90,90,97.0,95,92,94,93,1,92.0,91.4,90.6,90.2,91.66666666666667,0.0,1.0,0.0,0.0,0.0,1.0,0.0,0.0,0.0,0.0,0.0,1.0,0.0,0.0,0.0,0.0,73.08
UICS25-235,Urdaneta I Central School,11,91.0,88.0,86.0,95.0,95.0,93.0,92.0,92.0,84.91689751,93.0,92.0,91.0,91.0,90,92,93,90,91,89.0,92,92,91,88,1,89.983379502,91.6,91.0,91.4,90.66666666666667,1.0,0.0,0.0,0.0,0.0,0.0,0.0,0.0,0.0,0.0,1.0,1.0,0.0,0.0,0.0,0.0,66.82
NAN25-032,Nancayasan Elementary School,11,92.0,90.0,91.0,93.0,91.0,88.0,92.0,91.0,82.0,81.0,82.0,82.0,82.0,85,84,83,83,85,92.0,89,91,89,90,1,88.4,86.4,87.8,88.2,84.66666666666667,0.0,1.0,0.0,0.0,0.0,0.0,0.0,0.0,0.0,1.0,0.0,1.0,0.0,0.0,0.0,0.0,58.64
BES24-003,Badipa Elementary School,11,81.0,80.0,80.0,82.0,81.0,81.0,81.0,80.0,82.0,82.0,83.0,81.0,82.0,84,82,84,82,83,85.0,81,82,83,85,0,82.6,81.2,82.0,82.4,82.0,0.0,1.0,0.0,0.0,0.0,1.0,0.0,0.0,0.0,0.0,0.0,1.0,0.0,0.0,0.0,0.0,75.7
LANES25-051,Lananpin Elementary School,12,84.0,80.0,82.0,87.0,84.0,84.0,84.0,85.0,83.0,79.0,78.0,79.0,77.0,82,81,80,81,83,84.0,85,87,87,88,1,83.4,81.8,82.2,84.0,82.33333333333333,0.0,1.0,0.0,0.0,0.0,0.0,0.0,0.0,0.0,0.0,1.0,0.0,0.0,0.0,0.0,1.0,62.7
LANES25-064,Lananpin Elementary School,11,85.0,85.0,88.0,87.0,88.0,87.0,90.0,88.0,86.0,85.0,85.0,86.0,86.0,85,84,83,85,84,88.0,89,89,88,90,1,86.4,86.0,87.0,87.0,86.33333333333333,0.0,1.0,0.0,0.0,0.0,1.0,0.0,0.0,0.0,0.0,0.0,1.0,0.0,0.0,0.0,0.0,62.7
UICS25-320,Urdaneta I Central School,11,88.0,90.0,89.0,90.0,89.0,89.0,89.0,92.0,91.0,89.0,90.0,88.0,88.0,90,89,90,89,88,91.0,91,91,90,91,1,89.8,89.6,89.8,89.8,89.0,1.0,0.0,0.0,0.0,0.0,0.0,0.0,0.0,0.0,0.0,1.0,1.0,0.0,0.0,0.0,0.0,66.82
UICS24-018,Urdaneta I Central School,11,81.0,81.0,81.0,80.0,83.0,82.0,82.0,82.0,81.0,81.0,80.0,81.0,81.0,81,81,81,80,81,80.0,80,82,80,81,0,81.2,81.0,81.2,81.0,80.33333333333333,0.0,1.0,0.0,0.0,0.0,1.0,0.0,0.0,0.0,0.0,0.0,0.0,0.0,0.0,1.0,0.0,74.03
UICS25-240,Urdaneta I Central School,11,79.0,76.0,77.0,82.0,84.0,83.0,83.0,84.0,84.0,83.0,83.0,83.0,84.0,86,86,87,86,85,87.0,86,86,87,87,1,84.0,82.8,83.2,84.4,85.33333333333333,1.0,0.0,0.0,0.0,0.0,0.0,0.0,0.0,0.0,0.0,1.0,1.0,0.0,0.0,0.0,0.0,66.82
DAPSMECSE25-027,Don Amadeo Perez Sr. Memorial Elementary School - East,11,86.0,83.0,82.0,84.0,88.0,82.0,83.0,87.0,85.0,85.0,81.0,82.0,83.0,81,81,82,82,83,82.0,83,81,82,80,1,84.4,82.8,81.8,83.4,82.0,1.0,0.0,0.0,0.0,0.0,1.0,0.0,0.0,0.0,0.0,0.0,1.0,0.0,0.0,0.0,0.0,75.71
LANES25-058,Lananpin Elementary School,11,83.0,82.0,78.0,77.0,77.0,77.0,77.0,77.0,80.0,78.0,80.0,78.0,78.0,77,78,77,78,79,77.0,76,75,76,77,1,78.8,78.2,77.4,77.6,77.33333333333333,0.0,1.0,0.0,0.0,0.0,1.0,0.0,0.0,0.0,0.0,0.0,1.0,0.0,0.0,0.0,0.0,62.7
NAN25-008,Nancayasan Elementary School,11,83.0,81.0,81.0,83.0,81.0,80.0,79.0,80.0,80.0,79.0,80.0,77.0,80.0,82,82,81,82,82,89.0,88,87,88,87,1,83.0,82.0,81.6,82.4,82.33333333333333,1.0,0.0,0.0,0.0,0.0,1.0,0.0,0.0,0.0,0.0,0.0,1.0,0.0,0.0,0.0,0.0,58.64
BES25-081,Badipa Elementary School,12,75.0,75.0,75.0,75.0,77.0,77.0,77.0,77.0,76.0,76.0,76.0,76.0,76.0,76,77,76,76,76,76.0,76,76,76,76,1,76.0,76.2,76.0,76.0,76.0,1.0,0.0,0.0,0.0,0.0,1.0,0.0,0.0,0.0,0.0,0.0,1.0,0.0,0.0,0.0,0.0,80.54
LANES25-009,Lananpin Elementary School,11,90.0,90.0,89.0,90.0,89.0,88.0,89.0,89.0,90.0,90.0,90.0,90.0,90.0,92,91,92,91,91,89.0,88,89,89,89,1,90.0,89.4,89.8,89.8,90.0,1.0,0.0,0.0,0.0,0.0,1.0,0.0,0.0,0.0,0.0,0.0,1.0,0.0,0.0,0.0,0.0,62.7
UICS25-270,Urdaneta I Central School,12,86.0,85.0,87.0,88.0,87.0,86.0,86.0,87.0,88.0,87.0,86.0,86.0,86.0,84,83,84,83,83,87.0,85,84,83,86,1,86.4,85.2,85.4,86.0,84.0,0.0,1.0,0.0,0.0,0.0,1.0,0.0,0.0,0.0,0.0,0.0,1.0,0.0,0.0,0.0,0.0,66.82
NAN24-009,Nancayasan Elementary School,12,81.0,79.0,79.0,80.0,80.0,79.0,80.0,79.0,81.0,78.0,78.0,81.0,81.0,81,80,81,80,80,77.0,76,76,76,76,0,80.0,78.4,78.8,79.2,79.0,0.0,1.0,0.0,0.0,0.0,1.0,0.0,0.0,0.0,0.0,0.0,1.0,0.0,0.0,0.0,0.0,65.57
UICS25-068,Urdaneta I Central School,12,86.0,83.0,87.0,88.0,87.0,86.0,87.0,87.0,87.0,88.0,87.0,85.0,87.0,91,91,92,91,91,90.0,88,87,88,89,1,88.2,87.2,88.0,88.4,88.0,0.0,1.0,0.0,0.0,0.0,0.0,0.0,0.0,0.0,0.0,1.0,0.0,0.0,1.0,0.0,0.0,66.82
UISC25-054,Urdaneta City SPED Center,11,93.0,93.0,95.0,93.0,96.0,95.0,96.0,96.0,94.0,95.0,94.0,93.0,94.0,93,94,91,91,92,91.0,92,93,93,90,1,93.4,93.8,93.8,93.0,92.33333333333333,1.0,0.0,0.0,0.0,0.0,0.0,0.0,0.0,0.0,0.0,1.0,1.0,0.0,0.0,0.0,0.0,72.08
NAN25-050,Nancayasan Elementary School,11,91.0,78.0,85.0,87.0,87.0,81.0,95.0,78.0,93.0,88.0,87.0,83.0,93.0,94,76,82,85,83,93.0,82,94,81,88,1,91.6,81.0,88.6,85.8,83.0,1.0,0.0,0.0,0.0,0.0,1.0,0.0,0.0,0.0,0.0,0.0,1.0,0.0,0.0,0.0,0.0,58.64
UICS25-102,Urdaneta I Central School,11,87.0,86.0,87.0,86.0,88.0,88.0,88.0,87.0,86.0,86.0,85.0,86.0,86.0,80,78,79,78,79,81.0,81,80,81,82,1,84.4,83.8,83.8,84.0,81.66666666666667,0.0,1.0,0.0,0.0,0.0,0.0,0.0,0.0,0.0,0.0,1.0,1.0,0.0,0.0,0.0,0.0,66.82
UICS24-032,Urdaneta I Central School,12,76.0,75.0,77.0,77.0,77.0,77.0,77.0,77.0,82.0,81.0,81.0,80.0,81.0,78,78,78,78,79,76.0,76,78,76,76,0,77.8,77.4,78.2,78.0,78.0,0.0,1.0,0.0,0.0,0.0,1.0,0.0,0.0,0.0,0.0,0.0,1.0,0.0,0.0,0.0,0.0,74.03
LANES25-112,Lananpin Elementary School,11,78.0,77.0,80.0,80.0,81.0,81.0,81.0,81.0,82.0,81.0,80.0,82.0,82.0,80,80,81,81,80,83.0,84,83,83,84,1,80.8,80.6,81.0,81.4,82.0,0.0,1.0,0.0,0.0,0.0,1.0,0.0,0.0,0.0,0.0,0.0,1.0,0.0,0.0,0.0,0.0,62.7
BES25-084,Badipa Elementary School,12,75.0,75.0,75.0,75.0,79.0,79.0,79.0,79.0,76.0,76.0,76.0,76.0,76.0,75,75,75,75,75,76.0,76,76,76,76,1,76.2,76.2,76.2,76.2,75.66666666666667,0.0,1.0,0.0,0.0,0.0,1.0,0.0,0.0,0.0,0.0,0.0,1.0,0.0,0.0,0.0,0.0,80.54
UISC25-074,Urdaneta City SPED Center,11,94.0,94.0,93.0,95.0,95.0,94.0,95.0,96.0,94.0,95.0,95.0,94.0,94.0,96,96,95,96,96,93.0,94,94,96,93,1,94.4,94.6,94.4,94.8,95.33333333333333,1.0,0.0,0.0,0.0,0.0,0.0,0.0,0.0,0.0,0.0,1.0,1.0,0.0,0.0,0.0,0.0,72.08
LANES25-037,Lananpin Elementary School,11,90.0,90.0,86.0,89.0,92.0,91.0,92.0,91.0,90.0,90.0,90.0,90.0,90.0,87,85,84,87,86,87.0,85,84,86,86,1,89.2,88.2,87.2,88.4,87.66666666666667,1.0,0.0,0.0,0.0,0.0,1.0,0.0,0.0,0.0,0.0,0.0,1.0,0.0,0.0,0.0,0.0,62.7
UICS25-185,Urdaneta I Central School,11,79.0,79.0,80.0,81.0,82.0,87.0,82.0,83.0,84.0,85.0,85.0,86.0,87.0,86,86,87,85,85,83.0,81,81,82,83,1,82.8,83.6,83.0,83.8,84.33333333333333,1.0,0.0,0.0,0.0,0.0,0.0,0.0,0.0,0.0,0.0,1.0,0.0,0.0,0.0,0.0,1.0,66.82
UICS24-058,Urdaneta I Central School,11,84.0,84.0,86.0,87.0,87.0,86.0,87.0,86.0,86.0,86.0,88.0,86.0,86.0,85,84,85,85,85,86.0,86,87,83,85,0,85.6,85.2,86.6,85.8,84.66666666666667,0.0,1.0,0.0,0.0,0.0,0.0,0.0,0.0,0.0,0.0,1.0,0.0,0.0,1.0,0.0,0.0,74.03
UICS25-046,Urdaneta I Central School,11,90.0,89.0,90.0,91.0,90.0,90.0,90.0,91.0,92.0,93.0,90.0,92.0,92.0,90,91,88,86,89,90.0,87,87,86,86,1,90.4,90.0,89.0,89.8,88.0,0.0,1.0,0.0,0.0,0.0,0.0,0.0,0.0,0.0,0.0,1.0,1.0,0.0,0.0,0.0,0.0,66.82
UISC25-023,Urdaneta City SPED Center,11,90.0,87.0,88.0,91.0,91.0,90.0,90.0,90.0,92.0,91.0,92.0,92.0,91.0,94,94,88,91,90,90.0,91,87,91,90,1,91.4,90.6,89.0,90.4,91.33333333333333,0.0,1.0,0.0,0.0,0.0,0.0,0.0,0.0,0.0,0.0,1.0,1.0,0.0,0.0,0.0,0.0,72.08
UISC24-028,Urdaneta City SPED Center,11,89.0,82.0,91.0,95.0,90.0,92.0,90.0,90.0,93.0,93.0,92.0,92.0,93.0,94,95,94,95,93,94.0,93,93,92,92,0,92.0,91.0,92.0,92.6,93.0,0.0,1.0,0.0,0.0,0.0,0.0,0.0,0.0,0.0,0.0,1.0,1.0,0.0,0.0,0.0,0.0,76.93
BES25-048,Badipa Elementary School,11,82.0,84.0,82.0,85.0,85.0,86.0,85.0,86.0,86.0,85.0,85.0,86.0,86.0,84,83,82,83,84,81.0,81,81,83,83,1,83.6,83.8,83.0,84.8,84.0,1.0,0.0,0.0,0.0,0.0,0.0,0.0,0.0,0.0,0.0,1.0,1.0,0.0,0.0,0.0,0.0,80.54
UICS25-047,Urdaneta I Central School,11,87.0,87.0,86.0,86.0,88.0,88.0,89.0,89.0,87.0,87.0,88.0,87.0,87.0,83,82,82,82,83,89.0,89,88,88,90,1,86.8,86.6,86.6,87.0,85.66666666666667,1.0,0.0,0.0,0.0,0.0,0.0,0.0,0.0,0.0,0.0,1.0,1.0,0.0,0.0,0.0,0.0,66.82
UICS25-201,Urdaneta I Central School,11,89.0,88.0,89.0,88.0,88.0,90.0,89.0,89.0,84.91689751,89.0,88.0,81.0,86.0,81,86,86,86,87,86.0,87,87,86,81,1,85.783379502,88.0,87.8,86.2,84.33333333333333,1.0,0.0,0.0,0.0,0.0,1.0,0.0,0.0,0.0,0.0,0.0,1.0,0.0,0.0,0.0,0.0,66.82
UICS25-037,Urdaneta I Central School,11,82.0,80.0,83.0,85.0,81.0,89.0,89.0,95.0,83.0,82.0,82.0,82.0,84.0,89,88,88,87,87,90.0,87,87,87,88,1,85.0,85.2,85.8,87.8,85.33333333333333,1.0,0.0,0.0,0.0,0.0,0.0,0.0,0.0,0.0,0.0,1.0,1.0,0.0,0.0,0.0,0.0,66.82
LANES24-023,Lananpin Elementary School,16,82.0,82.0,83.0,84.0,86.0,84.0,84.0,84.0,82.0,81.0,80.0,80.0,80.0,75,75,75,75,75,85.0,86,83,84,83,0,82.0,81.6,81.0,81.2,79.66666666666667,0.0,1.0,0.0,0.0,0.0,1.0,0.0,0.0,0.0,0.0,0.0,1.0,0.0,0.0,0.0,0.0,78.31
BES25-201,Badipa Elementary School,11,76.0,75.0,76.0,75.0,76.0,75.0,75.0,76.0,76.0,76.0,76.0,76.0,76.0,83,83,83,83,83,84.0,82,82,82,83,1,79.0,78.2,78.4,78.6,80.33333333333333,0.0,1.0,0.0,0.0,0.0,1.0,0.0,0.0,0.0,0.0,0.0,1.0,0.0,0.0,0.0,0.0,80.54
LANES24-024,Lananpin Elementary School,12,82.0,81.0,82.0,83.0,82.0,81.0,82.0,82.0,82.0,80.0,82.0,81.0,79.0,84,83,83,84,84,87.0,86,86,86,86,0,83.4,82.2,83.0,82.8,83.66666666666667,1.0,0.0,0.0,0.0,0.0,1.0,0.0,0.0,0.0,0.0,0.0,1.0,0.0,0.0,0.0,0.0,78.31
BES25-199,Badipa Elementary School,11,87.0,85.0,89.0,91.0,89.0,89.0,90.0,90.0,86.0,84.0,84.0,84.0,83.0,83,81,81,81,83,88.0,88,87,88,89,1,86.6,85.4,86.2,87.2,84.33333333333333,1.0,0.0,0.0,0.0,0.0,1.0,0.0,0.0,0.0,0.0,0.0,1.0,0.0,0.0,0.0,0.0,80.54
LANES25-013,Lananpin Elementary School,11,81.0,82.0,81.0,80.0,84.0,83.0,84.0,84.0,82.0,82.0,82.0,83.0,84.0,83,83,81,81,80,83.0,83,83,84,83,1,82.6,82.6,82.2,82.2,82.66666666666667,1.0,0.0,0.0,0.0,0.0,1.0,0.0,0.0,0.0,0.0,0.0,0.0,0.0,1.0,0.0,0.0,62.7
NAN24-021,Nancayasan Elementary School,11,83.0,83.0,82.0,82.0,79.0,80.0,80.0,80.0,83.0,82.0,82.0,82.0,82.0,82,82,82,82,82,86.0,85,85,86,85,0,82.6,82.4,82.2,82.2,83.33333333333333,0.0,1.0,0.0,0.0,0.0,1.0,0.0,0.0,0.0,0.0,0.0,1.0,0.0,0.0,0.0,0.0,65.57
BES25-138,Badipa Elementary School,11,84.0,82.0,86.0,86.0,87.0,87.0,88.0,87.0,90.0,91.0,89.0,89.0,90.0,81,79,80,80,81,81.0,81,81,81,81,1,84.6,84.0,84.8,85.0,83.33333333333333,0.0,1.0,0.0,0.0,0.0,0.0,0.0,0.0,0.0,0.0,1.0,1.0,0.0,0.0,0.0,0.0,80.54
NAN25-063,Nancayasan Elementary School,11,77.0,91.0,91.0,89.0,93.0,88.0,80.0,93.0,75.0,94.0,89.0,80.0,93.0,93,84,91,95,76,92.0,89,76,85,90,1,86.0,89.2,85.4,88.2,86.66666666666667,1.0,0.0,0.0,0.0,0.0,0.0,0.0,0.0,0.0,0.0,1.0,1.0,0.0,0.0,0.0,0.0,58.64
DAFSIS25-007,Don Alipio Fernandez Sr. Integrated School,11,85.0,83.0,84.0,85.0,86.0,82.0,84.0,84.0,87.0,86.0,86.0,87.0,87.0,84,82,84,84,83,83.0,86,78,87,86,1,85.0,83.8,83.2,85.0,86.0,0.0,1.0,0.0,0.0,0.0,1.0,0.0,0.0,0.0,0.0,0.0,1.0,0.0,0.0,0.0,0.0,73.08
UISC25-004,Urdaneta City SPED Center,11,95.0,92.0,94.0,91.0,86.0,89.0,89.0,89.0,87.0,89.0,87.0,87.0,86.0,91,93,92,92,91,89.0,91,88,91,91,1,89.6,90.8,90.0,89.6,90.0,1.0,0.0,0.0,0.0,0.0,0.0,0.0,0.0,0.0,0.0,1.0,1.0,0.0,0.0,0.0,0.0,72.08
NAN24-022,Nancayasan Elementary School,11,85.0,86.0,84.0,84.0,86.0,85.0,86.0,87.0,86.0,86.0,86.0,86.0,86.0,85,84,86,85,85,88.0,87,85,87,86,0,86.0,85.6,85.4,85.6,86.0,0.0,1.0,0.0,0.0,0.0,0.0,0.0,0.0,0.0,0.0,1.0,1.0,0.0,0.0,0.0,0.0,65.57
UISC25-001,Urdaneta City SPED Center,11,89.0,87.0,88.0,87.0,91.0,90.0,94.0,90.0,87.0,89.0,87.0,87.0,90.0,90,89,90,90,89,90.0,90,90,90,90,1,89.4,89.0,89.8,89.2,89.0,0.0,1.0,0.0,0.0,0.0,0.0,0.0,0.0,0.0,0.0,1.0,1.0,0.0,0.0,0.0,0.0,72.08
LANES25-026,Lananpin Elementary School,12,82.0,80.0,82.0,83.0,76.0,76.0,76.0,76.0,80.0,79.0,79.0,79.0,80.0,82,84,82,80,81,80.0,78,79,78,80,1,80.0,79.4,79.6,80.0,79.0,1.0,0.0,0.0,0.0,0.0,1.0,0.0,0.0,0.0,0.0,0.0,1.0,0.0,0.0,0.0,0.0,62.7
LANES25-111,Lananpin Elementary School,12,82.0,80.0,83.0,82.0,84.0,83.0,85.0,82.0,85.0,84.0,84.0,84.0,84.0,84,84,84,83,84,86.0,86,84,85,87,1,84.2,83.4,84.0,83.8,84.0,0.0,1.0,0.0,0.0,0.0,1.0,0.0,0.0,0.0,0.0,0.0,1.0,0.0,0.0,0.0,0.0,62.7
BES24-006,Badipa Elementary School,11,84.0,84.0,84.0,84.0,89.0,85.0,87.0,89.0,83.0,83.0,85.0,86.0,85.0,91,90,90,90,91,87.0,87,84,84,87,0,86.8,85.8,86.0,87.2,86.66666666666667,1.0,0.0,0.0,0.0,0.0,0.0,1.0,0.0,0.0,0.0,0.0,1.0,0.0,0.0,0.0,0.0,75.7
BES25-025,Badipa Elementary School,11,83.0,85.0,83.0,83.0,84.0,84.0,84.0,84.0,86.0,86.0,86.0,86.0,86.0,84,84,81,83,85,85.0,84,85,85,85,1,84.4,84.6,83.8,84.6,84.66666666666667,1.0,0.0,0.0,0.0,0.0,1.0,0.0,0.0,0.0,0.0,0.0,1.0,0.0,0.0,0.0,0.0,80.54
NAN25-031,Nancayasan Elementary School,11,87.0,85.0,83.0,89.0,87.0,85.0,85.0,87.0,81.0,81.0,80.0,80.0,81.0,87,86,86,86,87,91.0,90,89,89,89,1,86.6,85.4,84.6,86.6,85.0,0.0,1.0,0.0,0.0,0.0,1.0,0.0,0.0,0.0,0.0,0.0,1.0,0.0,0.0,0.0,0.0,58.64
UICS25-318,Urdaneta I Central School,11,88.0,87.0,87.0,86.0,88.0,88.0,86.0,86.0,86.0,87.0,86.0,85.0,85.0,85,84,86,85,84,87.0,86,85,87,88,1,86.8,86.4,86.0,85.8,85.66666666666667,1.0,0.0,0.0,0.0,0.0,0.0,0.0,0.0,0.0,0.0,1.0,1.0,0.0,0.0,0.0,0.0,66.82
UICS25-085,Urdaneta I Central School,12,89.0,87.0,87.0,87.0,88.0,84.0,87.0,87.0,84.0,83.0,83.0,84.0,85.0,91,91,91,91,92,92.0,89,87,88,90,1,88.8,86.8,87.0,88.2,87.66666666666667,1.0,0.0,0.0,0.0,0.0,0.0,0.0,0.0,0.0,0.0,1.0,1.0,0.0,0.0,0.0,0.0,66.82
UICS24-021,Urdaneta I Central School,12,80.0,80.0,79.0,80.0,82.0,80.0,80.0,81.0,82.0,81.0,81.0,81.0,81.0,83,83,82,82,82,82.0,81,81,81,82,0,81.8,81.0,80.6,81.2,81.33333333333333,1.0,0.0,0.0,0.0,0.0,1.0,0.0,0.0,0.0,0.0,0.0,1.0,0.0,0.0,0.0,0.0,74.03
UICS25-379,Urdaneta I Central School,11,80.0,79.0,80.0,79.0,84.0,81.0,81.0,81.0,81.0,80.0,80.0,79.0,80.0,81,80,79,79,79,80.0,79,79,79,80,1,81.2,79.8,79.8,79.8,79.0,0.0,1.0,0.0,0.0,0.0,0.0,0.0,0.0,0.0,0.0,1.0,1.0,0.0,0.0,0.0,0.0,66.82
UISC25-044,Urdaneta City SPED Center,11,89.0,89.0,89.0,95.0,92.0,93.0,93.0,93.0,94.0,94.0,94.0,93.0,95.0,90,86,89,86,88,91.0,89,90,89,88,1,91.2,90.2,91.0,91.8,89.33333333333333,1.0,0.0,0.0,0.0,0.0,0.0,0.0,0.0,0.0,0.0,1.0,1.0,0.0,0.0,0.0,0.0,72.08
UICS25-356,Urdaneta I Central School,11,80.0,76.0,79.0,82.0,84.0,82.0,82.0,84.0,82.0,80.0,80.0,80.0,81.0,80,78,77,77,78,79.0,79,78,79,79,1,81.0,79.0,79.2,80.8,78.66666666666667,1.0,0.0,0.0,0.0,0.0,1.0,0.0,0.0,0.0,0.0,0.0,1.0,0.0,0.0,0.0,0.0,66.82
LANES25-105,Lananpin Elementary School,12,81.0,80.0,81.0,81.0,81.0,81.0,81.0,81.0,82.0,80.0,81.0,82.0,82.0,81,82,81,80,81,85.0,82,84,82,84,1,82.0,81.0,81.6,81.8,81.33333333333333,0.0,1.0,0.0,0.0,0.0,1.0,0.0,0.0,0.0,0.0,0.0,1.0,0.0,0.0,0.0,0.0,62.7
NAN25-059,Nancayasan Elementary School,14,95.0,94.0,76.0,83.0,93.0,92.0,80.0,85.0,76.0,87.0,87.0,93.0,77.0,77,95,77,77,87,80.0,92,90,77,81,1,84.2,92.0,82.0,82.6,82.33333333333333,1.0,0.0,0.0,0.0,0.0,1.0,0.0,0.0,0.0,0.0,0.0,1.0,0.0,0.0,0.0,0.0,58.64
UICS25-322,Urdaneta I Central School,12,85.0,84.0,86.0,87.0,83.0,83.0,83.0,83.0,84.0,82.0,82.0,81.0,83.0,89,89,89,89,90,89.0,89,88,90,89,1,86.0,85.4,85.6,86.4,86.66666666666667,0.0,1.0,0.0,0.0,0.0,1.0,0.0,0.0,0.0,0.0,0.0,0.0,0.0,1.0,0.0,0.0,66.82
UICS25-286,Urdaneta I Central School,11,81.0,81.0,82.0,84.0,88.0,86.0,87.0,87.0,86.0,85.0,86.0,86.0,86.0,84,83,86,83,83,85.0,81,81,81,83,1,84.8,83.2,84.4,84.6,83.33333333333333,0.0,1.0,0.0,0.0,0.0,0.0,0.0,0.0,0.0,0.0,1.0,0.0,0.0,1.0,0.0,0.0,66.82
UICS25-076,Urdaneta I Central School,12,90.0,91.0,90.0,89.0,88.0,87.0,88.0,87.0,89.0,88.0,89.0,90.0,87.0,93,93,92,93,94,92.0,87,86,87,90,1,90.4,89.2,89.0,89.4,90.0,0.0,1.0,0.0,0.0,0.0,1.0,0.0,0.0,0.0,0.0,0.0,1.0,0.0,0.0,0.0,0.0,66.82
BES25-148,Badipa Elementary School,11,88.0,86.0,88.0,86.0,90.0,89.0,89.0,90.0,88.0,87.0,86.0,86.0,87.0,89,89,89,88,87,88.0,87,91,91,87,1,88.6,87.6,88.6,87.4,88.33333333333333,0.0,1.0,0.0,0.0,0.0,1.0,0.0,0.0,0.0,0.0,0.0,1.0,0.0,0.0,0.0,0.0,80.54
LANES25-134,Lananpin Elementary School,11,76.0,76.0,75.0,76.0,82.0,80.0,83.0,82.0,81.0,79.0,90.0,80.0,79.0,84,80,81,82,81,82.0,81,81,81,82,1,81.0,79.2,82.0,80.0,81.0,1.0,0.0,0.0,0.0,0.0,1.0,0.0,0.0,0.0,0.0,0.0,1.0,0.0,0.0,0.0,0.0,62.7
UISC24-012,Urdaneta City SPED Center,12,89.0,88.0,89.0,89.0,91.0,91.0,91.0,91.0,91.0,90.0,90.0,90.0,91.0,89,90,91,91,92,91.0,89,89,89,89,0,90.2,89.6,90.0,90.4,90.0,0.0,1.0,0.0,0.0,0.0,1.0,0.0,0.0,0.0,0.0,0.0,1.0,0.0,0.0,0.0,0.0,76.93
BES25-157,Badipa Elementary School,11,95.0,91.0,90.0,92.0,93.0,93.0,93.0,92.0,91.0,92.0,93.0,91.0,93.0,90,90,92,91,90,93.0,92,96,93,90,1,92.4,91.6,92.8,91.4,91.66666666666667,0.0,1.0,0.0,0.0,0.0,1.0,0.0,0.0,0.0,0.0,0.0,1.0,0.0,0.0,0.0,0.0,80.54
UICS25-005,Urdaneta I Central School,11,87.0,87.0,87.0,86.0,88.0,87.0,88.0,89.0,87.0,86.0,87.0,86.0,87.0,86,85,84,88,85,85.0,86,85,87,91,1,86.6,86.2,86.2,87.6,87.0,1.0,0.0,0.0,0.0,0.0,1.0,0.0,0.0,0.0,0.0,0.0,1.0,0.0,0.0,0.0,0.0,66.82
LANES25-072,Lananpin Elementary School,11,92.0,92.0,89.0,90.0,87.0,87.0,88.0,89.0,87.0,86.0,86.0,87.0,87.0,89,86,85,87,88,89.0,86,85,85,86,1,88.8,87.4,86.6,88.0,86.33333333333333,1.0,0.0,0.0,0.0,0.0,1.0,0.0,0.0,0.0,0.0,0.0,1.0,0.0,0.0,0.0,0.0,62.7
DAPSMECSE25-023,Don Amadeo Perez Sr. Memorial Elementary School - East,10,77.0,75.0,76.0,77.0,78.0,78.0,78.0,78.0,84.0,83.0,84.0,84.0,84.0,83,80,80,81,81,80.0,80,82,84,84,1,80.4,79.2,80.0,80.8,83.0,0.0,1.0,0.0,0.0,0.0,1.0,0.0,0.0,0.0,0.0,0.0,1.0,0.0,0.0,0.0,0.0,75.71
DCBMES24-003,Don Clemente Blanco Memorial Elementary School,12,91.0,93.0,92.0,90.0,92.0,90.0,93.0,91.0,89.0,89.0,89.0,89.0,88.0,84,85,84,84,84,93.0,89,89,80,87,0,89.8,89.2,89.4,88.0,84.33333333333333,0.0,1.0,0.0,0.0,0.0,1.0,0.0,0.0,0.0,0.0,0.0,1.0,0.0,0.0,0.0,0.0,45.71
UICS25-111,Urdaneta I Central School,11,82.0,81.0,84.0,89.0,81.0,81.0,82.0,85.0,85.0,83.0,83.0,84.0,85.0,80,80,80,79,80,82.0,81,82,81,82,1,82.0,81.2,82.2,84.2,81.33333333333333,0.0,1.0,0.0,0.0,0.0,0.0,0.0,0.0,0.0,0.0,1.0,1.0,0.0,0.0,0.0,0.0,66.82
UICS25-176,Urdaneta I Central School,11,81.0,80.0,82.0,82.0,80.0,80.0,83.0,82.0,85.0,81.0,84.0,81.0,84.0,81,80,80,80,81,79.0,78,78,78,78,1,81.2,79.8,81.4,81.4,79.66666666666667,0.0,1.0,0.0,0.0,0.0,1.0,0.0,0.0,0.0,0.0,0.0,1.0,0.0,0.0,0.0,0.0,66.82
UICS25-294,Urdaneta I Central School,12,84.0,84.0,86.0,84.0,86.0,85.0,86.0,87.0,84.0,82.0,83.0,84.0,84.0,85,84,83,83,85,87.0,86,85,87,89,1,85.2,84.2,84.6,85.8,84.66666666666667,0.0,1.0,0.0,0.0,0.0,0.0,0.0,0.0,0.0,0.0,1.0,1.0,0.0,0.0,0.0,0.0,66.82
UICS25-323,Urdaneta I Central School,12,82.0,83.0,82.0,84.0,85.0,84.0,83.0,85.0,90.0,90.0,90.0,82.0,90.0,91,89,89,89,88,87.0,86,86,88,89,1,87.0,86.4,86.0,87.2,86.33333333333333,1.0,0.0,0.0,0.0,0.0,1.0,0.0,0.0,0.0,0.0,0.0,1.0,0.0,0.0,0.0,0.0,66.82
UISC25-083,Urdaneta City SPED Center,12,92.0,91.0,92.0,93.0,90.0,92.0,90.0,92.0,89.0,88.0,89.0,89.0,89.0,93,92,92,91,89,92.0,93,90,92,91,1,91.2,91.2,90.6,90.8,90.66666666666667,1.0,0.0,0.0,0.0,0.0,0.0,0.0,0.0,0.0,0.0,1.0,1.0,0.0,0.0,0.0,0.0,72.08
UICS25-212,Urdaneta I Central School,11,80.0,80.0,84.0,83.0,83.0,86.0,85.0,85.0,84.91689751,86.0,87.0,87.0,86.0,84,84,84,84,84,85.0,85,87,86,85,1,83.383379502,84.2,85.4,84.6,85.66666666666667,0.0,1.0,0.0,0.0,0.0,1.0,0.0,0.0,0.0,0.0,0.0,0.0,0.0,1.0,0.0,0.0,66.82
UICS24-001,Urdaneta I Central School,12,93.0,90.0,90.0,91.0,94.0,90.0,90.0,94.0,89.0,88.0,89.0,88.0,89.0,86,86,86,85,85,89.0,86,86,87,87,0,90.2,88.0,88.2,89.2,86.66666666666667,0.0,1.0,0.0,0.0,0.0,1.0,0.0,0.0,0.0,0.0,0.0,0.0,0.0,1.0,0.0,0.0,74.03
LANES25-140,Lananpin Elementary School,12,85.0,83.0,85.0,86.0,87.0,86.0,89.0,87.0,89.0,88.0,89.0,88.0,88.0,90,90,89,90,88,88.0,86,87,88,88,1,87.8,86.6,87.8,87.4,88.66666666666667,1.0,0.0,0.0,0.0,0.0,1.0,0.0,0.0,0.0,0.0,0.0,1.0,0.0,0.0,0.0,0.0,62.7
LANES25-092,Lananpin Elementary School,11,92.0,90.0,91.0,92.0,90.0,90.0,90.0,91.0,93.0,92.0,92.0,92.0,91.0,94,91,89,89,93,92.0,89,86,89,89,1,92.2,90.4,89.6,91.2,90.0,1.0,0.0,0.0,0.0,0.0,0.0,0.0,0.0,0.0,0.0,1.0,1.0,0.0,0.0,0.0,0.0,62.7
NAN24-016,Nancayasan Elementary School,12,85.0,83.0,83.0,84.0,83.0,84.0,85.0,85.0,84.0,84.0,83.0,83.0,83.0,83,82,81,82,82,80.0,80,82,82,83,0,83.0,82.6,82.8,83.4,82.33333333333333,0.0,1.0,0.0,0.0,0.0,0.0,0.0,0.0,0.0,0.0,1.0,1.0,0.0,0.0,0.0,0.0,65.57
UISC25-111,Urdaneta City SPED Center,12,91.0,88.0,88.0,91.0,91.0,90.0,90.0,91.0,91.0,91.0,91.0,91.0,91.0,91,91,92,88,88,92.0,88,91,90,90,1,91.2,89.6,90.4,90.2,89.66666666666667,0.0,1.0,0.0,0.0,0.0,0.0,0.0,0.0,0.0,0.0,1.0,0.0,0.0,0.0,0.0,1.0,72.08
LANES25-096,Lananpin Elementary School,11,91.0,88.0,87.0,89.0,84.0,83.0,83.0,85.0,84.0,81.0,83.0,84.0,84.0,84,83,82,83,83,80.0,79,79,79,82,1,84.6,82.8,82.8,84.6,82.0,0.0,1.0,0.0,0.0,0.0,1.0,0.0,0.0,0.0,0.0,0.0,0.0,0.0,1.0,0.0,0.0,62.7
UICS25-057,Urdaneta I Central School,12,86.0,85.0,82.0,84.0,90.0,89.0,88.0,90.0,90.0,90.0,89.0,89.0,90.0,91,92,92,91,92,90.0,90,86,90,90,1,89.4,89.2,87.4,89.2,90.0,0.0,1.0,0.0,0.0,0.0,0.0,0.0,0.0,0.0,0.0,1.0,1.0,0.0,0.0,0.0,0.0,66.82
LANES24-019,Lananpin Elementary School,11,83.0,84.0,88.0,88.0,87.0,87.0,84.0,86.0,83.0,83.0,82.0,83.0,82.0,85,84,84,84,84,86.0,86,85,85,85,0,84.8,84.8,84.6,85.0,84.0,0.0,1.0,0.0,0.0,0.0,1.0,0.0,0.0,0.0,0.0,0.0,1.0,0.0,0.0,0.0,0.0,78.31
UICS24-038,Urdaneta I Central School,12,81.0,81.0,83.0,82.0,81.0,81.0,83.0,82.0,81.0,81.0,83.0,81.0,82.0,79,78,78,80,80,87.0,87,86,86,86,0,81.8,81.6,82.6,82.4,82.33333333333333,1.0,0.0,0.0,0.0,0.0,1.0,0.0,0.0,0.0,0.0,0.0,1.0,0.0,0.0,0.0,0.0,74.03
LANES24-017,Lananpin Elementary School,11,83.0,84.0,82.0,84.0,86.0,85.0,84.0,83.0,86.0,82.0,82.0,82.0,81.0,86,85,84,84,84,86.0,86,85,86,86,0,85.4,84.4,83.4,83.6,84.0,0.0,1.0,0.0,0.0,0.0,1.0,0.0,0.0,0.0,0.0,0.0,1.0,0.0,0.0,0.0,0.0,78.31
UICS25-253,Urdaneta I Central School,11,87.0,88.0,87.0,86.0,88.0,88.0,89.0,89.0,87.0,87.0,87.0,87.0,87.0,83,82,83,83,82,82.0,81,81,81,81,1,85.4,85.2,85.4,85.0,83.66666666666667,1.0,0.0,0.0,0.0,0.0,0.0,0.0,0.0,0.0,0.0,1.0,1.0,0.0,0.0,0.0,0.0,66.82
DAFSIS25-015,Don Alipio Fernandez Sr. Integrated School,11,85.0,84.0,85.0,84.0,88.0,86.0,86.0,85.0,90.0,89.0,89.0,89.0,89.0,86,85,86,86,86,92.0,92,86,91,93,1,88.2,87.2,86.4,87.4,88.66666666666667,1.0,0.0,0.0,0.0,0.0,1.0,0.0,0.0,0.0,0.0,0.0,1.0,0.0,0.0,0.0,0.0,73.08
UICS25-078,Urdaneta I Central School,11,91.0,88.0,88.0,93.0,92.0,90.0,90.0,91.0,93.0,93.0,92.0,93.0,93.0,95,94,88,90,92,91.0,92,91,91,90,1,92.4,91.4,89.8,91.8,91.33333333333333,0.0,1.0,0.0,0.0,0.0,0.0,0.0,0.0,0.0,0.0,1.0,1.0,0.0,0.0,0.0,0.0,66.82
DAFSIS25-020,Don Alipio Fernandez Sr. Integrated School,11,91.0,91.0,90.0,89.0,89.0,89.0,89.0,89.0,91.0,91.0,90.0,90.0,90.0,94,95,94,94,94,98.0,97,94,96,96,1,92.6,92.6,91.4,91.6,93.33333333333333,1.0,0.0,0.0,0.0,0.0,1.0,0.0,0.0,0.0,0.0,0.0,1.0,0.0,0.0,0.0,0.0,73.08
UICS25-198,Urdaneta I Central School,11,89.0,86.0,83.0,88.0,88.0,80.0,88.0,89.0,86.0,87.0,87.0,86.0,87.0,88,88,87,79,85,86.0,85,86,86,85,1,87.4,85.2,86.2,86.8,83.66666666666667,1.0,0.0,0.0,0.0,0.0,0.0,0.0,0.0,0.0,0.0,1.0,1.0,0.0,0.0,0.0,0.0,66.82
LANES25-067,Lananpin Elementary School,11,87.0,85.0,84.0,85.0,88.0,87.0,88.0,89.0,87.0,86.0,87.0,86.0,87.0,84,83,82,84,84,88.0,87,85,86,87,1,86.8,85.6,85.2,86.4,85.33333333333333,1.0,0.0,0.0,0.0,0.0,0.0,0.0,0.0,0.0,0.0,1.0,1.0,0.0,0.0,0.0,0.0,62.7
DAFSIS24-008,Don Alipio Fernandez Sr. Integrated School,11,87.0,87.0,85.0,85.0,85.0,84.0,83.0,84.0,86.0,85.0,86.0,85.0,84.0,84,83,84,83,84,85.0,85,82,84,83,0,85.4,84.8,84.0,84.0,84.0,1.0,0.0,0.0,0.0,0.0,1.0,0.0,0.0,0.0,0.0,0.0,1.0,0.0,0.0,0.0,0.0,74.93
DCBMES25-012,Don Clemente Blanco Memorial Elementary School,12,85.0,84.0,82.0,82.0,75.0,75.0,75.0,75.0,77.0,76.0,78.0,77.0,77.0,83,84,83,84,88,90.0,89,88,88,86,1,82.0,81.6,81.2,81.6,83.0,1.0,0.0,0.0,0.0,0.0,1.0,0.0,0.0,0.0,0.0,0.0,1.0,0.0,0.0,0.0,0.0,33.59
DAFSIS24-005,Don Alipio Fernandez Sr. Integrated School,11,89.0,88.0,89.0,89.0,85.0,85.0,86.0,84.0,88.0,89.0,88.0,89.0,88.0,85,86,86,84,84,89.0,92,87,85,90,0,87.2,88.0,87.2,87.0,86.0,0.0,1.0,0.0,0.0,0.0,1.0,0.0,0.0,0.0,0.0,0.0,1.0,0.0,0.0,0.0,0.0,74.93
NAN25-007,Nancayasan Elementary School,11,92.0,93.0,91.0,91.0,95.0,94.0,96.0,94.0,95.0,95.0,96.0,95.0,95.0,92,92,92,92,91,94.0,95,95,93,92,1,93.6,93.8,94.0,92.6,93.33333333333333,1.0,0.0,0.0,0.0,0.0,1.0,0.0,0.0,0.0,0.0,0.0,0.0,1.0,0.0,0.0,0.0,58.64
UICS25-162,Urdaneta I Central School,12,75.0,75.0,76.0,76.0,77.0,76.0,75.0,76.0,82.0,81.0,82.0,82.0,82.0,83,81,81,81,82,75.0,75,76,76,76,1,78.4,77.6,78.0,78.4,79.66666666666667,0.0,1.0,0.0,0.0,0.0,0.0,0.0,0.0,0.0,0.0,1.0,1.0,0.0,0.0,0.0,0.0,66.82
UISC24-010,Urdaneta City SPED Center,11,92.0,89.0,91.0,91.0,91.0,90.0,90.0,91.0,92.0,92.0,92.0,92.0,92.0,94,93,92,93,89,90.0,90,90,92,91,0,91.8,90.8,91.0,90.8,92.33333333333333,1.0,0.0,0.0,0.0,0.0,1.0,0.0,0.0,0.0,0.0,0.0,1.0,0.0,0.0,0.0,0.0,76.93
UICS25-044,Urdaneta I Central School,11,82.0,82.0,84.0,84.0,83.0,83.0,83.0,84.0,84.0,82.0,82.0,83.0,83.0,84,85,86,85,83,84.0,85,86,85,85,1,83.4,83.4,84.2,83.8,84.33333333333333,0.0,1.0,0.0,0.0,0.0,0.0,0.0,0.0,0.0,0.0,1.0,1.0,0.0,0.0,0.0,0.0,66.82
UISC25-093,Urdaneta City SPED Center,11,96.0,94.0,95.0,93.0,97.0,95.0,95.0,96.0,90.0,90.0,90.0,88.0,88.0,91,91,91,91,91,89.0,89,87,88,89,1,92.6,91.8,91.6,91.4,89.0,0.0,1.0,0.0,0.0,0.0,0.0,0.0,0.0,0.0,0.0,1.0,0.0,0.0,1.0,0.0,0.0,72.08
UICS25-052,Urdaneta I Central School,11,90.0,85.0,85.0,88.0,89.0,88.0,88.0,89.0,90.0,89.0,90.0,90.0,89.0,89,88,87,88,86,91.0,92,91,91,92,1,89.8,88.4,88.2,88.8,89.66666666666667,1.0,0.0,0.0,0.0,0.0,0.0,0.0,0.0,0.0,0.0,1.0,0.0,0.0,1.0,0.0,0.0,66.82
UICS25-060,Urdaneta I Central School,11,80.0,79.0,79.0,79.0,88.0,87.0,87.0,88.0,87.0,87.0,86.0,86.0,87.0,85,86,85,84,84,79.0,77,77,77,77,1,83.8,83.2,82.8,83.0,82.33333333333333,0.0,1.0,0.0,0.0,0.0,0.0,0.0,0.0,0.0,0.0,1.0,1.0,0.0,0.0,0.0,0.0,66.82
UISC25-116,Urdaneta City SPED Center,11,86.0,90.0,92.0,89.0,93.0,92.0,93.0,92.0,92.0,91.0,92.0,92.0,92.0,88,91,92,88,89,90.0,90,89,90,91,1,89.8,90.8,91.6,90.6,90.0,0.0,1.0,0.0,0.0,0.0,0.0,0.0,0.0,0.0,0.0,1.0,0.0,0.0,1.0,0.0,0.0,72.08
UICS24-067,Urdaneta I Central School,12,85.0,83.0,85.0,84.0,86.0,87.0,86.0,86.0,85.0,85.0,85.0,84.0,85.0,86,85,86,84,86,85.0,85,84,84,84,0,85.4,85.0,85.2,85.0,84.0,1.0,0.0,0.0,0.0,0.0,0.0,0.0,0.0,0.0,0.0,1.0,1.0,0.0,0.0,0.0,0.0,74.03
NAN25-062,Nancayasan Elementary School,14,79.0,91.0,85.0,77.0,75.0,84.0,80.0,93.0,81.0,93.0,75.0,78.0,76.0,88,78,84,87,86,75.0,91,75,81,76,1,79.6,87.4,79.8,81.6,82.0,0.0,1.0,0.0,0.0,0.0,1.0,0.0,0.0,0.0,0.0,0.0,1.0,0.0,0.0,0.0,0.0,58.64
UICS25-030,Urdaneta I Central School,11,87.0,86.0,85.0,85.0,85.0,82.0,84.0,84.0,88.0,88.0,87.0,88.0,88.0,91,92,91,92,91,89.0,87,86,88,88,1,88.0,87.0,86.6,87.2,89.33333333333333,0.0,1.0,0.0,0.0,0.0,0.0,0.0,0.0,0.0,0.0,1.0,1.0,0.0,0.0,0.0,0.0,66.82
UICS24-036,Urdaneta I Central School,11,87.0,89.0,88.0,88.0,89.0,88.0,87.0,88.0,90.0,91.0,87.0,88.0,89.0,87,89,86,86,88,89.0,78,88,89,88,0,88.4,87.0,87.2,88.2,87.66666666666667,0.0,1.0,0.0,0.0,0.0,1.0,0.0,0.0,0.0,0.0,0.0,1.0,0.0,0.0,0.0,0.0,74.03
LANES25-029,Lananpin Elementary School,11,76.0,76.0,80.0,82.0,83.0,84.0,82.0,83.0,82.0,79.0,80.0,79.0,81.0,78,78,78,78,84,80.0,81,79,82,82,1,79.8,79.6,79.8,82.4,79.66666666666667,0.0,1.0,0.0,0.0,0.0,1.0,0.0,0.0,0.0,0.0,0.0,0.0,0.0,0.0,0.0,1.0,62.7
UISC25-050,Urdaneta City SPED Center,11,90.0,89.0,91.0,92.0,94.0,94.0,94.0,94.0,94.0,94.0,94.0,94.0,95.0,91,90,91,89,88,91.0,92,91,90,88,1,92.0,91.8,92.2,91.4,91.0,0.0,1.0,0.0,0.0,0.0,0.0,0.0,0.0,0.0,0.0,1.0,1.0,0.0,0.0,0.0,0.0,72.08
UICS25-283,Urdaneta I Central School,11,86.0,86.0,87.0,88.0,89.0,88.0,90.0,89.0,89.0,88.0,88.0,87.0,87.0,89,90,88,90,89,88.0,88,88,88,89,1,88.2,88.0,88.2,88.4,88.33333333333333,1.0,0.0,0.0,0.0,0.0,0.0,0.0,0.0,0.0,0.0,1.0,1.0,0.0,0.0,0.0,0.0,66.82
BES25-074,Badipa Elementary School,10,80.0,80.0,80.0,82.0,86.0,86.0,86.0,86.0,83.0,82.0,82.0,82.0,82.0,82,81,82,82,82,82.0,76,76,79,78,1,82.6,81.0,81.2,82.0,81.0,1.0,0.0,0.0,0.0,0.0,1.0,0.0,0.0,0.0,0.0,0.0,1.0,0.0,0.0,0.0,0.0,80.54
UICS25-352,Urdaneta I Central School,11,77.0,76.0,76.0,77.0,80.0,79.0,80.0,82.0,80.0,79.0,80.0,79.0,80.0,79,78,77,76,77,78.0,78,78,78,78,1,78.8,78.0,78.2,78.8,77.66666666666667,1.0,0.0,0.0,0.0,0.0,1.0,0.0,0.0,0.0,0.0,0.0,1.0,0.0,0.0,0.0,0.0,66.82
BES25-064,Badipa Elementary School,11,81.0,78.0,75.0,76.0,80.0,78.0,81.0,81.0,83.0,83.0,84.0,83.0,84.0,82,82,80,82,83,81.0,80,80,81,81,1,81.4,80.2,80.0,81.0,82.0,0.0,1.0,0.0,0.0,0.0,1.0,0.0,0.0,0.0,0.0,0.0,1.0,0.0,0.0,0.0,0.0,80.54
LANES24-011,Lananpin Elementary School,11,90.0,90.0,91.0,92.0,95.0,94.0,94.0,95.0,93.0,93.0,92.0,92.0,93.0,93,92,92,92,93,95.0,93,94,94,93,0,93.2,92.4,92.6,93.2,92.66666666666667,1.0,0.0,0.0,0.0,0.0,1.0,0.0,0.0,0.0,0.0,0.0,1.0,0.0,0.0,0.0,0.0,78.31
UICS25-311,Urdaneta I Central School,11,86.0,86.0,87.0,85.0,87.0,86.0,86.0,87.0,87.0,86.0,85.0,86.0,87.0,86,86,85,85,86,85.0,84,83,85,84,1,86.2,85.6,85.2,85.8,85.33333333333333,0.0,1.0,0.0,0.0,0.0,0.0,0.0,0.0,0.0,0.0,1.0,1.0,0.0,0.0,0.0,0.0,66.82
BES25-050,Badipa Elementary School,12,79.0,77.0,78.0,81.0,84.0,83.0,83.0,83.0,79.0,79.0,79.0,79.0,79.0,87,86,86,86,86,89.0,86,89,89,86,1,83.6,82.2,83.0,83.0,84.66666666666667,1.0,0.0,0.0,0.0,0.0,1.0,0.0,0.0,0.0,0.0,0.0,1.0,0.0,0.0,0.0,0.0,80.54
UICS25-067,Urdaneta I Central School,11,81.0,81.0,81.0,82.0,83.0,83.0,83.0,84.0,84.0,83.0,83.0,82.0,83.0,84,83,83,83,84,87.0,86,85,85,85,1,83.8,83.2,83.0,83.6,83.33333333333333,1.0,0.0,0.0,0.0,0.0,0.0,0.0,0.0,0.0,0.0,1.0,1.0,0.0,0.0,0.0,0.0,66.82
LANES25-017,Lananpin Elementary School,11,82.0,81.0,83.0,83.0,82.0,82.0,82.0,82.0,86.0,85.0,85.0,85.0,86.0,82,81,80,82,82,86.0,85,86,85,87,1,83.6,82.8,83.2,84.0,84.0,0.0,1.0,0.0,0.0,0.0,1.0,0.0,0.0,0.0,0.0,0.0,1.0,0.0,0.0,0.0,0.0,62.7
UISC24-019,Urdaneta City SPED Center,11,92.0,90.0,88.0,92.0,92.0,91.0,91.0,92.0,92.0,91.0,92.0,92.0,94.0,96,94,95,95,95,94.0,94,94,92,94,0,93.2,92.0,92.0,93.4,93.0,1.0,0.0,0.0,0.0,0.0,1.0,0.0,0.0,0.0,0.0,0.0,1.0,0.0,0.0,0.0,0.0,76.93
UICS25-181,Urdaneta I Central School,11,82.0,76.0,77.0,80.0,82.0,82.0,82.0,85.0,82.0,82.0,82.0,82.0,82.0,86,86,85,85,86,81.0,81,82,81,83,1,82.6,81.4,81.6,83.2,82.66666666666667,1.0,0.0,0.0,0.0,0.0,1.0,0.0,0.0,0.0,0.0,0.0,0.0,0.0,0.0,0.0,1.0,66.82
BES25-137,Badipa Elementary School,12,86.0,83.0,84.0,86.0,78.0,78.0,78.0,78.0,76.0,76.0,76.0,76.0,81.0,79,80,80,80,79,80.0,79,79,79,80,1,79.8,79.2,79.4,80.8,78.33333333333333,0.0,1.0,0.0,0.0,0.0,1.0,0.0,0.0,0.0,0.0,0.0,1.0,0.0,0.0,0.0,0.0,80.54
UICS25-074,Urdaneta I Central School,11,78.0,78.0,78.0,79.0,78.0,78.0,78.0,80.0,83.0,82.0,82.0,83.0,83.0,82,81,80,81,81,87.0,87,87,87,87,1,81.6,81.2,81.0,82.0,83.66666666666667,0.0,1.0,0.0,0.0,0.0,0.0,0.0,0.0,0.0,0.0,1.0,0.0,0.0,1.0,0.0,0.0,66.82
UISC25-088,Urdaneta City SPED Center,11,88.0,90.0,87.0,93.0,93.0,92.0,92.0,93.0,92.0,92.0,94.0,91.0,91.0,93,91,93,90,90,90.0,92,89,92,90,1,91.2,91.4,91.0,91.4,91.0,0.0,1.0,0.0,0.0,0.0,0.0,0.0,0.0,0.0,0.0,1.0,1.0,0.0,0.0,0.0,0.0,72.08
LANES25-070,Lananpin Elementary School,12,76.0,75.0,78.0,76.0,80.0,79.0,79.0,80.0,81.0,81.0,80.0,80.0,81.0,76,76,78,77,79,76.0,76,76,76,76,1,77.8,77.4,78.2,78.4,77.66666666666667,0.0,1.0,0.0,0.0,0.0,1.0,0.0,0.0,0.0,0.0,0.0,1.0,0.0,0.0,0.0,0.0,62.7
DAFSIS25-027,Don Alipio Fernandez Sr. Integrated School,12,86.0,87.0,85.0,85.0,85.0,83.0,83.0,85.0,85.0,83.0,84.0,85.0,85.0,83,82,82,83,83,81.0,84,90,84,83,1,84.0,83.8,84.8,84.2,84.0,1.0,0.0,0.0,0.0,0.0,1.0,0.0,0.0,0.0,0.0,0.0,1.0,0.0,0.0,0.0,0.0,73.08
NAN25-036,Nancayasan Elementary School,10,85.0,85.0,84.0,86.0,89.0,88.0,84.0,89.0,84.0,82.0,82.0,84.0,84.0,84,84,84,85,84,85.0,87,87,88,86,1,85.4,85.2,84.2,85.8,85.66666666666667,0.0,1.0,0.0,0.0,0.0,1.0,0.0,0.0,0.0,0.0,0.0,1.0,0.0,0.0,0.0,0.0,58.64
UISC25-019,Urdaneta City SPED Center,11,86.0,86.0,86.0,86.0,83.0,83.0,82.0,82.0,86.0,86.0,83.0,83.0,84.0,91,90,89,86,88,91.0,91,90,90,90,1,87.4,87.2,86.0,86.0,86.33333333333333,1.0,0.0,0.0,0.0,0.0,0.0,0.0,0.0,0.0,0.0,1.0,1.0,0.0,0.0,0.0,0.0,72.08
LANES24-002,Lananpin Elementary School,11,82.0,81.0,82.0,82.0,83.0,83.0,83.0,82.0,83.0,81.0,82.0,82.0,82.0,83,82,82,82,82,78.0,77,77,76,79,0,81.8,80.8,81.2,81.4,80.0,1.0,0.0,0.0,0.0,0.0,1.0,0.0,0.0,0.0,0.0,0.0,1.0,0.0,0.0,0.0,0.0,78.31
BES25-014,Badipa Elementary School,11,91.0,91.0,90.0,90.0,88.0,88.0,88.0,88.0,87.0,87.0,87.0,86.0,86.0,87,88,87,88,88,88.0,84,86,86,86,1,88.2,87.6,87.6,87.6,86.66666666666667,1.0,0.0,0.0,0.0,0.0,1.0,0.0,0.0,0.0,0.0,0.0,1.0,0.0,0.0,0.0,0.0,80.54
UISC25-026,Urdaneta City SPED Center,11,89.0,91.0,93.0,95.0,93.0,92.0,92.0,93.0,91.0,90.0,90.0,90.0,91.0,93,93,94,93,93,90.0,92,93,93,93,1,91.2,91.6,92.4,93.0,92.0,1.0,0.0,0.0,0.0,0.0,0.0,0.0,0.0,0.0,0.0,1.0,1.0,0.0,0.0,0.0,0.0,72.08
LANES25-118,Lananpin Elementary School,11,92.0,90.0,93.0,95.0,95.0,95.0,91.0,94.0,90.0,90.0,90.0,90.0,90.0,92,91,89,91,90,91.0,91,92,91,92,1,92.0,91.4,91.0,92.2,90.66666666666667,0.0,1.0,0.0,0.0,0.0,1.0,0.0,0.0,0.0,0.0,0.0,1.0,0.0,0.0,0.0,0.0,62.7
LANES25-151,Lananpin Elementary School,12,81.0,79.0,81.0,81.0,79.0,79.0,79.0,79.0,81.0,80.0,81.0,80.0,81.0,83,82,84,77,82,85.0,83,85,82,83,1,81.8,80.6,82.0,81.2,79.66666666666667,0.0,1.0,0.0,0.0,0.0,1.0,0.0,0.0,0.0,0.0,0.0,1.0,0.0,0.0,0.0,0.0,62.7
UICS25-172,Urdaneta I Central School,12,81.0,81.0,81.0,82.0,83.0,83.0,82.0,83.0,86.0,86.0,86.0,84.0,86.0,86,85,85,85,87,86.0,86,86,87,84,1,84.4,84.2,84.0,84.4,85.33333333333333,1.0,0.0,0.0,0.0,0.0,0.0,0.0,0.0,0.0,0.0,1.0,1.0,0.0,0.0,0.0,0.0,66.82
UICS25-312,Urdaneta I Central School,11,89.0,86.0,88.0,89.0,83.0,83.0,83.0,83.0,84.0,83.0,83.0,83.0,84.0,83,83,82,83,83,84.0,82,81,81,83,1,84.6,83.4,83.4,84.4,82.33333333333333,0.0,1.0,0.0,0.0,0.0,0.0,0.0,0.0,0.0,0.0,1.0,1.0,0.0,0.0,0.0,0.0,66.82
LANES25-010,Lananpin Elementary School,13,90.0,90.0,91.0,90.0,82.0,80.0,81.0,82.0,84.0,83.0,81.0,81.0,83.0,84,83,83,83,84,83.0,82,83,82,84,1,84.6,83.6,83.8,84.6,82.0,0.0,1.0,0.0,0.0,0.0,1.0,0.0,0.0,0.0,0.0,0.0,1.0,0.0,0.0,0.0,0.0,62.7
UISC25-011,Urdaneta City SPED Center,11,83.0,81.0,83.0,84.0,87.0,86.0,87.0,87.0,87.0,86.0,86.0,86.0,86.0,88,88,88,88,87,89.0,90,90,89,91,1,86.8,86.2,86.8,87.0,87.66666666666667,0.0,1.0,0.0,0.0,0.0,1.0,0.0,0.0,0.0,0.0,0.0,1.0,0.0,0.0,0.0,0.0,72.08
BES25-169,Badipa Elementary School,11,92.0,96.0,95.0,94.0,91.0,91.0,91.0,91.0,84.0,83.0,83.0,83.0,83.0,91,92,91,91,91,92.0,94,92,93,90,1,90.0,91.2,90.4,89.8,89.0,1.0,0.0,0.0,0.0,0.0,1.0,0.0,0.0,0.0,0.0,0.0,1.0,0.0,0.0,0.0,0.0,80.54
DCBMES25-003,Don Clemente Blanco Memorial Elementary School,11,82.0,81.0,80.0,79.0,78.0,76.0,77.0,79.0,80.0,81.0,82.0,80.0,80.0,86,82,82,84,84,87.0,85,86,86,85,1,82.6,81.0,81.4,81.4,83.33333333333333,0.0,1.0,0.0,0.0,0.0,1.0,0.0,0.0,0.0,0.0,0.0,1.0,0.0,0.0,0.0,0.0,33.59
UISC24-005,Urdaneta City SPED Center,12,91.0,89.0,89.0,91.0,90.0,91.0,89.0,90.0,91.0,92.0,91.0,91.0,91.0,90,93,91,92,94,90.0,90,90,89,89,0,90.4,91.0,90.0,91.0,90.66666666666667,0.0,1.0,0.0,0.0,0.0,1.0,0.0,0.0,0.0,0.0,0.0,1.0,0.0,0.0,0.0,0.0,76.93
UISC25-060,Urdaneta City SPED Center,12,91.0,92.0,89.0,95.0,95.0,94.0,94.0,95.0,94.0,93.0,94.0,93.0,95.0,93,95,90,92,93,93.0,94,93,93,91,1,93.2,93.6,92.0,93.8,92.66666666666667,1.0,0.0,0.0,0.0,0.0,0.0,0.0,0.0,0.0,0.0,1.0,1.0,0.0,0.0,0.0,0.0,72.08
UICS25-090,Urdaneta I Central School,11,82.0,84.0,81.0,82.0,86.0,86.0,84.0,84.0,80.0,80.0,79.0,79.0,81.0,90,90,91,91,90,89.0,88,86,87,90,1,85.4,85.6,84.2,85.4,85.66666666666667,1.0,0.0,0.0,0.0,0.0,0.0,0.0,0.0,0.0,0.0,1.0,1.0,0.0,0.0,0.0,0.0,66.82
BES25-024,Badipa Elementary School,12,83.0,83.0,83.0,84.0,77.0,76.0,75.0,77.0,81.0,77.0,76.0,78.0,78.0,87,86,88,83,86,88.0,88,87,89,87,1,83.2,82.0,81.8,82.4,83.33333333333333,1.0,0.0,0.0,0.0,0.0,1.0,0.0,0.0,0.0,0.0,0.0,1.0,0.0,0.0,0.0,0.0,80.54
UICS25-314,Urdaneta I Central School,11,83.0,82.0,82.0,83.0,88.0,87.0,88.0,89.0,87.0,86.0,87.0,87.0,88.0,84,83,82,88,85,85.0,85,84,84,84,1,85.4,84.6,84.6,85.8,86.33333333333333,1.0,0.0,0.0,0.0,0.0,0.0,0.0,0.0,0.0,0.0,1.0,1.0,0.0,0.0,0.0,0.0,66.82
UISC25-108,Urdaneta City SPED Center,11,88.0,87.0,86.0,85.0,88.0,87.0,88.0,87.0,88.0,87.0,87.0,88.0,87.0,90,89,89,87,89,90.0,91,91,90,90,1,88.8,88.2,88.2,87.6,88.33333333333333,1.0,0.0,0.0,0.0,0.0,1.0,0.0,0.0,0.0,0.0,0.0,1.0,0.0,0.0,0.0,0.0,72.08
UICS24-050,Urdaneta I Central School,14,87.0,85.0,87.0,87.0,86.0,85.0,86.0,86.0,84.0,84.0,83.0,83.0,82.0,84,84,84,85,85,86.0,84,84,86,87,0,85.4,84.4,84.8,85.4,84.66666666666667,1.0,0.0,0.0,0.0,0.0,1.0,0.0,0.0,0.0,0.0,0.0,1.0,0.0,0.0,0.0,0.0,74.03
UICS25-132,Urdaneta I Central School,11,85.0,84.0,85.0,85.0,88.0,86.0,87.0,88.0,88.0,86.0,86.0,87.0,88.0,84,84,85,83,84,88.0,87,86,88,88,1,86.6,85.4,85.8,86.6,86.0,0.0,1.0,0.0,0.0,0.0,0.0,0.0,0.0,0.0,0.0,1.0,1.0,0.0,0.0,0.0,0.0,66.82
UICS25-115,Urdaneta I Central School,11,92.0,94.0,93.0,92.0,89.0,87.0,87.0,89.0,86.0,85.0,85.0,85.0,86.0,86,85,86,84,83,83.0,82,81,82,80,1,87.2,86.6,86.4,86.0,83.66666666666667,1.0,0.0,0.0,0.0,0.0,0.0,0.0,0.0,0.0,0.0,1.0,1.0,0.0,0.0,0.0,0.0,66.82
BES25-042,Badipa Elementary School,11,76.0,75.0,75.0,77.0,79.0,82.0,82.0,80.0,86.0,85.0,86.0,86.0,88.0,86,85,83,85,85,88.0,84,87,87,86,1,83.0,82.2,82.6,83.2,86.0,1.0,0.0,0.0,0.0,0.0,1.0,0.0,0.0,0.0,0.0,0.0,1.0,0.0,0.0,0.0,0.0,80.54
LANES25-046,Lananpin Elementary School,12,85.0,84.0,86.0,85.0,89.0,88.0,88.0,88.0,88.0,88.0,88.0,88.0,88.0,89,86,91,88,89,88.0,89,89,88,90,1,87.8,87.0,88.4,88.0,88.0,0.0,1.0,0.0,0.0,0.0,1.0,0.0,0.0,0.0,0.0,0.0,0.0,0.0,1.0,0.0,0.0,62.7
UICS25-302,Urdaneta I Central School,12,86.0,78.0,82.0,80.0,86.0,85.0,84.0,84.0,84.0,84.0,82.0,82.0,83.0,86,86,87,86,87,86.0,86,86,86,86,1,85.6,83.8,84.2,84.0,84.66666666666667,1.0,0.0,0.0,0.0,0.0,0.0,0.0,0.0,0.0,0.0,1.0,1.0,0.0,0.0,0.0,0.0,66.82
UISC25-100,Urdaneta City SPED Center,12,95.0,95.0,94.0,93.0,89.0,89.0,90.0,90.0,89.0,89.0,87.0,87.0,88.0,89,91,89,90,89,89.0,89,86,90,91,1,90.2,90.6,89.2,90.2,89.0,1.0,0.0,0.0,0.0,0.0,0.0,0.0,0.0,0.0,0.0,1.0,1.0,0.0,0.0,0.0,0.0,72.08
UICS25-173,Urdaneta I Central School,12,75.0,75.0,75.0,75.0,76.0,76.0,75.0,76.0,77.0,77.0,77.0,78.0,79.0,80,79,79,78,77,80.0,80,80,79,81,1,77.6,77.4,77.2,77.6,78.33333333333333,0.0,1.0,0.0,0.0,0.0,1.0,0.0,0.0,0.0,0.0,0.0,1.0,0.0,0.0,0.0,0.0,66.82
UISC25-064,Urdaneta City SPED Center,12,88.0,89.0,88.0,91.0,95.0,94.0,94.0,95.0,93.0,93.0,94.0,94.0,95.0,91,91,89,88,89,91.0,91,90,88,88,1,91.6,91.6,91.0,91.6,90.0,1.0,0.0,0.0,0.0,0.0,0.0,0.0,0.0,0.0,0.0,1.0,1.0,0.0,0.0,0.0,0.0,72.08
UICS25-023,Urdaneta I Central School,11,90.0,89.0,91.0,89.0,89.0,89.0,90.0,88.0,86.0,85.0,85.0,85.0,86.0,87,87,88,86,86,86.0,89,90,89,90,1,87.6,87.8,88.8,87.8,86.66666666666667,1.0,0.0,0.0,0.0,0.0,1.0,0.0,0.0,0.0,0.0,0.0,1.0,0.0,0.0,0.0,0.0,66.82
BES25-075,Badipa Elementary School,11,75.0,75.0,75.0,75.0,75.0,76.0,75.0,77.0,77.0,76.0,76.0,77.0,78.0,75,75,75,75,75,79.0,79,79,79,79,1,76.2,76.2,76.0,76.8,77.0,1.0,0.0,0.0,0.0,0.0,1.0,0.0,0.0,0.0,0.0,0.0,1.0,0.0,0.0,0.0,0.0,80.54
UICS24-012,Urdaneta I Central School,11,86.0,84.0,85.0,84.0,87.0,86.0,86.0,87.0,86.0,84.0,84.0,85.0,85.0,86,86,84,84,85,91.0,90,89,90,90,0,87.2,86.0,85.6,86.2,86.33333333333333,0.0,1.0,0.0,0.0,0.0,1.0,0.0,0.0,0.0,0.0,0.0,0.0,0.0,1.0,0.0,0.0,74.03
UICS24-069,Urdaneta I Central School,12,78.0,77.0,78.0,77.0,77.0,77.0,77.0,79.0,78.0,77.0,77.0,77.0,77.0,78,77,76,78,78,80.0,80,79,80,81,0,78.2,77.6,77.4,78.4,78.33333333333333,0.0,1.0,0.0,0.0,0.0,0.0,0.0,0.0,0.0,1.0,0.0,1.0,0.0,0.0,0.0,0.0,74.03
LANES25-141,Lananpin Elementary School,11,87.0,85.0,87.0,87.0,87.0,87.0,87.0,87.0,90.0,90.0,90.0,90.0,90.0,88,89,87,88,88,87.0,80,88,87,87,1,87.8,86.2,87.8,87.8,88.33333333333333,1.0,0.0,0.0,0.0,0.0,1.0,0.0,0.0,0.0,0.0,0.0,1.0,0.0,0.0,0.0,0.0,62.7
UICS25-050,Urdaneta I Central School,11,90.0,94.0,90.0,90.0,89.0,88.0,87.0,87.0,85.0,86.0,85.0,84.0,84.0,90,90,90,90,90,88.0,88,88,88,87,1,88.4,89.2,88.0,87.6,87.33333333333333,0.0,1.0,0.0,0.0,0.0,0.0,0.0,1.0,0.0,0.0,0.0,1.0,0.0,0.0,0.0,0.0,66.82
BES25-210,Badipa Elementary School,11,90.0,89.0,88.0,90.0,86.0,87.0,87.0,87.0,87.0,86.0,86.0,86.0,87.0,83,83,83,83,83,86.0,84,84,84,84,1,86.4,85.8,85.6,86.2,84.33333333333333,0.0,1.0,0.0,0.0,0.0,1.0,0.0,0.0,0.0,0.0,0.0,1.0,0.0,0.0,0.0,0.0,80.54
UICS25-013,Urdaneta I Central School,11,90.0,91.0,90.0,89.0,90.0,89.0,89.0,88.0,87.0,87.0,88.0,88.0,88.0,91,92,91,93,91,91.0,89,89,89,89,1,89.8,89.6,89.4,89.0,90.0,1.0,0.0,0.0,0.0,0.0,0.0,0.0,0.0,0.0,0.0,1.0,1.0,0.0,0.0,0.0,0.0,66.82
NAN25-029,Nancayasan Elementary School,11,85.0,85.0,85.0,87.0,86.0,86.0,86.0,86.0,90.0,88.0,88.0,89.0,89.0,89,89,89,90,89,92.0,92,92,93,92,1,88.4,88.0,88.0,88.6,90.66666666666667,0.0,1.0,0.0,0.0,0.0,1.0,0.0,0.0,0.0,0.0,0.0,1.0,0.0,0.0,0.0,0.0,58.64
UISC25-017,Urdaneta City SPED Center,11,92.0,90.0,91.0,92.0,92.0,90.0,91.0,91.0,93.0,92.0,92.0,93.0,93.0,95,95,94,93,94,94.0,94,93,93,93,1,93.2,92.2,92.2,92.6,93.0,1.0,0.0,0.0,0.0,0.0,0.0,0.0,0.0,0.0,0.0,1.0,1.0,0.0,0.0,0.0,0.0,72.08
NAN25-009,Nancayasan Elementary School,11,89.0,84.0,86.0,87.0,90.0,90.0,92.0,92.0,90.0,91.0,90.0,91.0,91.0,92,92,91,92,92,94.0,95,94,93,92,1,91.0,90.4,90.6,90.8,92.0,1.0,0.0,0.0,0.0,0.0,1.0,0.0,0.0,0.0,0.0,0.0,1.0,0.0,0.0,0.0,0.0,58.64
LANES25-025,Lananpin Elementary School,12,87.0,88.0,86.0,88.0,87.0,86.0,87.0,87.0,90.0,90.0,90.0,90.0,90.0,93,89,91,91,91,90.0,90,90,90,90,1,89.4,88.6,88.8,89.2,90.33333333333333,0.0,1.0,0.0,0.0,0.0,1.0,0.0,0.0,0.0,0.0,0.0,1.0,0.0,0.0,0.0,0.0,62.7
UICS25-369,Urdaneta I Central School,11,78.0,76.0,78.0,78.0,75.0,75.0,75.0,75.0,78.0,78.0,78.0,78.0,78.0,80,78,78,79,80,78.0,78,78,78,79,1,77.8,77.0,77.4,78.0,78.33333333333333,1.0,0.0,0.0,0.0,0.0,1.0,0.0,0.0,0.0,0.0,0.0,1.0,0.0,0.0,0.0,0.0,66.82
UICS25-367,Urdaneta I Central School,11,77.0,77.0,77.0,78.0,78.0,78.0,78.0,79.0,79.0,79.0,79.0,78.0,79.0,78,77,77,77,79,76.0,76,76,76,78,1,77.6,77.4,77.4,78.6,77.0,0.0,1.0,0.0,0.0,0.0,0.0,0.0,0.0,0.0,0.0,1.0,1.0,0.0,0.0,0.0,0.0,66.82
LANES25-101,Lananpin Elementary School,12,87.0,85.0,87.0,87.0,87.0,86.0,85.0,85.0,87.0,86.0,86.0,87.0,87.0,88,87,89,87,86,86.0,87,87,88,88,1,87.0,86.2,86.8,86.6,87.33333333333333,1.0,0.0,0.0,0.0,0.0,1.0,0.0,0.0,0.0,0.0,0.0,0.0,0.0,0.0,0.0,1.0,62.7
BES25-088,Badipa Elementary School,14,76.0,75.0,75.0,75.0,77.0,77.0,78.0,77.0,79.0,78.0,78.0,78.0,79.0,76,75,76,76,78,75.0,75,75,75,76,1,76.6,76.0,76.4,77.0,76.33333333333333,0.0,1.0,0.0,0.0,0.0,1.0,0.0,0.0,0.0,0.0,0.0,1.0,0.0,0.0,0.0,0.0,80.54
UICS25-140,Urdaneta I Central School,11,78.0,85.0,79.0,87.0,87.0,84.0,86.0,87.0,83.0,86.0,87.0,85.0,86.0,82,78,76,78,83,77.0,77,76,76,77,1,81.4,82.0,80.8,84.0,79.66666666666667,0.0,1.0,0.0,0.0,0.0,1.0,0.0,0.0,0.0,0.0,0.0,1.0,0.0,0.0,0.0,0.0,66.82
LANES25-089,Lananpin Elementary School,11,79.0,79.0,77.0,78.0,82.0,81.0,81.0,82.0,82.0,82.0,80.0,82.0,83.0,80,80,80,80,81,78.0,75,79,77,80,1,80.2,79.4,79.4,80.8,79.66666666666667,0.0,1.0,0.0,0.0,0.0,1.0,0.0,0.0,0.0,0.0,0.0,1.0,0.0,0.0,0.0,0.0,62.7
BES25-115,Badipa Elementary School,11,76.0,76.0,76.0,78.0,84.0,84.0,85.0,84.0,82.0,81.0,81.0,80.0,80.0,81,79,75,76,79,80.0,79,76,80,78,1,80.6,79.8,78.6,79.8,78.66666666666667,1.0,0.0,0.0,0.0,0.0,1.0,0.0,0.0,0.0,0.0,0.0,1.0,0.0,0.0,0.0,0.0,80.54
LANES25-056,Lananpin Elementary School,12,77.0,76.0,78.0,79.0,79.0,78.0,79.0,79.0,80.0,78.0,80.0,78.0,78.0,80,78,78,80,80,81.0,81,82,81,82,1,79.4,78.2,79.4,79.6,79.66666666666667,0.0,1.0,0.0,0.0,0.0,1.0,0.0,0.0,0.0,0.0,0.0,1.0,0.0,0.0,0.0,0.0,62.7
BES25-090,Badipa Elementary School,11,75.0,75.0,75.0,75.0,84.0,81.0,82.0,85.0,80.0,79.0,79.0,78.0,78.0,76,75,76,75,76,76.0,76,76,76,76,1,78.2,77.2,77.6,78.0,76.33333333333333,0.0,1.0,0.0,0.0,0.0,1.0,0.0,0.0,0.0,0.0,0.0,1.0,0.0,0.0,0.0,0.0,80.54
UICS25-065,Urdaneta I Central School,11,94.0,93.0,91.0,95.0,92.0,90.0,90.0,91.0,93.0,93.0,93.0,93.0,92.0,88,89,88,86,88,91.0,90,91,90,90,1,91.6,91.0,90.6,91.2,89.66666666666667,0.0,1.0,0.0,0.0,0.0,0.0,0.0,0.0,0.0,0.0,1.0,1.0,0.0,0.0,0.0,0.0,66.82
UISC25-016,Urdaneta City SPED Center,11,89.0,87.0,89.0,90.0,89.0,92.0,89.0,90.0,93.0,93.0,92.0,92.0,93.0,91,94,92,91,91,89.0,92,87,92,90,1,90.2,91.6,89.8,90.8,91.66666666666667,0.0,1.0,0.0,0.0,0.0,0.0,0.0,0.0,0.0,0.0,1.0,1.0,0.0,0.0,0.0,0.0,72.08
UICS24-019,Urdaneta I Central School,12,86.0,86.0,85.0,85.0,84.0,83.0,84.0,84.0,84.0,84.0,85.0,84.0,84.0,84,83,82,83,83,84.0,84,85,85,85,0,84.4,84.0,84.2,84.2,84.0,0.0,1.0,0.0,0.0,0.0,1.0,0.0,0.0,0.0,0.0,0.0,1.0,0.0,0.0,0.0,0.0,74.03
BES24-025,Badipa Elementary School,11,80.0,79.0,80.0,80.0,82.0,80.0,80.0,82.0,82.0,80.0,81.0,80.0,82.0,82,84,84,81,83,86.0,82,84,84,85,0,82.4,81.0,81.8,82.4,81.66666666666667,1.0,0.0,0.0,0.0,0.0,1.0,0.0,0.0,0.0,0.0,0.0,1.0,0.0,0.0,0.0,0.0,75.7
UISC25-051,Urdaneta City SPED Center,11,88.0,89.0,87.0,92.0,94.0,95.0,94.0,93.0,94.0,95.0,94.0,95.0,95.0,91,88,89,88,90,91.0,91,90,90,88,1,91.6,91.6,90.8,91.6,91.0,0.0,1.0,0.0,0.0,0.0,0.0,0.0,0.0,0.0,0.0,1.0,1.0,0.0,0.0,0.0,0.0,72.08
LANES25-081,Lananpin Elementary School,11,82.0,84.0,82.0,85.0,91.0,90.0,90.0,90.0,90.0,90.0,90.0,90.0,90.0,88,86,87,87,87,86.0,85,84,85,86,1,87.4,87.0,86.6,87.6,87.33333333333333,1.0,0.0,0.0,0.0,0.0,1.0,0.0,0.0,0.0,0.0,0.0,1.0,0.0,0.0,0.0,0.0,62.7
NAN24-004,Nancayasan Elementary School,11,89.0,83.0,87.0,89.0,82.0,81.0,82.0,80.0,79.0,77.0,77.0,78.0,79.0,76,76,75,75,76,88.0,87,86,87,87,0,82.8,80.8,81.4,82.2,80.0,0.0,1.0,0.0,0.0,0.0,1.0,0.0,0.0,0.0,0.0,0.0,1.0,0.0,0.0,0.0,0.0,65.57
DCBMES25-017,Don Clemente Blanco Memorial Elementary School,11,85.0,82.0,82.0,82.0,84.0,83.0,82.0,84.0,84.0,82.0,82.0,83.0,83.0,88,87,83,87,86,87.0,86,87,87,86,1,85.6,84.0,83.2,84.2,85.66666666666667,1.0,0.0,0.0,0.0,0.0,1.0,0.0,0.0,0.0,0.0,0.0,1.0,0.0,0.0,0.0,0.0,33.59
UICS25-234,Urdaneta I Central School,11,87.0,88.0,87.0,87.0,87.0,86.0,86.0,86.0,84.91689751,86.0,86.0,85.0,85.0,86,85,85,84,86,84.0,86,89,88,87,1,85.783379502,86.2,86.6,86.2,85.66666666666667,1.0,0.0,0.0,0.0,0.0,0.0,0.0,0.0,0.0,0.0,1.0,1.0,0.0,0.0,0.0,0.0,66.82
BES25-079,Badipa Elementary School,11,81.0,80.0,78.0,80.0,79.0,79.0,81.0,79.0,77.0,77.0,77.0,77.0,77.0,82,82,82,82,83,78.0,78,78,78,78,1,79.4,79.2,79.2,79.4,79.0,1.0,0.0,0.0,0.0,0.0,1.0,0.0,0.0,0.0,0.0,0.0,1.0,0.0,0.0,0.0,0.0,80.54
UICS25-139,Urdaneta I Central School,12,78.0,78.0,78.0,78.0,79.0,78.0,78.0,79.0,79.0,77.0,76.0,77.0,78.0,81,80,79,79,79,80.0,79,79,79,80,1,79.4,78.4,78.0,78.8,78.33333333333333,0.0,1.0,0.0,0.0,0.0,0.0,0.0,0.0,0.0,0.0,1.0,0.0,0.0,0.0,1.0,0.0,66.82
UISC24-026,Urdaneta City SPED Center,11,87.0,91.0,87.0,87.0,88.0,85.0,89.0,87.0,88.0,86.0,87.0,89.0,93.0,95,94,93,91,91,92.0,93,93,91,91,0,90.0,89.8,89.8,89.8,90.33333333333333,0.0,1.0,0.0,0.0,0.0,0.0,0.0,0.0,0.0,0.0,1.0,0.0,0.0,1.0,0.0,0.0,76.93
UICS25-307,Urdaneta I Central School,11,90.0,90.0,90.0,90.0,90.0,89.0,89.0,89.0,87.0,87.0,88.0,86.0,87.0,85,83,83,83,84,84.0,85,83,84,83,1,87.2,86.8,86.6,86.6,84.33333333333333,1.0,0.0,0.0,0.0,0.0,1.0,0.0,0.0,0.0,0.0,0.0,1.0,0.0,0.0,0.0,0.0,66.82
UICS25-236,Urdaneta I Central School,11,86.0,85.0,85.0,84.0,84.0,87.0,86.0,86.0,84.91689751,87.0,85.0,85.0,85.0,85,86,86,85,85,85.0,87,87,86,85,1,84.983379502,86.4,85.8,85.0,85.33333333333333,1.0,0.0,0.0,0.0,0.0,1.0,0.0,0.0,0.0,0.0,0.0,1.0,0.0,0.0,0.0,0.0,66.82
UISC25-055,Urdaneta City SPED Center,11,89.0,90.0,88.0,91.0,92.0,93.0,93.0,93.0,92.0,93.0,93.0,93.0,94.0,92,94,88,92,90,92.0,94,93,92,92,1,91.4,92.8,91.0,92.0,92.33333333333333,1.0,0.0,0.0,0.0,0.0,0.0,0.0,0.0,0.0,0.0,1.0,0.0,0.0,1.0,0.0,0.0,72.08
NAN24-008,Nancayasan Elementary School,13,77.0,76.0,77.0,79.0,79.0,78.0,79.0,79.0,80.0,77.0,77.0,79.0,79.0,77,76,77,76,77,77.0,79,79,79,81,0,78.0,77.2,77.8,79.0,78.0,1.0,0.0,0.0,0.0,0.0,1.0,0.0,0.0,0.0,0.0,0.0,0.0,0.0,1.0,0.0,0.0,65.57
UISC25-056,Urdaneta City SPED Center,11,91.0,89.0,90.0,93.0,94.0,93.0,94.0,94.0,94.0,94.0,94.0,92.0,94.0,89,89,89,88,90,91.0,89,89,88,88,1,91.8,90.8,91.2,91.8,89.33333333333333,0.0,1.0,0.0,0.0,0.0,0.0,0.0,0.0,0.0,0.0,1.0,1.0,0.0,0.0,0.0,0.0,72.08
UISC25-040,Urdaneta City SPED Center,12,88.0,85.0,89.0,89.0,88.0,88.0,88.0,88.0,89.0,87.0,87.0,87.0,88.0,89,89,89,88,88,89.0,89,89,90,90,1,88.6,87.6,88.4,88.6,88.33333333333333,0.0,1.0,0.0,0.0,0.0,0.0,0.0,0.0,0.0,0.0,1.0,1.0,0.0,0.0,0.0,0.0,72.08
UISC25-042,Urdaneta City SPED Center,11,94.0,94.0,93.0,94.0,95.0,96.0,95.0,95.0,95.0,96.0,94.0,95.0,95.0,95,95,96,96,95,94.0,94,95,96,93,1,94.6,95.0,94.6,94.4,95.66666666666667,0.0,1.0,0.0,0.0,0.0,0.0,0.0,0.0,0.0,0.0,1.0,1.0,0.0,0.0,0.0,0.0,72.08
UICS25-099,Urdaneta I Central School,11,79.0,80.0,80.0,81.0,80.0,81.0,81.0,82.0,83.0,82.0,84.0,82.0,83.0,79,78,79,79,80,80.0,80,80,80,80,1,80.2,80.2,80.8,81.2,80.33333333333333,1.0,0.0,0.0,0.0,0.0,1.0,0.0,0.0,0.0,0.0,0.0,1.0,0.0,0.0,0.0,0.0,66.82
UICS25-145,Urdaneta I Central School,11,81.0,80.0,81.0,81.0,84.0,84.0,84.0,84.0,83.0,81.0,83.0,83.0,83.0,79,78,79,78,79,81.0,81,81,82,82,1,81.6,80.8,81.6,81.8,81.0,0.0,1.0,0.0,0.0,0.0,1.0,0.0,0.0,0.0,0.0,0.0,1.0,0.0,0.0,0.0,0.0,66.82
BES24-010,Badipa Elementary School,11,81.0,76.0,82.0,85.0,81.0,81.0,83.0,80.0,85.0,83.0,85.0,84.0,85.0,81,81,81,81,81,82.0,82,83,81,83,0,82.0,80.6,82.8,82.8,82.0,0.0,1.0,0.0,0.0,0.0,1.0,0.0,0.0,0.0,0.0,0.0,1.0,0.0,0.0,0.0,0.0,75.7
LANES25-040,Lananpin Elementary School,11,81.0,77.0,79.0,81.0,79.0,78.0,79.0,80.0,80.0,78.0,80.0,78.0,78.0,76,80,80,78,80,81.0,79,78,78,80,1,79.4,78.4,79.2,79.8,78.0,0.0,1.0,0.0,0.0,0.0,1.0,0.0,0.0,0.0,0.0,0.0,1.0,0.0,0.0,0.0,0.0,62.7
UICS24-054,Urdaneta I Central School,11,88.0,86.0,88.0,87.0,88.0,87.0,88.0,87.0,86.0,86.0,84.0,87.0,88.0,85,85,84,84,85,89.0,88,89,88,85,0,87.2,86.4,86.6,86.4,86.33333333333333,1.0,0.0,0.0,0.0,0.0,1.0,0.0,0.0,0.0,0.0,0.0,1.0,0.0,0.0,0.0,0.0,74.03
UICS25-327,Urdaneta I Central School,12,84.0,84.0,85.0,85.0,83.0,83.0,83.0,83.0,85.0,83.0,82.0,82.0,84.0,88,87,86,87,86,87.0,87,89,88,89,1,85.4,84.8,85.0,85.4,85.66666666666667,0.0,1.0,0.0,0.0,0.0,0.0,0.0,0.0,0.0,0.0,1.0,1.0,0.0,0.0,0.0,0.0,66.82
DAFSIS25-034,Don Alipio Fernandez Sr. Integrated School,12,84.0,82.0,84.0,84.0,84.0,82.0,83.0,83.0,86.0,85.0,86.0,86.0,86.0,84,83,87,82,83,87.0,86,87,86,84,1,85.0,83.6,85.4,84.0,84.66666666666667,0.0,1.0,0.0,0.0,0.0,1.0,0.0,0.0,0.0,0.0,0.0,1.0,0.0,0.0,0.0,0.0,73.08
UICS25-084,Urdaneta I Central School,11,92.0,89.0,91.0,92.0,90.0,89.0,89.0,90.0,92.0,91.0,89.0,88.0,87.0,97,96,95,94,95,93.0,95,92,93,92,1,92.8,92.0,91.2,91.2,91.66666666666667,1.0,0.0,0.0,0.0,0.0,1.0,0.0,0.0,0.0,0.0,0.0,1.0,0.0,0.0,0.0,0.0,66.82
UICS25-009,Urdaneta I Central School,11,90.0,90.0,90.0,92.0,89.0,89.0,92.0,90.0,91.0,90.0,89.0,87.0,87.0,91,91,91,92,91,92.0,89,88,89,90,1,90.6,89.8,90.0,90.0,89.33333333333333,1.0,0.0,0.0,0.0,0.0,0.0,0.0,0.0,0.0,0.0,1.0,1.0,0.0,0.0,0.0,0.0,66.82
BES25-015,Badipa Elementary School,12,87.0,90.0,88.0,87.0,89.0,88.0,88.0,90.0,86.0,87.0,86.0,87.0,87.0,85,85,83,86,86,86.0,85,86,87,85,1,86.6,87.0,86.2,87.0,86.66666666666667,0.0,1.0,0.0,0.0,0.0,1.0,0.0,0.0,0.0,0.0,0.0,1.0,0.0,0.0,0.0,0.0,80.54
DAFSIS25-037,Don Alipio Fernandez Sr. Integrated School,12,89.0,89.0,89.0,91.0,84.0,83.0,84.0,84.0,91.0,91.0,90.0,91.0,91.0,93,94,91,92,94,94.0,95,92,93,91,1,90.2,90.4,89.2,90.2,92.0,0.0,1.0,0.0,0.0,0.0,1.0,0.0,0.0,0.0,0.0,0.0,1.0,0.0,0.0,0.0,0.0,73.08
BES24-007,Badipa Elementary School,12,86.0,86.0,87.0,87.0,86.0,84.0,83.0,85.0,81.0,80.0,80.0,80.0,81.0,88,87,86,86,87,91.0,90,91,91,90,0,86.4,85.4,85.4,86.0,85.66666666666667,1.0,0.0,0.0,0.0,0.0,1.0,0.0,0.0,0.0,0.0,0.0,1.0,0.0,0.0,0.0,0.0,75.7
LANES25-113,Lananpin Elementary School,12,87.0,86.0,85.0,85.0,90.0,86.0,87.0,89.0,84.0,85.0,84.0,84.0,83.0,90,89,86,88,88,91.0,89,89,89,89,1,88.4,87.0,86.2,86.8,87.0,1.0,0.0,0.0,0.0,0.0,1.0,0.0,0.0,0.0,0.0,0.0,0.0,0.0,1.0,0.0,0.0,62.7
UICS24-071,Urdaneta I Central School,11,82.0,81.0,81.0,82.0,82.0,80.0,82.0,82.0,84.0,81.0,82.0,83.0,83.0,84,83,83,84,84,82.0,81,81,85,83,0,82.8,81.2,81.8,82.8,84.0,0.0,1.0,0.0,0.0,0.0,1.0,0.0,0.0,0.0,0.0,0.0,1.0,0.0,0.0,0.0,0.0,74.03
BES24-041,Badipa Elementary School,11,92.0,92.0,90.0,93.0,86.0,86.0,88.0,89.0,89.0,89.0,89.0,88.0,91.0,91,90,90,90,91,88.0,87,88,88,87,0,89.2,88.8,89.0,90.2,88.66666666666667,0.0,1.0,0.0,0.0,0.0,1.0,0.0,0.0,0.0,0.0,0.0,1.0,0.0,0.0,0.0,0.0,75.7
UICS25-255,Urdaneta I Central School,11,84.0,84.0,84.0,85.0,88.0,87.0,87.0,89.0,87.0,86.0,87.0,87.0,87.0,83,80,77,83,84,82.0,81,81,81,81,1,84.8,83.6,83.2,85.2,83.66666666666667,1.0,0.0,0.0,0.0,0.0,0.0,0.0,0.0,0.0,0.0,1.0,1.0,0.0,0.0,0.0,0.0,66.82
UICS25-143,Urdaneta I Central School,12,81.0,81.0,81.0,82.0,87.0,85.0,86.0,87.0,87.0,86.0,86.0,86.0,87.0,82,82,82,81,82,81.0,79,79,80,80,1,83.6,82.6,82.8,83.6,82.33333333333333,0.0,1.0,0.0,0.0,0.0,1.0,0.0,0.0,0.0,0.0,0.0,0.0,0.0,1.0,0.0,0.0,66.82
UISC25-063,Urdaneta City SPED Center,12,92.0,95.0,93.0,94.0,96.0,95.0,95.0,95.0,94.0,94.0,94.0,94.0,95.0,92,96,91,92,91,91.0,94,93,93,89,1,93.0,94.8,93.2,92.8,93.0,1.0,0.0,0.0,0.0,0.0,0.0,0.0,0.0,0.0,0.0,1.0,1.0,0.0,0.0,0.0,0.0,72.08
UICS24-051,Urdaneta I Central School,12,79.0,78.0,82.0,80.0,79.0,78.0,79.0,80.0,80.0,79.0,79.0,79.0,80.0,79,78,80,79,80,81.0,80,81,79,82,0,79.6,78.6,80.2,80.4,79.0,0.0,1.0,0.0,0.0,0.0,0.0,0.0,0.0,0.0,0.0,1.0,1.0,0.0,0.0,0.0,0.0,74.03
LANES25-121,Lananpin Elementary School,11,82.0,82.0,80.0,81.0,81.0,80.0,81.0,82.0,81.0,80.0,80.0,80.0,81.0,78,77,79,77,80,81.0,80,79,79,80,1,80.6,79.8,79.8,80.8,78.66666666666667,0.0,1.0,0.0,0.0,0.0,1.0,0.0,0.0,0.0,0.0,0.0,0.0,0.0,0.0,0.0,1.0,62.7
UICS25-249,Urdaneta I Central School,12,82.0,82.0,81.0,81.0,82.0,82.0,82.0,82.0,81.0,80.0,79.0,79.0,80.0,83,83,86,84,86,85.0,84,85,84,85,1,82.6,82.2,82.6,82.8,82.33333333333333,1.0,0.0,0.0,0.0,0.0,0.0,0.0,0.0,1.0,0.0,0.0,1.0,0.0,0.0,0.0,0.0,66.82
UICS25-066,Urdaneta I Central School,12,94.0,89.0,93.0,91.0,93.0,92.0,92.0,92.0,91.0,90.0,90.0,90.0,92.0,91,89,88,88,88,90.0,90,91,90,90,1,91.8,90.0,90.8,90.6,89.33333333333333,1.0,0.0,0.0,0.0,0.0,0.0,0.0,0.0,0.0,0.0,1.0,1.0,0.0,0.0,0.0,0.0,66.82
UICS25-211,Urdaneta I Central School,11,82.0,81.0,81.0,81.0,81.0,83.0,83.0,83.0,84.91689751,83.0,83.0,83.0,82.0,82,82,82,81,81,81.0,82,78,78,78,1,82.18337950200001,82.2,81.4,81.0,80.66666666666667,1.0,0.0,0.0,0.0,0.0,0.0,0.0,0.0,0.0,0.0,1.0,1.0,0.0,0.0,0.0,0.0,66.82
UICS25-015,Urdaneta I Central School,11,78.0,76.0,77.0,80.0,83.0,82.0,83.0,83.0,83.0,82.0,81.0,80.0,83.0,83,82,82,83,83,90.0,83,84,84,85,1,83.4,81.0,81.4,82.8,82.33333333333333,0.0,1.0,0.0,0.0,0.0,0.0,0.0,0.0,0.0,0.0,1.0,1.0,0.0,0.0,0.0,0.0,66.82
UISC24-032,Urdaneta City SPED Center,11,89.0,84.0,90.0,86.0,92.0,90.0,80.0,91.0,92.0,92.0,92.0,92.0,93.0,91,94,92,91,91,89.0,92,87,92,90,0,90.6,90.4,88.2,90.2,91.66666666666667,1.0,0.0,0.0,0.0,0.0,1.0,0.0,0.0,0.0,0.0,0.0,0.0,0.0,1.0,0.0,0.0,76.93
NAN25-043,Nancayasan Elementary School,11,84.0,91.0,75.0,83.0,95.0,80.0,86.0,94.0,82.0,76.0,76.0,75.0,79.0,92,80,87,92,81,81.0,84,75,77,88,1,86.8,82.2,79.8,85.0,81.33333333333333,1.0,0.0,0.0,0.0,0.0,0.0,0.0,0.0,0.0,0.0,1.0,0.0,1.0,0.0,0.0,0.0,58.64
UICS25-355,Urdaneta I Central School,11,80.0,80.0,79.0,80.0,84.0,84.0,81.0,85.0,81.0,80.0,79.0,81.0,81.0,79,78,79,79,80,79.0,79,78,79,80,1,80.6,80.2,79.2,81.2,79.66666666666667,0.0,1.0,0.0,0.0,0.0,0.0,0.0,0.0,0.0,0.0,1.0,1.0,0.0,0.0,0.0,0.0,66.82
LANES24-005,Lananpin Elementary School,11,85.0,83.0,82.0,85.0,81.0,79.0,79.0,80.0,87.0,86.0,86.0,87.0,87.0,86,83,84,85,85,80.0,79,79,80,80,0,83.8,82.0,82.0,83.4,84.0,1.0,0.0,0.0,0.0,0.0,1.0,0.0,0.0,0.0,0.0,0.0,1.0,0.0,0.0,0.0,0.0,78.31
UICS25-395,Urdaneta I Central School,11,91.0,87.0,89.0,90.0,88.0,87.0,86.0,86.0,83.0,85.0,83.0,84.0,82.0,84,84,86,84,84,85.0,83,84,83,84,1,86.2,85.2,85.6,85.2,83.66666666666667,1.0,0.0,0.0,0.0,0.0,0.0,0.0,0.0,0.0,0.0,1.0,1.0,0.0,0.0,0.0,0.0,66.82
UICS25-276,Urdaneta I Central School,11,78.0,75.0,78.0,77.0,80.0,80.0,80.0,80.0,80.0,79.0,79.0,80.0,80.0,81,80,80,81,82,75.0,75,76,75,76,1,78.8,77.8,78.6,79.0,78.66666666666667,1.0,0.0,0.0,0.0,0.0,0.0,0.0,0.0,0.0,0.0,1.0,0.0,0.0,0.0,1.0,0.0,66.82
UICS25-257,Urdaneta I Central School,11,81.0,81.0,81.0,86.0,82.0,82.0,82.0,87.0,83.0,82.0,82.0,84.0,83.0,81,80,77,78,78,79.0,79,78,78,79,1,81.2,80.8,80.0,82.6,80.0,1.0,0.0,0.0,0.0,0.0,0.0,0.0,0.0,0.0,0.0,1.0,1.0,0.0,0.0,0.0,0.0,66.82
UICS24-022,Urdaneta I Central School,12,81.0,82.0,81.0,81.0,81.0,80.0,81.0,80.0,80.0,79.0,79.0,80.0,80.0,77,77,77,77,77,82.0,81,81,81,83,0,80.2,79.8,79.8,80.2,79.33333333333333,1.0,0.0,0.0,0.0,0.0,1.0,0.0,0.0,0.0,0.0,0.0,1.0,0.0,0.0,0.0,0.0,74.03
UISC25-091,Urdaneta City SPED Center,11,89.0,89.0,91.0,90.0,90.0,89.0,89.0,90.0,90.0,88.0,89.0,87.0,87.0,91,91,91,90,91,91.0,89,86,88,91,1,90.2,89.2,89.2,89.8,88.33333333333333,1.0,0.0,0.0,0.0,0.0,0.0,0.0,0.0,0.0,0.0,1.0,1.0,0.0,0.0,0.0,0.0,72.08
LANES25-145,Lananpin Elementary School,12,81.0,82.0,79.0,82.0,90.0,89.0,88.0,88.0,88.0,88.0,88.0,87.0,87.0,87,84,86,85,86,86.0,85,85,85,86,1,86.4,85.6,85.2,85.8,85.66666666666667,0.0,1.0,0.0,0.0,0.0,1.0,0.0,0.0,0.0,0.0,0.0,1.0,0.0,0.0,0.0,0.0,62.7
LANES25-094,Lananpin Elementary School,11,81.0,80.0,80.0,81.0,78.0,79.0,78.0,78.0,83.0,81.0,82.0,81.0,82.0,84,83,82,83,82,85.0,83,84,82,84,1,82.2,81.2,81.2,81.4,82.0,1.0,0.0,0.0,0.0,0.0,1.0,0.0,0.0,0.0,0.0,0.0,1.0,0.0,0.0,0.0,0.0,62.7
NAN25-040,Nancayasan Elementary School,11,83.0,82.0,83.0,83.0,83.0,82.0,83.0,83.0,84.0,78.0,80.0,78.0,82.0,86,84,86,84,85,90.0,91,92,89,89,1,85.2,83.4,84.8,84.4,83.66666666666667,0.0,1.0,0.0,0.0,0.0,1.0,0.0,0.0,0.0,0.0,0.0,1.0,0.0,0.0,0.0,0.0,58.64
BES25-131,Badipa Elementary School,11,79.0,80.0,79.0,79.0,77.0,77.0,77.0,77.0,77.0,77.0,78.0,76.0,78.0,81,81,81,81,81,80.0,80,81,81,81,1,78.8,79.0,79.2,79.2,79.33333333333333,0.0,1.0,0.0,0.0,0.0,1.0,0.0,0.0,0.0,0.0,0.0,1.0,0.0,0.0,0.0,0.0,80.54
LANES25-011,Lananpin Elementary School,11,83.0,82.0,82.0,83.0,84.0,84.0,83.0,85.0,86.0,87.0,86.0,86.0,86.0,84,82,81,84,84,84.0,82,82,82,83,1,84.2,83.4,82.8,84.2,84.0,0.0,1.0,0.0,0.0,0.0,1.0,0.0,0.0,0.0,0.0,0.0,1.0,0.0,0.0,0.0,0.0,62.7
UICS25-007,Urdaneta I Central School,11,84.0,83.0,83.0,84.0,83.0,84.0,83.0,82.0,84.0,84.0,85.0,85.0,84.0,84,83,83,82,86,86.0,86,87,86,89,1,84.2,84.0,84.2,85.0,84.33333333333333,1.0,0.0,0.0,0.0,0.0,1.0,0.0,0.0,0.0,0.0,0.0,1.0,0.0,0.0,0.0,0.0,66.82
DCBMES25-010,Don Clemente Blanco Memorial Elementary School,11,96.0,96.0,97.0,97.0,96.0,95.0,96.0,96.0,82.0,89.0,84.0,82.0,82.0,91,93,89,89,91,86.0,85,86,86,85,1,90.2,91.6,90.4,90.2,85.66666666666667,0.0,1.0,0.0,0.0,0.0,1.0,0.0,0.0,0.0,0.0,0.0,0.0,0.0,1.0,0.0,0.0,33.59
UISC25-102,Urdaneta City SPED Center,12,91.0,88.0,89.0,90.0,91.0,90.0,91.0,90.0,90.0,88.0,87.0,87.0,89.0,97,96,94,93,94,95.0,94,91,94,94,1,92.8,91.2,90.4,91.4,91.33333333333333,1.0,0.0,0.0,0.0,0.0,0.0,0.0,0.0,0.0,0.0,1.0,1.0,0.0,0.0,0.0,0.0,72.08
BES25-093,Badipa Elementary School,13,75.0,75.0,75.0,75.0,75.0,75.0,75.0,75.0,75.0,75.0,75.0,75.0,75.0,76,76,76,76,76,75.0,75,75,75,75,1,75.2,75.2,75.2,75.2,75.33333333333333,0.0,1.0,0.0,0.0,0.0,1.0,0.0,0.0,0.0,0.0,0.0,1.0,0.0,0.0,0.0,0.0,80.54
BES25-183,Badipa Elementary School,11,79.0,79.0,79.0,79.0,75.0,75.0,75.0,75.0,76.0,76.0,76.0,76.0,76.0,80,79,80,79,81,84.0,82,83,83,84,1,78.8,78.2,78.6,79.0,79.33333333333333,1.0,0.0,0.0,0.0,0.0,1.0,0.0,0.0,0.0,0.0,0.0,1.0,0.0,0.0,0.0,0.0,80.54
NAN25-001,Nancayasan Elementary School,11,91.0,91.0,93.0,91.0,92.0,89.0,87.0,92.0,91.0,93.0,80.0,92.0,90.0,93,94,93,93,93,95.0,94,94,94,94,1,92.4,92.2,89.4,92.0,93.0,0.0,1.0,0.0,0.0,0.0,1.0,0.0,0.0,0.0,0.0,0.0,1.0,0.0,0.0,0.0,0.0,58.64
LANES25-050,Lananpin Elementary School,11,89.0,89.0,89.0,88.0,84.0,83.0,83.0,83.0,84.0,83.0,83.0,85.0,84.0,83,83,82,83,83,82.0,83,83,83,83,1,84.4,84.2,84.0,84.2,83.66666666666667,0.0,1.0,0.0,0.0,0.0,1.0,0.0,0.0,0.0,0.0,0.0,1.0,0.0,0.0,0.0,0.0,62.7
LANES25-138,Lananpin Elementary School,11,81.0,81.0,80.0,81.0,80.0,80.0,80.0,80.0,81.0,81.0,80.0,81.0,81.0,81,79,78,80,81,81.0,80,80,80,83,1,80.8,80.2,79.6,81.2,80.33333333333333,0.0,1.0,0.0,0.0,0.0,1.0,0.0,0.0,0.0,0.0,0.0,1.0,0.0,0.0,0.0,0.0,62.7
UICS25-010,Urdaneta I Central School,11,81.0,81.0,81.0,80.0,84.0,83.0,83.0,84.0,83.0,82.0,82.0,82.0,83.0,81,80,81,81,82,82.0,89,89,89,89,1,82.2,83.0,83.2,83.6,84.0,0.0,1.0,0.0,0.0,0.0,0.0,0.0,0.0,0.0,0.0,1.0,1.0,0.0,0.0,0.0,0.0,66.82
UICS25-188,Urdaneta I Central School,11,80.0,79.0,79.0,82.0,82.0,89.0,81.0,82.0,81.0,81.0,81.0,82.0,82.0,81,83,80,80,81,80.0,79,79,80,80,1,80.8,82.2,80.0,81.4,80.66666666666667,0.0,1.0,0.0,0.0,0.0,0.0,0.0,0.0,0.0,0.0,1.0,1.0,0.0,0.0,0.0,0.0,66.82
BES25-067,Badipa Elementary School,11,82.0,80.0,84.0,85.0,86.0,85.0,84.0,85.0,81.0,81.0,81.0,81.0,81.0,86,84,82,83,84,83.0,81,82,81,82,1,83.6,82.2,82.6,83.4,81.66666666666667,0.0,1.0,0.0,0.0,0.0,1.0,0.0,0.0,0.0,0.0,0.0,1.0,0.0,0.0,0.0,0.0,80.54
BES24-036,Badipa Elementary School,11,81.0,80.0,80.0,82.0,83.0,81.0,83.0,82.0,83.0,82.0,82.0,83.0,82.0,83,81,81,81,82,79.0,79,79,79,79,0,81.8,80.6,81.0,81.4,81.0,0.0,1.0,0.0,0.0,0.0,1.0,0.0,0.0,0.0,0.0,0.0,1.0,0.0,0.0,0.0,0.0,75.7
LANES25-043,Lananpin Elementary School,11,90.0,92.0,90.0,92.0,92.0,93.0,92.0,92.0,90.0,90.0,90.0,90.0,90.0,93,90,92,90,92,92.0,92,92,93,92,1,91.4,91.4,91.2,91.6,91.0,1.0,0.0,0.0,0.0,0.0,1.0,0.0,0.0,0.0,0.0,0.0,1.0,0.0,0.0,0.0,0.0,62.7
UICS25-268,Urdaneta I Central School,11,79.0,79.0,79.0,79.0,80.0,79.0,79.0,80.0,82.0,82.0,81.0,82.0,80.0,79,78,76,80,78,79.0,78,77,78,78,1,79.8,79.2,78.4,79.0,80.0,0.0,1.0,0.0,0.0,0.0,1.0,0.0,0.0,0.0,0.0,0.0,1.0,0.0,0.0,0.0,0.0,66.82
UICS25-280,Urdaneta I Central School,11,84.0,84.0,85.0,86.0,89.0,88.0,88.0,88.0,85.0,84.0,84.0,83.0,85.0,84,82,82,83,83,84.0,85,84,84,83,1,85.2,84.6,84.6,85.0,83.33333333333333,0.0,1.0,0.0,0.0,0.0,1.0,0.0,0.0,0.0,0.0,0.0,1.0,0.0,0.0,0.0,0.0,66.82
DAFSIS25-035,Don Alipio Fernandez Sr. Integrated School,12,87.0,84.0,86.0,84.0,90.0,89.0,90.0,90.0,91.0,90.0,90.0,90.0,90.0,90,90,87,89,86,91.0,93,89,92,91,1,89.8,89.2,88.4,88.2,90.33333333333333,0.0,1.0,0.0,0.0,0.0,1.0,0.0,0.0,0.0,0.0,0.0,1.0,0.0,0.0,0.0,0.0,73.08
NAN25-024,Nancayasan Elementary School,11,83.0,82.0,83.0,84.0,83.0,82.0,83.0,83.0,81.0,78.0,80.0,78.0,81.0,86,84,86,84,85,90.0,90,92,89,89,1,84.6,83.2,84.8,84.4,83.66666666666667,0.0,1.0,0.0,0.0,0.0,1.0,0.0,0.0,0.0,0.0,0.0,1.0,0.0,0.0,0.0,0.0,58.64
UICS25-014,Urdaneta I Central School,12,82.0,82.0,82.0,82.0,81.0,81.0,80.0,80.0,83.0,83.0,82.0,83.0,83.0,85,85,86,84,84,85.0,81,81,82,82,1,83.2,82.4,82.2,82.2,83.0,0.0,1.0,0.0,0.0,0.0,0.0,0.0,0.0,0.0,0.0,1.0,1.0,0.0,0.0,0.0,0.0,66.82
UISC24-030,Urdaneta City SPED Center,11,87.0,87.0,86.0,82.0,88.0,88.0,86.0,89.0,89.0,87.0,88.0,87.0,87.0,94,92,92,92,90,91.0,92,91,91,90,0,89.8,89.2,88.6,87.6,90.0,1.0,0.0,0.0,0.0,0.0,0.0,0.0,0.0,0.0,0.0,1.0,1.0,0.0,0.0,0.0,0.0,76.93
BES25-040,Badipa Elementary School,13,91.0,91.0,92.0,91.0,77.0,77.0,77.0,78.0,75.0,75.0,75.0,75.0,75.0,86,86,86,85,86,90.0,84,88,87,87,1,83.8,82.6,83.6,83.4,82.33333333333333,1.0,0.0,0.0,0.0,0.0,1.0,0.0,0.0,0.0,0.0,0.0,1.0,0.0,0.0,0.0,0.0,80.54
BES25-159,Badipa Elementary School,11,90.0,89.0,89.0,89.0,91.0,91.0,90.0,92.0,88.0,88.0,88.0,87.0,87.0,90,90,91,90,90,92.0,93,93,92,90,1,90.2,90.2,90.2,89.6,89.66666666666667,0.0,1.0,0.0,0.0,0.0,1.0,0.0,0.0,0.0,0.0,0.0,1.0,0.0,0.0,0.0,0.0,80.54
BES25-083,Badipa Elementary School,12,75.0,78.0,77.0,76.0,80.0,80.0,80.0,80.0,81.0,80.0,80.0,80.0,81.0,80,79,79,79,81,80.0,79,80,82,82,1,79.2,79.2,79.2,80.0,80.33333333333333,0.0,1.0,0.0,0.0,0.0,1.0,0.0,0.0,0.0,0.0,0.0,1.0,0.0,0.0,0.0,0.0,80.54
BES25-026,Badipa Elementary School,11,88.0,87.0,88.0,87.0,87.0,86.0,86.0,88.0,87.0,86.0,85.0,87.0,87.0,83,81,82,82,84,84.0,82,84,83,84,1,85.8,84.4,85.0,86.0,84.0,1.0,0.0,0.0,0.0,0.0,1.0,0.0,0.0,0.0,0.0,0.0,1.0,0.0,0.0,0.0,0.0,80.54
LANES24-020,Lananpin Elementary School,12,90.0,90.0,89.0,91.0,86.0,83.0,85.0,84.0,85.0,84.0,85.0,83.0,85.0,84,83,84,82,83,86.0,86,86,86,85,0,86.2,85.2,85.8,85.6,83.66666666666667,0.0,1.0,0.0,0.0,0.0,0.0,0.0,0.0,0.0,0.0,1.0,1.0,0.0,0.0,0.0,0.0,78.31
LANES25-137,Lananpin Elementary School,12,82.0,80.0,82.0,82.0,82.0,82.0,82.0,83.0,83.0,82.0,82.0,83.0,83.0,83,82,81,83,83,82.0,81,81,80,84,1,82.4,81.4,81.6,83.0,82.0,0.0,1.0,0.0,0.0,0.0,1.0,0.0,0.0,0.0,0.0,0.0,1.0,0.0,0.0,0.0,0.0,62.7
LANES25-014,Lananpin Elementary School,11,92.0,92.0,92.0,92.0,91.0,91.0,92.0,88.0,91.0,88.0,90.0,90.0,89.0,89,90,88,90,92,84.65789474,90,89,89,91,1,89.531578948,90.2,90.2,90.4,89.66666666666667,0.0,1.0,0.0,0.0,0.0,1.0,0.0,0.0,0.0,0.0,0.0,1.0,0.0,0.0,0.0,0.0,62.7
BES24-033,Badipa Elementary School,11,75.0,75.0,75.0,75.0,78.0,76.0,77.0,77.0,78.0,76.0,77.0,77.0,76.0,81,81,81,81,81,75.0,75,75,75,75,0,77.4,76.6,77.0,76.8,77.66666666666667,1.0,0.0,0.0,0.0,0.0,1.0,0.0,0.0,0.0,0.0,0.0,1.0,0.0,0.0,0.0,0.0,75.7
UICS25-301,Urdaneta I Central School,12,85.0,86.0,84.0,84.0,86.0,84.0,84.0,87.0,85.0,83.0,83.0,85.0,86.0,84,84,84,84,84,86.0,84,84,84,84,1,85.2,84.2,83.8,85.0,84.33333333333333,1.0,0.0,0.0,0.0,0.0,0.0,0.0,0.0,0.0,0.0,1.0,0.0,0.0,0.0,0.0,1.0,66.82
NAN25-071,Nancayasan Elementary School,14,83.0,95.0,95.0,75.0,95.0,92.0,88.0,88.0,92.0,89.0,75.0,83.0,77.0,75,84,88,83,76,87.0,77,75,82,80,1,86.4,87.4,84.2,79.2,82.66666666666667,0.0,1.0,0.0,0.0,0.0,1.0,0.0,0.0,0.0,0.0,0.0,1.0,0.0,0.0,0.0,0.0,58.64
UICS25-328,Urdaneta I Central School,12,87.0,84.0,88.0,88.0,88.0,88.0,88.0,88.0,89.0,88.0,89.0,87.0,87.0,88,88,89,88,87,92.0,92,92,91,92,1,88.8,88.0,89.2,88.4,88.66666666666667,1.0,0.0,0.0,0.0,0.0,1.0,0.0,0.0,0.0,0.0,0.0,1.0,0.0,0.0,0.0,0.0,66.82
UICS25-289,Urdaneta I Central School,11,88.0,88.0,88.0,90.0,87.0,89.0,88.0,86.0,89.0,85.0,85.0,85.0,85.0,82,81,78,84,86,81.0,80,80,80,81,1,85.4,84.6,83.8,85.6,83.0,1.0,0.0,0.0,0.0,0.0,0.0,0.0,0.0,0.0,0.0,1.0,1.0,0.0,0.0,0.0,0.0,66.82
UISC24-020,Urdaneta City SPED Center,12,90.0,88.0,89.0,91.0,91.0,91.0,91.0,91.0,92.0,92.0,93.0,93.0,93.0,91,95,93,96,93,92.0,93,93,91,90,0,91.2,91.8,91.8,91.6,93.33333333333333,1.0,0.0,0.0,0.0,0.0,1.0,0.0,0.0,0.0,0.0,0.0,1.0,0.0,0.0,0.0,0.0,76.93
BES25-080,Badipa Elementary School,11,81.0,79.0,79.0,81.0,75.0,75.0,76.0,76.0,76.0,76.0,76.0,76.0,76.0,78,78,78,78,76,77.0,77,77,77,77,1,77.4,77.0,77.2,77.2,77.0,1.0,0.0,0.0,0.0,0.0,1.0,0.0,0.0,0.0,0.0,0.0,1.0,0.0,0.0,0.0,0.0,80.54
UICS25-309,Urdaneta I Central School,11,91.0,91.0,89.0,88.0,89.0,89.0,88.0,87.0,87.0,86.0,86.0,86.0,86.0,91,91,91,92,92,90.0,90,89,90,90,1,89.6,89.4,88.6,88.6,89.33333333333333,1.0,0.0,0.0,0.0,0.0,0.0,0.0,0.0,0.0,0.0,1.0,1.0,0.0,0.0,0.0,0.0,66.82
UICS25-218,Urdaneta I Central School,11,80.0,83.0,85.0,84.0,84.0,92.0,89.0,92.0,84.91689751,90.0,87.0,86.0,88.0,90,89,83,82,82,82.0,84,81,81,81,1,84.18337950200001,87.6,85.0,85.4,83.0,1.0,0.0,0.0,0.0,0.0,1.0,0.0,0.0,0.0,0.0,0.0,1.0,0.0,0.0,0.0,0.0,66.82
UICS24-044,Urdaneta I Central School,12,88.0,90.0,86.0,88.0,88.0,89.0,87.0,89.0,89.0,89.0,87.0,87.0,88.0,92,92,90,90,90,87.0,86,85,85,83,0,88.8,89.2,87.0,87.6,87.33333333333333,1.0,0.0,0.0,0.0,0.0,1.0,0.0,0.0,0.0,0.0,0.0,0.0,0.0,1.0,0.0,0.0,74.03
BES24-001,Badipa Elementary School,11,81.0,79.0,80.0,86.0,83.0,81.0,81.0,83.0,82.0,82.0,82.0,81.0,81.0,84,83,83,82,82,86.0,82,85,84,86,0,83.2,81.4,82.2,83.6,82.33333333333333,0.0,1.0,0.0,0.0,0.0,1.0,0.0,0.0,0.0,0.0,0.0,1.0,0.0,0.0,0.0,0.0,75.7
UICS25-058,Urdaneta I Central School,11,89.0,89.0,89.0,91.0,90.0,89.0,89.0,90.0,89.0,88.0,88.0,87.0,87.0,88,88,88,86,86,86.0,86,86,87,87,1,88.4,88.0,88.0,88.2,86.66666666666667,1.0,0.0,0.0,0.0,0.0,0.0,0.0,0.0,0.0,0.0,1.0,1.0,0.0,0.0,0.0,0.0,66.82
DCBMES25-002,Don Clemente Blanco Memorial Elementary School,12,87.0,86.0,86.0,87.0,82.0,78.0,82.0,81.0,80.0,81.0,81.0,80.0,80.0,90,87,83,89,88,88.0,87,88,87,87,1,85.4,83.8,84.0,84.6,85.33333333333333,0.0,1.0,0.0,0.0,0.0,1.0,0.0,0.0,0.0,0.0,0.0,1.0,0.0,0.0,0.0,0.0,33.59
UICS25-290,Urdaneta I Central School,13,76.0,77.0,76.0,76.0,81.0,80.0,80.0,81.0,77.0,76.0,76.0,77.0,77.0,81,81,81,81,85,87.0,86,80,83,86,1,80.4,80.0,78.6,81.0,80.33333333333333,0.0,1.0,0.0,0.0,0.0,0.0,0.0,0.0,0.0,0.0,1.0,1.0,0.0,0.0,0.0,0.0,66.82
UICS25-337,Urdaneta I Central School,12,81.0,80.0,84.0,83.0,83.0,83.0,85.0,83.0,83.0,82.0,83.0,82.0,83.0,87,87,88,86,86,86.0,88,88,86,86,1,84.0,84.0,85.6,84.2,84.66666666666667,1.0,0.0,0.0,0.0,0.0,0.0,0.0,0.0,0.0,0.0,1.0,1.0,0.0,0.0,0.0,0.0,66.82
UICS25-194,Urdaneta I Central School,11,85.0,83.0,85.0,84.0,86.0,90.0,84.0,85.0,83.0,82.0,82.0,82.0,83.0,83,82,84,82,83,81.0,81,80,80,81,1,83.6,83.6,83.0,83.2,81.33333333333333,0.0,1.0,0.0,0.0,0.0,0.0,0.0,0.0,0.0,0.0,1.0,1.0,0.0,0.0,0.0,0.0,66.82
LANES25-132,Lananpin Elementary School,11,82.0,81.0,83.0,83.0,82.0,82.0,82.0,82.0,85.0,85.0,85.0,85.0,85.0,84,82,81,84,84,84.0,85,83,85,85,1,83.4,83.0,82.8,83.8,84.66666666666667,1.0,0.0,0.0,0.0,0.0,1.0,0.0,0.0,0.0,0.0,0.0,1.0,0.0,0.0,0.0,0.0,62.7
NAN25-057,Nancayasan Elementary School,14,88.0,76.0,85.0,76.0,83.0,88.0,91.0,95.0,94.0,84.0,83.0,75.0,93.0,81,76,82,76,84,82.0,88,80,84,87,1,85.6,82.4,84.2,87.0,78.33333333333333,0.0,1.0,0.0,0.0,0.0,0.0,0.0,0.0,0.0,0.0,1.0,1.0,0.0,0.0,0.0,0.0,58.64
UISC25-081,Urdaneta City SPED Center,11,98.0,97.0,98.0,97.0,92.0,91.0,91.0,92.0,90.0,93.0,93.0,93.0,92.0,87,94,93,91,89,91.0,90,92,90,90,1,91.6,93.0,93.4,92.0,91.33333333333333,0.0,1.0,0.0,0.0,0.0,0.0,0.0,0.0,0.0,0.0,1.0,1.0,0.0,0.0,0.0,0.0,72.08
BES25-124,Badipa Elementary School,11,81.0,80.0,80.0,79.0,80.0,80.0,80.0,80.0,77.0,77.0,77.0,77.0,77.0,80,78,77,77,80,79.0,78,78,78,79,1,79.4,78.6,78.4,79.0,77.33333333333333,0.0,1.0,0.0,0.0,0.0,1.0,0.0,0.0,0.0,0.0,0.0,1.0,0.0,0.0,0.0,0.0,80.54
UICS25-313,Urdaneta I Central School,11,85.0,82.0,84.0,87.0,88.0,88.0,89.0,89.0,87.0,88.0,88.0,87.0,87.0,85,81,85,85,85,88.0,88,90,89,89,1,86.6,85.4,87.2,87.4,87.0,1.0,0.0,0.0,0.0,0.0,0.0,0.0,0.0,0.0,0.0,1.0,1.0,0.0,0.0,0.0,0.0,66.82
UISC25-119,Urdaneta City SPED Center,11,94.0,94.0,93.0,95.0,95.0,94.0,95.0,96.0,94.0,95.0,95.0,94.0,94.0,96,96,95,96,96,93.0,94,94,96,93,1,94.4,94.6,94.4,94.8,95.33333333333333,0.0,1.0,0.0,0.0,0.0,0.0,0.0,0.0,0.0,0.0,1.0,0.0,0.0,1.0,0.0,0.0,72.08
UICS24-042,Urdaneta I Central School,11,86.0,85.0,87.0,86.0,87.0,86.0,86.0,86.0,85.0,84.0,85.0,84.0,85.0,86,85,85,85,86,85.0,86,84,84,84,0,85.8,85.2,85.4,85.4,84.33333333333333,1.0,0.0,0.0,0.0,0.0,1.0,0.0,0.0,0.0,0.0,0.0,1.0,0.0,0.0,0.0,0.0,74.03
UICS25-059,Urdaneta I Central School,11,90.0,91.0,88.0,87.0,89.0,88.0,86.0,85.0,87.0,87.0,87.0,86.0,86.0,91,92,91,91,91,91.0,90,86,88,90,1,89.6,89.6,87.6,87.8,88.33333333333333,1.0,0.0,0.0,0.0,0.0,0.0,0.0,0.0,0.0,0.0,1.0,1.0,0.0,0.0,0.0,0.0,66.82
UISC25-007,Urdaneta City SPED Center,11,94.0,94.0,94.0,94.0,94.0,94.0,94.0,93.0,93.0,94.0,93.0,93.0,92.0,93,94,95,94,93,93.0,92,93,92,90,1,93.4,93.6,93.8,92.4,93.0,1.0,0.0,0.0,0.0,0.0,0.0,0.0,0.0,0.0,0.0,1.0,1.0,0.0,0.0,0.0,0.0,72.08
BES25-034,Badipa Elementary School,12,91.0,87.0,89.0,90.0,84.0,82.0,83.0,84.0,81.0,81.0,81.0,81.0,81.0,85,84,85,83,85,87.0,84,86,86,85,1,85.6,83.6,84.8,85.0,83.33333333333333,1.0,0.0,0.0,0.0,0.0,1.0,0.0,0.0,0.0,0.0,0.0,1.0,0.0,0.0,0.0,0.0,80.54
UICS25-088,Urdaneta I Central School,12,90.0,90.0,90.0,90.0,91.0,89.0,91.0,90.0,87.0,87.0,88.0,87.0,87.0,91,92,91,92,91,89.0,89,90,89,93,1,89.6,89.4,90.0,90.2,89.33333333333333,1.0,0.0,0.0,0.0,0.0,0.0,0.0,0.0,0.0,0.0,1.0,1.0,0.0,0.0,0.0,0.0,66.82
BES25-013,Badipa Elementary School,11,86.0,86.0,86.0,86.0,92.0,92.0,92.0,91.0,92.0,92.0,91.0,92.0,92.0,92,89,94,91,89,90.0,89,91,90,89,1,90.4,89.6,90.8,89.4,91.0,0.0,1.0,0.0,0.0,0.0,0.0,0.0,0.0,0.0,0.0,1.0,1.0,0.0,0.0,0.0,0.0,80.54
BES24-044,Badipa Elementary School,11,88.0,88.0,87.0,87.0,86.0,86.0,85.0,88.0,86.0,86.0,85.0,84.0,86.0,88,87,87,88,87,88.0,90,90,88,87,0,87.2,87.4,86.8,87.0,86.66666666666667,1.0,0.0,0.0,0.0,0.0,1.0,0.0,0.0,0.0,0.0,0.0,1.0,0.0,0.0,0.0,0.0,75.7
BES25-108,Badipa Elementary School,11,84.0,82.0,86.0,83.0,83.0,83.0,83.0,84.0,82.0,82.0,81.0,82.0,82.0,81,80,80,80,82,87.0,86,87,87,86,1,83.4,82.6,83.4,83.4,83.0,1.0,0.0,0.0,0.0,0.0,1.0,0.0,0.0,0.0,0.0,0.0,0.0,0.0,1.0,0.0,0.0,80.54
LANES25-147,Lananpin Elementary School,12,85.0,85.0,81.0,84.0,77.0,77.0,77.0,77.0,79.0,77.0,79.0,78.0,77.0,81,82,76,79,82,83.0,82,84,83,82,1,81.0,80.6,79.4,80.4,80.0,0.0,1.0,0.0,0.0,0.0,1.0,0.0,0.0,0.0,0.0,0.0,1.0,0.0,0.0,0.0,0.0,62.7
NAN25-015,Nancayasan Elementary School,11,89.0,88.0,89.0,89.0,85.0,85.0,85.0,84.0,80.0,81.0,78.0,77.0,80.0,86,86,86,93,87,88.0,88,88,88,87,1,85.6,85.6,85.2,85.4,86.0,1.0,0.0,0.0,0.0,0.0,1.0,0.0,0.0,0.0,0.0,0.0,0.0,0.0,1.0,0.0,0.0,58.64
UICS25-101,Urdaneta I Central School,12,79.0,78.0,78.0,77.0,77.0,76.0,77.0,79.0,82.0,81.0,81.0,81.0,82.0,84,83,81,79,83,81.0,81,81,82,82,1,80.6,79.8,79.6,80.6,80.66666666666667,0.0,1.0,0.0,0.0,0.0,0.0,0.0,0.0,0.0,0.0,1.0,1.0,0.0,0.0,0.0,0.0,66.82
LANES25-139,Lananpin Elementary School,11,76.0,78.0,76.0,77.0,86.0,85.0,88.0,86.0,89.0,89.0,89.0,89.0,89.0,87,84,85,86,85,84.0,86,86,85,85,1,84.4,84.4,84.8,84.4,86.66666666666667,0.0,1.0,0.0,0.0,0.0,1.0,0.0,0.0,0.0,0.0,0.0,0.0,0.0,1.0,0.0,0.0,62.7
UISC25-109,Urdaneta City SPED Center,11,79.0,79.0,79.0,80.0,84.0,83.0,83.0,85.0,84.0,86.0,83.0,84.0,84.0,87,90,89,86,89,90.0,90,88,89,89,1,84.8,85.6,84.4,85.4,86.33333333333333,1.0,0.0,0.0,0.0,0.0,0.0,0.0,0.0,0.0,0.0,1.0,1.0,0.0,0.0,0.0,0.0,72.08
DAPSMECSE25-012,Don Amadeo Perez Sr. Memorial Elementary School - East,11,76.0,75.0,76.0,76.0,79.0,79.0,78.0,83.0,83.0,84.0,84.0,86.0,84.0,80,79,79,79,80,83.0,81,82,80,84,1,80.2,79.6,79.8,81.4,81.66666666666667,1.0,0.0,0.0,0.0,0.0,1.0,0.0,0.0,0.0,0.0,0.0,1.0,0.0,0.0,0.0,0.0,75.71
NAN25-016,Nancayasan Elementary School,11,88.0,89.0,88.0,87.0,90.0,88.0,89.0,91.0,92.0,92.0,91.0,91.0,92.0,91,90,89,90,90,95.0,92,91,91,91,1,91.2,90.2,89.6,90.2,90.66666666666667,1.0,0.0,0.0,0.0,0.0,1.0,0.0,0.0,0.0,0.0,0.0,1.0,0.0,0.0,0.0,0.0,58.64
LANES25-133,Lananpin Elementary School,12,87.0,86.0,82.0,84.0,87.0,86.0,88.0,86.0,86.0,86.0,85.0,85.0,86.0,86,83,83,85,85,90.0,89,90,90,92,1,87.2,86.0,85.6,86.6,86.66666666666667,1.0,0.0,0.0,0.0,0.0,1.0,0.0,0.0,0.0,0.0,0.0,0.0,0.0,0.0,0.0,1.0,62.7
UICS25-298,Urdaneta I Central School,12,87.0,87.0,89.0,89.0,90.0,89.0,89.0,89.0,87.0,86.0,87.0,86.0,86.0,82,81,80,80,80,84.0,82,82,82,83,1,86.0,85.0,85.4,85.4,82.66666666666667,0.0,1.0,0.0,0.0,0.0,0.0,0.0,0.0,0.0,0.0,1.0,1.0,0.0,0.0,0.0,0.0,66.82
DCBMES25-013,Don Clemente Blanco Memorial Elementary School,11,87.0,85.0,85.0,85.0,92.0,90.0,89.0,91.0,89.0,89.0,89.0,90.0,90.0,88,89,87,90,89,91.0,91,92,91,90,1,89.4,88.8,88.4,89.0,90.33333333333333,1.0,0.0,0.0,0.0,0.0,1.0,0.0,0.0,0.0,0.0,0.0,1.0,0.0,0.0,0.0,0.0,33.59
LANES25-128,Lananpin Elementary School,11,80.0,79.0,81.0,82.0,77.0,76.0,77.0,78.0,80.0,79.0,79.0,78.0,78.0,80,80,81,77,80,81.0,79,79,79,81,1,79.6,78.6,79.4,79.8,78.0,0.0,1.0,0.0,0.0,0.0,1.0,0.0,0.0,0.0,0.0,0.0,1.0,0.0,0.0,0.0,0.0,62.7
DAPSMECSE25-011,Don Amadeo Perez Sr. Memorial Elementary School - East,12,88.0,88.0,86.0,87.0,88.0,88.0,88.0,87.0,95.0,87.0,87.0,89.0,89.0,88,88,87,87,87,90.0,89,86,90,88,1,89.8,88.0,86.8,87.6,88.66666666666667,1.0,0.0,0.0,0.0,0.0,1.0,0.0,0.0,0.0,0.0,0.0,1.0,0.0,0.0,0.0,0.0,75.71
UICS25-209,Urdaneta I Central School,11,88.0,88.0,88.0,87.0,87.0,84.0,84.0,83.0,84.91689751,83.0,85.0,84.0,86.0,84,84,80,80,80,80.0,81,86,82,81,1,84.783379502,84.0,84.6,83.4,82.0,1.0,0.0,0.0,0.0,0.0,1.0,0.0,0.0,0.0,0.0,0.0,1.0,0.0,0.0,0.0,0.0,66.82
UICS25-079,Urdaneta I Central School,12,83.90609137,82.97468354,83.60759494,84.18387909,91.0,90.0,90.0,90.0,93.0,92.0,91.0,91.0,92.0,91,90,87,87,87,89.0,90,89,89,90,1,89.58121827400001,88.994936708,88.121518988,88.636775818,89.0,0.0,1.0,0.0,0.0,0.0,0.0,0.0,0.0,0.0,0.0,1.0,0.0,0.0,1.0,0.0,0.0,66.82
LANES24-014,Lananpin Elementary School,13,83.0,82.0,84.0,85.0,88.0,87.0,88.0,86.0,87.0,83.0,84.0,84.0,84.0,85,84,84,84,84,87.0,87,87,87,86,0,86.0,84.6,85.4,85.0,85.0,1.0,0.0,0.0,0.0,0.0,1.0,0.0,0.0,0.0,0.0,0.0,1.0,0.0,0.0,0.0,0.0,78.31
NAN25-056,Nancayasan Elementary School,11,81.0,81.0,76.0,77.0,84.0,75.0,84.0,89.0,88.0,90.0,83.0,75.0,81.0,88,91,82,94,91,87.0,75,94,91,81,1,85.6,82.4,83.8,83.8,86.66666666666667,1.0,0.0,0.0,0.0,0.0,0.0,0.0,0.0,0.0,0.0,1.0,1.0,0.0,0.0,0.0,0.0,58.64
BES24-026,Badipa Elementary School,12,81.0,80.0,83.0,86.0,83.0,82.0,82.0,84.0,82.0,82.0,84.0,81.0,83.0,84,83,84,83,85,88.0,83,84,84,84,0,83.6,82.0,83.4,84.4,82.66666666666667,1.0,0.0,0.0,0.0,0.0,1.0,0.0,0.0,0.0,0.0,0.0,1.0,0.0,0.0,0.0,0.0,75.7
LANES25-131,Lananpin Elementary School,12,79.0,80.0,80.0,79.0,76.0,76.0,76.0,76.0,78.0,78.0,79.0,78.0,79.0,82,81,82,80,81,76.0,76,76,76,77,1,78.2,78.2,78.6,78.4,78.0,1.0,0.0,0.0,0.0,0.0,1.0,0.0,0.0,0.0,0.0,0.0,1.0,0.0,0.0,0.0,0.0,62.7
UICS25-229,Urdaneta I Central School,13,83.90609137,82.97468354,83.60759494,92.0,92.0,89.0,91.0,91.0,84.91689751,91.0,90.0,88.0,89.0,88,91,87,85,87,81.0,89,87,89,88,1,85.964597776,88.594936708,87.721518988,89.4,87.33333333333333,1.0,0.0,0.0,0.0,0.0,0.0,0.0,0.0,1.0,0.0,0.0,1.0,0.0,0.0,0.0,0.0,66.82
UICS24-047,Urdaneta I Central School,12,88.0,84.0,86.0,87.0,87.0,87.0,88.0,87.0,87.0,87.0,86.0,86.0,86.0,84,83,83,83,84,87.0,86,83,85,83,0,86.6,85.4,85.2,85.4,84.66666666666667,0.0,1.0,0.0,0.0,0.0,1.0,0.0,0.0,0.0,0.0,0.0,1.0,0.0,0.0,0.0,0.0,74.03
UISC25-046,Urdaneta City SPED Center,12,93.0,92.0,91.0,95.0,96.0,95.0,95.0,94.0,95.0,95.0,95.0,95.0,96.0,95,96,93,94,95,93.0,96,94,95,92,1,94.4,94.8,93.6,94.4,94.66666666666667,1.0,0.0,0.0,0.0,0.0,0.0,0.0,0.0,0.0,0.0,1.0,1.0,0.0,0.0,0.0,0.0,72.08
BES25-140,Badipa Elementary School,11,78.0,83.0,76.0,77.0,76.0,76.0,76.0,76.0,76.0,76.0,76.0,76.0,76.0,81,80,80,80,80,81.0,80,81,81,81,1,78.4,79.0,77.8,78.0,79.0,0.0,1.0,0.0,0.0,0.0,1.0,0.0,0.0,0.0,0.0,0.0,1.0,0.0,0.0,0.0,0.0,80.54
UICS25-287,Urdaneta I Central School,12,84.0,83.0,84.0,83.0,88.0,86.0,86.0,87.0,87.0,85.0,85.0,86.0,87.0,91,91,92,91,91,89.0,87,86,87,91,1,87.8,86.4,86.6,87.8,88.0,0.0,1.0,0.0,0.0,0.0,0.0,0.0,0.0,0.0,0.0,1.0,1.0,0.0,0.0,0.0,0.0,66.82
UICS25-082,Urdaneta I Central School,11,87.0,87.0,89.0,89.0,90.0,89.0,89.0,89.0,90.0,89.0,88.0,87.0,87.0,93,93,91,89,90,92.0,92,89,91,92,1,90.4,90.0,89.2,89.4,89.0,1.0,0.0,0.0,0.0,0.0,0.0,0.0,0.0,0.0,0.0,1.0,1.0,0.0,0.0,0.0,0.0,66.82
DAFSIS25-008,Don Alipio Fernandez Sr. Integrated School,11,86.0,87.0,86.0,85.0,84.0,85.0,84.0,85.0,87.0,87.0,87.0,86.0,87.0,84,84,84,83,84,82.0,83,80,82,79,1,84.6,85.2,84.2,84.0,83.66666666666667,0.0,1.0,0.0,0.0,0.0,1.0,0.0,0.0,0.0,0.0,0.0,1.0,0.0,0.0,0.0,0.0,73.08
UISC25-085,Urdaneta City SPED Center,11,91.0,89.0,90.0,90.0,91.0,90.0,90.0,91.0,93.0,92.0,93.0,92.0,93.0,88,91,91,92,90,93.0,93,93,91,92,1,91.2,91.0,91.4,91.2,91.66666666666667,1.0,0.0,0.0,0.0,0.0,0.0,0.0,0.0,0.0,0.0,1.0,1.0,0.0,0.0,0.0,0.0,72.08
BES25-198,Badipa Elementary School,11,90.0,92.0,89.0,89.0,85.0,84.0,84.0,84.0,84.0,84.0,84.0,82.0,84.0,83,81,79,79,83,84.0,83,84,83,83,1,85.2,84.8,84.0,84.6,81.33333333333333,1.0,0.0,0.0,0.0,0.0,1.0,0.0,0.0,0.0,0.0,0.0,1.0,0.0,0.0,0.0,0.0,80.54
BES24-023,Badipa Elementary School,11,83.0,82.0,84.0,85.0,87.0,88.0,87.0,88.0,85.0,86.0,86.0,83.0,84.0,85,84,84,84,85,89.0,88,88,89,88,0,85.8,85.6,85.8,86.0,85.33333333333333,1.0,0.0,0.0,0.0,0.0,1.0,0.0,0.0,0.0,0.0,0.0,1.0,0.0,0.0,0.0,0.0,75.7
UICS25-399,Urdaneta I Central School,12,78.0,78.0,78.0,79.0,85.0,84.0,83.0,84.0,82.0,81.0,81.0,81.0,83.0,84,84,86,84,84,84.0,84,82,84,84,1,82.6,82.2,82.0,82.8,83.0,0.0,1.0,0.0,0.0,0.0,1.0,0.0,0.0,0.0,0.0,0.0,1.0,0.0,0.0,0.0,0.0,66.82
BES25-139,Badipa Elementary School,11,77.0,75.0,76.0,77.0,79.0,79.0,79.0,79.0,77.0,76.0,76.0,76.0,76.0,79,79,79,79,79,80.0,79,80,79,80,1,78.4,77.6,78.0,78.2,78.0,0.0,1.0,0.0,0.0,0.0,1.0,0.0,0.0,0.0,0.0,0.0,1.0,0.0,0.0,0.0,0.0,80.54
BES25-107,Badipa Elementary School,11,91.0,92.0,90.0,91.0,87.0,88.0,88.0,89.0,87.0,87.0,87.0,87.0,87.0,87,86,87,86,87,88.0,84,89,87,87,1,88.0,87.4,88.2,88.2,86.66666666666667,1.0,0.0,0.0,0.0,0.0,1.0,0.0,0.0,0.0,0.0,0.0,1.0,0.0,0.0,0.0,0.0,80.54
LANES25-060,Lananpin Elementary School,11,86.0,85.0,81.0,81.0,81.0,81.0,81.0,81.0,84.0,83.0,82.0,82.0,81.0,84,83,82,82,82,85.0,84,83,84,84,1,84.0,83.2,81.8,81.8,82.66666666666667,1.0,0.0,0.0,0.0,0.0,1.0,0.0,0.0,0.0,0.0,0.0,0.0,0.0,1.0,0.0,0.0,62.7
UICS25-378,Urdaneta I Central School,12,83.0,84.0,85.0,85.0,86.0,84.0,84.0,84.0,86.0,86.0,87.0,85.0,87.0,85,83,83,83,84,82.0,82,79,80,82,1,84.4,83.8,83.6,84.4,82.66666666666667,0.0,1.0,0.0,0.0,0.0,0.0,0.0,0.0,0.0,1.0,0.0,1.0,0.0,0.0,0.0,0.0,66.82
BES25-119,Badipa Elementary School,11,77.0,76.0,77.0,78.0,79.0,77.0,79.0,79.0,77.0,77.0,77.0,77.0,78.0,82,82,83,82,82,81.0,80,80,81,82,1,79.2,78.4,79.2,79.8,80.0,1.0,0.0,0.0,0.0,0.0,1.0,0.0,0.0,0.0,0.0,0.0,1.0,0.0,0.0,0.0,0.0,80.54
BES25-072,Badipa Elementary School,11,83.0,83.0,83.0,85.0,83.0,85.0,85.0,85.0,85.0,84.0,84.0,84.0,85.0,85,83,83,83,85,83.0,82,83,82,83,1,83.8,83.4,83.6,84.6,83.0,1.0,0.0,0.0,0.0,0.0,1.0,0.0,0.0,0.0,0.0,0.0,1.0,0.0,0.0,0.0,0.0,80.54
DAFSIS25-036,Don Alipio Fernandez Sr. Integrated School,12,80.0,79.0,81.0,82.0,85.0,83.0,84.0,85.0,81.0,81.0,81.0,81.0,81.0,78,78,79,77,78,81.0,80,81,79,79,1,81.0,80.2,81.2,81.0,79.0,0.0,1.0,0.0,0.0,0.0,1.0,0.0,0.0,0.0,0.0,0.0,1.0,0.0,0.0,0.0,0.0,73.08
BES25-213,Badipa Elementary School,11,77.0,76.0,75.0,76.0,82.0,81.0,82.0,82.0,77.0,77.0,77.0,77.0,78.0,82,80,81,82,82,82.0,81,81,82,83,1,80.0,79.0,79.2,80.2,80.33333333333333,0.0,1.0,0.0,0.0,0.0,1.0,0.0,0.0,0.0,0.0,0.0,1.0,0.0,0.0,0.0,0.0,80.54
NAN25-012,Nancayasan Elementary School,11,90.0,91.0,90.0,89.0,91.0,88.0,90.0,90.0,93.0,89.0,90.0,90.0,90.0,91,91,91,92,91,93.0,93,93,92,91,1,91.6,90.4,90.8,90.2,91.33333333333333,1.0,0.0,0.0,0.0,0.0,1.0,0.0,0.0,0.0,0.0,0.0,1.0,0.0,0.0,0.0,0.0,58.64
LANES25-136,Lananpin Elementary School,11,91.0,92.0,92.0,92.0,92.0,92.0,92.0,93.0,90.0,90.0,90.0,90.0,90.0,92,91,91,92,90,91.0,91,91,90,92,1,91.2,91.2,91.2,91.4,90.66666666666667,0.0,1.0,0.0,0.0,0.0,1.0,0.0,0.0,0.0,0.0,0.0,1.0,0.0,0.0,0.0,0.0,62.7
BES24-005,Badipa Elementary School,11,80.0,80.0,80.0,80.0,78.0,77.0,77.0,78.0,82.0,82.0,82.0,83.0,83.0,83,82,81,82,82,85.0,84,84,85,83,0,81.6,81.0,80.8,81.2,83.33333333333333,1.0,0.0,0.0,0.0,0.0,1.0,0.0,0.0,0.0,0.0,0.0,1.0,0.0,0.0,0.0,0.0,75.7
LANES25-103,Lananpin Elementary School,11,83.0,79.0,76.0,78.0,77.0,77.0,77.0,77.0,81.0,79.0,81.0,79.0,80.0,84,84,81,82,81,86.0,85,82,84,83,1,82.2,80.8,79.4,79.8,81.66666666666667,1.0,0.0,0.0,0.0,0.0,1.0,0.0,0.0,0.0,0.0,0.0,1.0,0.0,0.0,0.0,0.0,62.7
UICS25-051,Urdaneta I Central School,12,86.0,86.0,85.0,89.0,91.0,90.0,90.0,90.0,92.0,92.0,92.0,91.0,92.0,88,86,87,85,86,90.0,90,90,89,91,1,89.4,88.8,88.8,89.6,88.33333333333333,1.0,0.0,0.0,0.0,0.0,0.0,0.0,0.0,0.0,0.0,1.0,1.0,0.0,0.0,0.0,0.0,66.82
UISC24-015,Urdaneta City SPED Center,11,93.0,90.0,91.0,91.0,92.0,92.0,92.0,92.0,93.0,93.0,93.0,94.0,93.0,95,95,96,94,94,95.0,93,93,93,93,0,93.6,92.6,93.0,92.6,93.66666666666667,1.0,0.0,0.0,0.0,0.0,1.0,0.0,0.0,0.0,0.0,0.0,1.0,0.0,0.0,0.0,0.0,76.93
UICS24-049,Urdaneta I Central School,12,81.0,80.0,80.0,80.0,84.0,82.0,82.0,83.0,84.0,82.0,82.0,84.0,84.0,82,82,82,82,81,84.0,84,84,84,84,0,83.0,82.0,82.0,82.4,83.33333333333333,1.0,0.0,0.0,0.0,0.0,1.0,0.0,0.0,0.0,0.0,0.0,1.0,0.0,0.0,0.0,0.0,74.03
UICS24-039,Urdaneta I Central School,12,81.0,81.0,81.0,81.0,83.0,81.0,81.0,82.0,82.0,81.0,80.0,79.0,81.0,83,83,82,83,84,86.0,86,86,86,86,0,83.0,82.4,82.0,82.8,82.66666666666667,1.0,0.0,0.0,0.0,0.0,1.0,0.0,0.0,0.0,0.0,0.0,1.0,0.0,0.0,0.0,0.0,74.03
BES25-089,Badipa Elementary School,11,76.0,76.0,76.0,76.0,77.0,77.0,77.0,77.0,78.0,78.0,78.0,78.0,78.0,78,78,78,78,78,77.0,77,77,77,77,1,77.2,77.2,77.2,77.2,77.66666666666667,0.0,1.0,0.0,0.0,0.0,1.0,0.0,0.0,0.0,0.0,0.0,1.0,0.0,0.0,0.0,0.0,80.54
LANES24-016,Lananpin Elementary School,11,81.0,80.0,81.0,82.0,82.0,82.0,82.0,82.0,82.0,82.0,81.0,82.0,81.0,83,83,82,83,83,86.0,84,84,84,86,0,82.8,82.2,82.0,82.8,83.0,1.0,0.0,0.0,0.0,0.0,1.0,0.0,0.0,0.0,0.0,0.0,1.0,0.0,0.0,0.0,0.0,78.31
DCBMES25-020,Don Clemente Blanco Memorial Elementary School,11,82.0,78.0,80.0,78.0,81.0,79.0,79.0,82.0,83.0,82.0,80.0,81.0,83.0,85,80,82,83,79,86.0,84,86,83,84,1,83.4,80.6,81.4,81.2,82.33333333333333,1.0,0.0,0.0,0.0,0.0,1.0,0.0,0.0,0.0,0.0,0.0,1.0,0.0,0.0,0.0,0.0,33.59
BES25-156,Badipa Elementary School,11,90.0,91.0,91.0,91.0,87.0,87.0,87.0,86.0,87.0,86.0,86.0,87.0,87.0,89,90,87,89,89,90.0,90,91,90,88,1,88.6,88.8,88.4,88.2,88.66666666666667,0.0,1.0,0.0,0.0,0.0,1.0,0.0,0.0,0.0,0.0,0.0,1.0,0.0,0.0,0.0,0.0,80.54
LANES24-028,Lananpin Elementary School,11,86.0,84.0,87.0,87.0,85.0,85.0,85.0,83.0,86.0,85.0,86.0,86.0,86.0,86,85,85,87,86,87.0,86,87,87,86,0,86.0,85.0,86.0,85.6,86.66666666666667,0.0,1.0,0.0,0.0,0.0,1.0,0.0,0.0,0.0,0.0,0.0,1.0,0.0,0.0,0.0,0.0,78.31
UISC25-087,Urdaneta City SPED Center,11,92.0,94.0,94.0,95.0,91.0,92.0,91.0,92.0,92.0,93.0,92.0,92.0,93.0,96,95,93,94,92,94.0,94,90,94,92,1,93.0,93.6,92.0,92.8,93.33333333333333,1.0,0.0,0.0,0.0,0.0,0.0,0.0,0.0,0.0,0.0,1.0,1.0,0.0,0.0,0.0,0.0,72.08
UISC24-029,Urdaneta City SPED Center,11,92.0,89.0,81.0,87.0,87.0,90.0,89.0,91.0,93.0,92.0,92.0,93.0,93.0,91,90,89,89,90,91.0,90,89,90,90,0,90.8,90.2,88.0,90.2,90.66666666666667,0.0,1.0,0.0,0.0,0.0,0.0,0.0,0.0,0.0,0.0,1.0,0.0,0.0,1.0,0.0,0.0,76.93
BES24-013,Badipa Elementary School,11,81.0,81.0,80.0,81.0,78.0,76.0,76.0,77.0,83.0,83.0,81.0,80.0,82.0,85,85,83,83,85,83.0,83,84,83,83,0,82.0,81.6,80.8,81.6,82.0,1.0,0.0,0.0,0.0,0.0,1.0,0.0,0.0,0.0,0.0,0.0,1.0,0.0,0.0,0.0,0.0,75.7
UICS25-144,Urdaneta I Central School,12,87.0,81.0,85.0,87.0,86.0,85.0,88.0,86.0,89.0,86.0,87.0,89.0,87.0,86,88,83,88,84,87.0,81,77,80,80,1,87.0,84.2,84.0,84.8,85.66666666666667,0.0,1.0,0.0,0.0,1.0,0.0,0.0,0.0,0.0,0.0,0.0,1.0,0.0,0.0,0.0,0.0,66.82
BES25-164,Badipa Elementary School,11,90.0,90.0,90.0,89.0,90.0,89.0,89.0,89.0,92.0,93.0,93.0,92.0,92.0,91,90,92,91,91,91.0,91,90,91,89,1,90.8,90.6,90.8,90.0,91.33333333333333,0.0,1.0,0.0,0.0,0.0,0.0,0.0,0.0,0.0,0.0,1.0,1.0,0.0,0.0,0.0,0.0,80.54
NAN25-020,Nancayasan Elementary School,12,85.0,84.0,83.0,84.0,83.0,82.0,82.0,84.0,81.0,79.0,79.0,79.0,80.0,81,80,79,79,80,87.0,86,85,86,84,1,83.4,82.2,81.6,82.4,81.33333333333333,1.0,0.0,0.0,0.0,0.0,1.0,0.0,0.0,0.0,0.0,0.0,1.0,0.0,0.0,0.0,0.0,58.64
LANES24-022,Lananpin Elementary School,11,81.0,80.0,80.0,80.0,81.0,81.0,81.0,81.0,83.0,82.0,82.0,81.0,81.0,85,84,83,89,83,86.0,85,84,86,87,0,83.2,82.4,82.0,82.4,85.33333333333333,1.0,0.0,0.0,0.0,0.0,1.0,0.0,0.0,0.0,0.0,0.0,1.0,0.0,0.0,0.0,0.0,78.31
UICS25-016,Urdaneta I Central School,11,87.0,86.0,85.0,83.0,86.0,85.0,84.0,83.0,84.0,84.0,83.0,83.0,84.0,86,85,84,84,85,83.0,91,89,90,90,1,85.2,86.2,85.0,85.0,85.66666666666667,0.0,1.0,0.0,0.0,0.0,1.0,0.0,0.0,0.0,0.0,0.0,1.0,0.0,0.0,0.0,0.0,66.82
LANES25-122,Lananpin Elementary School,11,80.0,79.0,80.0,79.0,80.0,79.0,79.0,79.0,81.0,80.0,80.0,80.0,81.0,76,77,77,76,80,81.0,79,79,80,81,1,79.6,78.8,79.0,80.0,78.66666666666667,0.0,1.0,0.0,0.0,0.0,1.0,0.0,0.0,0.0,0.0,0.0,1.0,0.0,0.0,0.0,0.0,62.7
UICS25-380,Urdaneta I Central School,11,79.0,77.0,82.0,84.0,80.0,80.0,81.0,82.0,80.0,80.0,80.0,80.0,80.0,80,79,78,79,81,80.0,79,79,79,80,1,79.8,79.0,80.0,81.4,79.33333333333333,0.0,1.0,0.0,0.0,0.0,0.0,0.0,0.0,0.0,0.0,1.0,1.0,0.0,0.0,0.0,0.0,66.82
NAN25-034,Nancayasan Elementary School,10,81.0,80.0,80.0,81.0,82.0,80.0,82.0,83.0,79.0,78.0,77.0,77.0,79.0,80,80,80,79,80,85.0,84,86,84,84,1,81.4,80.4,81.0,81.4,80.0,0.0,1.0,0.0,0.0,0.0,1.0,0.0,0.0,0.0,0.0,0.0,1.0,0.0,0.0,0.0,0.0,58.64
UISC25-049,Urdaneta City SPED Center,11,93.0,94.0,92.0,93.0,91.0,90.0,89.0,90.0,93.0,92.0,96.0,94.0,92.0,95,94,94,93,93,94.0,93,89,90,92,1,93.2,92.6,92.0,92.0,92.33333333333333,1.0,0.0,0.0,0.0,0.0,0.0,0.0,0.0,0.0,0.0,1.0,1.0,0.0,0.0,0.0,0.0,72.08
LANES25-069,Lananpin Elementary School,11,81.0,80.0,81.0,82.0,85.0,84.0,87.0,84.0,83.0,82.0,83.0,84.0,83.0,84,84,83,84,84,84.0,83,84,83,85,1,83.4,82.6,83.6,83.6,83.66666666666667,0.0,1.0,0.0,0.0,0.0,1.0,0.0,0.0,0.0,0.0,0.0,1.0,0.0,0.0,0.0,0.0,62.7
LANES25-053,Lananpin Elementary School,11,84.0,84.0,83.0,85.0,84.0,84.0,84.0,84.0,87.0,86.0,87.0,86.0,86.0,85,85,84,86,86,88.0,87,88,87,87,1,85.6,85.2,85.2,85.6,86.33333333333333,1.0,0.0,0.0,0.0,0.0,1.0,0.0,0.0,0.0,0.0,0.0,1.0,0.0,0.0,0.0,0.0,62.7
BES24-043,Badipa Elementary School,11,88.0,90.0,87.0,89.0,90.0,89.0,90.0,91.0,91.0,90.0,90.0,90.0,91.0,91,91,90,90,91,91.0,92,92,92,90,0,90.2,90.4,89.8,90.4,90.66666666666667,1.0,0.0,0.0,0.0,0.0,1.0,0.0,0.0,0.0,0.0,0.0,1.0,0.0,0.0,0.0,0.0,75.7
UISC25-041,Urdaneta City SPED Center,11,93.0,89.0,88.0,94.0,92.0,92.0,91.0,91.0,93.0,93.0,93.0,94.0,94.0,90,92,89,92,90,93.0,91,91,93,90,1,92.2,91.4,90.4,91.8,93.0,0.0,1.0,0.0,0.0,0.0,0.0,0.0,0.0,0.0,0.0,1.0,1.0,0.0,0.0,0.0,0.0,72.08
BES25-032,Badipa Elementary School,11,84.0,83.0,84.0,82.0,86.0,86.0,85.0,85.0,84.0,84.0,84.0,84.0,84.0,86,86,85,86,86,87.0,84,85,86,86,1,85.4,84.6,84.6,84.6,85.33333333333333,1.0,0.0,0.0,0.0,0.0,1.0,0.0,0.0,0.0,0.0,0.0,1.0,0.0,0.0,0.0,0.0,80.54
BES24-032,Badipa Elementary School,17,90.0,91.0,90.0,88.0,87.0,87.0,87.0,88.0,86.0,86.0,86.0,85.0,86.0,77,77,77,77,77,83.0,83,83,83,86,0,84.6,84.8,84.6,85.0,81.66666666666667,0.0,1.0,0.0,0.0,0.0,1.0,0.0,0.0,0.0,0.0,0.0,1.0,0.0,0.0,0.0,0.0,75.7
UICS25-118,Urdaneta I Central School,12,89.0,83.0,87.0,86.0,80.0,80.0,80.0,80.0,82.0,82.0,82.0,81.0,82.0,80,78,78,78,78,80.0,80,80,79,79,1,82.2,80.6,81.4,81.0,79.33333333333333,0.0,1.0,0.0,0.0,0.0,0.0,0.0,0.0,0.0,0.0,1.0,1.0,0.0,0.0,0.0,0.0,66.82
BES24-042,Badipa Elementary School,11,91.0,98.0,90.0,90.0,87.0,87.0,87.0,89.0,89.0,88.0,88.0,88.0,91.0,89,88,88,89,90,88.0,88,88,88,89,0,88.8,89.8,88.2,89.8,88.33333333333333,1.0,0.0,0.0,0.0,0.0,1.0,0.0,0.0,0.0,0.0,0.0,1.0,0.0,0.0,0.0,0.0,75.7
BES25-087,Badipa Elementary School,11,79.0,79.0,80.0,79.0,81.0,80.0,82.0,83.0,82.0,80.0,82.0,83.0,83.0,81,79,82,79,81,76.0,76,76,76,76,1,79.8,78.8,80.4,80.4,79.33333333333333,0.0,1.0,0.0,0.0,0.0,1.0,0.0,0.0,0.0,0.0,0.0,1.0,0.0,0.0,0.0,0.0,80.54
BES25-206,Badipa Elementary School,11,78.0,76.0,81.0,80.0,84.0,82.0,82.0,82.0,84.0,83.0,83.0,82.0,82.0,84,83,85,84,84,82.0,81,81,82,82,1,82.4,81.0,82.4,82.0,82.66666666666667,0.0,1.0,0.0,0.0,0.0,1.0,0.0,0.0,0.0,0.0,0.0,1.0,0.0,0.0,0.0,0.0,80.54
UICS25-103,Urdaneta I Central School,12,79.0,77.0,75.0,79.0,82.0,82.0,82.0,82.0,80.0,82.0,81.0,83.0,82.0,83,81,81,81,84,81.0,80,80,82,82,1,81.0,80.4,79.8,81.8,82.0,0.0,1.0,0.0,0.0,0.0,0.0,0.0,0.0,0.0,0.0,1.0,1.0,0.0,0.0,0.0,0.0,66.82
UICS25-239,Urdaneta I Central School,11,79.0,79.0,79.0,79.0,86.0,84.0,85.0,86.0,83.0,81.0,83.0,81.0,81.0,81,80,79,78,79,80.0,80,81,80,81,1,81.8,80.8,81.4,81.2,79.66666666666667,0.0,1.0,0.0,0.0,0.0,1.0,0.0,0.0,0.0,0.0,0.0,1.0,0.0,0.0,0.0,0.0,66.82
DAPSMECSE25-028,Don Amadeo Perez Sr. Memorial Elementary School - East,11,79.0,79.0,78.0,79.0,81.0,81.0,78.0,80.0,79.0,78.0,79.0,78.0,78.0,82,82,82,82,82,80.0,80,79,75,81,1,80.2,80.0,79.2,80.0,78.33333333333333,0.0,1.0,0.0,0.0,0.0,1.0,0.0,0.0,0.0,0.0,0.0,1.0,0.0,0.0,0.0,0.0,75.71
UICS25-180,Urdaneta I Central School,11,85.0,84.0,81.0,81.0,80.0,80.0,80.0,80.0,82.0,80.0,81.0,82.0,82.0,87,85,86,86,86,88.0,83,85,84,86,1,84.4,82.4,82.6,83.0,84.0,1.0,0.0,0.0,0.0,0.0,1.0,0.0,0.0,0.0,0.0,0.0,1.0,0.0,0.0,0.0,0.0,66.82
UISC25-079,Urdaneta City SPED Center,11,91.0,93.0,86.0,89.0,93.0,93.0,93.0,93.0,93.0,93.0,93.0,93.0,93.0,89,91,89,91,88,89.0,90,88,90,89,1,91.0,92.0,89.8,90.4,91.33333333333333,0.0,1.0,0.0,0.0,0.0,1.0,0.0,0.0,0.0,0.0,0.0,1.0,0.0,0.0,0.0,0.0,72.08
UICS25-012,Urdaneta I Central School,12,83.0,83.0,83.0,87.0,86.0,86.0,86.0,86.0,85.0,85.0,85.0,85.0,85.0,86,84,86,84,85,88.0,86,85,86,89,1,85.6,84.8,85.0,86.4,85.0,1.0,0.0,0.0,0.0,0.0,0.0,0.0,0.0,0.0,0.0,1.0,1.0,0.0,0.0,0.0,0.0,66.82
LANES24-007,Lananpin Elementary School,12,83.0,82.0,80.0,83.0,83.0,82.0,83.0,83.0,82.0,81.0,81.0,82.0,81.0,83,82,82,81,82,87.0,86,86,87,86,0,83.6,82.6,82.4,83.0,83.33333333333333,0.0,1.0,0.0,0.0,0.0,1.0,0.0,0.0,0.0,0.0,0.0,1.0,0.0,0.0,0.0,0.0,78.31
LANES25-059,Lananpin Elementary School,11,90.0,91.0,87.0,87.0,84.0,84.0,85.0,86.0,86.0,86.0,86.0,86.0,86.0,84,82,81,82,83,85.0,85,84,84,86,1,85.8,85.6,84.6,85.6,84.0,1.0,0.0,0.0,0.0,0.0,1.0,0.0,0.0,0.0,0.0,0.0,1.0,0.0,0.0,0.0,0.0,62.7
UICS24-025,Urdaneta I Central School,12,82.0,80.0,82.0,83.0,80.0,80.0,80.0,80.0,81.0,80.0,80.0,79.0,79.0,83,83,82,82,82,78.0,78,78,79,78,0,80.8,80.2,80.4,80.4,80.0,0.0,1.0,0.0,0.0,0.0,1.0,0.0,0.0,0.0,0.0,0.0,1.0,0.0,0.0,0.0,0.0,74.03
UICS25-020,Urdaneta I Central School,11,83.0,82.0,83.0,83.0,88.0,86.0,86.0,86.0,87.0,86.0,85.0,86.0,86.0,89,89,89,89,89,90.0,92,89,90,90,1,87.4,87.0,86.4,86.8,88.33333333333333,1.0,0.0,0.0,0.0,0.0,0.0,0.0,0.0,0.0,0.0,1.0,1.0,0.0,0.0,0.0,0.0,66.82
DCBMES25-006,Don Clemente Blanco Memorial Elementary School,11,79.0,76.0,79.0,76.0,77.0,76.0,78.0,79.0,84.0,81.0,82.0,82.0,82.0,84,81,81,82,83,82.0,82,83,81,83,1,81.2,79.2,80.6,80.6,81.66666666666667,0.0,1.0,0.0,0.0,0.0,1.0,0.0,0.0,0.0,0.0,0.0,1.0,0.0,0.0,0.0,0.0,33.59
BES25-030,Badipa Elementary School,11,86.0,85.0,85.0,85.0,88.0,87.0,86.0,90.0,86.0,86.0,86.0,86.0,86.0,85,84,84,84,84,83.0,82,84,84,83,1,85.6,84.8,85.0,85.6,84.66666666666667,1.0,0.0,0.0,0.0,0.0,1.0,0.0,0.0,0.0,0.0,0.0,1.0,0.0,0.0,0.0,0.0,80.54
UICS25-266,Urdaneta I Central School,12,86.0,85.0,86.0,85.0,88.0,88.0,89.0,89.0,87.0,88.0,87.0,87.0,88.0,79,78,79,80,80,81.0,81,80,81,82,1,84.2,84.0,84.2,84.8,82.66666666666667,1.0,0.0,0.0,0.0,0.0,0.0,0.0,0.0,0.0,0.0,1.0,1.0,0.0,0.0,0.0,0.0,66.82
UICS25-004,Urdaneta I Central School,11,90.0,90.0,90.0,90.0,89.0,89.0,89.0,90.0,89.0,88.0,87.0,87.0,88.0,87,89,88,87,89,88.0,89,92,91,91,1,88.6,89.0,89.2,89.6,88.33333333333333,0.0,1.0,0.0,0.0,0.0,0.0,0.0,0.0,0.0,0.0,1.0,1.0,0.0,0.0,0.0,0.0,66.82
UICS25-175,Urdaneta I Central School,11,82.0,81.0,80.0,81.0,83.0,82.0,81.0,82.0,83.0,83.0,84.0,82.0,83.0,85,84,84,83,85,86.0,86,85,87,83,1,83.8,83.2,82.8,82.8,84.0,0.0,1.0,0.0,0.0,0.0,1.0,0.0,0.0,0.0,0.0,0.0,1.0,0.0,0.0,0.0,0.0,66.82
LANES25-127,Lananpin Elementary School,11,76.0,76.0,78.0,80.0,78.0,78.0,79.0,81.0,80.0,78.0,79.0,80.0,80.0,80,78,78,80,79,76.0,76,76,76,76,1,78.0,77.2,78.0,79.2,78.66666666666667,0.0,1.0,0.0,0.0,0.0,1.0,0.0,0.0,0.0,0.0,0.0,0.0,0.0,0.0,0.0,1.0,62.7
BES25-193,Badipa Elementary School,11,82.0,81.0,82.0,82.0,80.0,82.0,82.0,82.0,79.0,79.0,79.0,79.0,79.0,85,85,84,82,82,81.0,81,80,81,80,1,81.4,81.6,81.4,81.0,80.66666666666667,1.0,0.0,0.0,0.0,0.0,1.0,0.0,0.0,0.0,0.0,0.0,1.0,0.0,0.0,0.0,0.0,80.54
UISC24-025,Urdaneta City SPED Center,11,89.0,91.0,88.0,91.0,93.0,90.0,91.0,90.0,93.0,92.0,92.0,91.0,92.0,88,91,89,90,89,90.0,89,89,89,90,0,90.6,90.6,89.8,90.4,90.0,0.0,1.0,0.0,0.0,0.0,1.0,0.0,0.0,0.0,0.0,0.0,1.0,0.0,0.0,0.0,0.0,76.93
BES25-060,Badipa Elementary School,12,84.0,80.0,84.0,84.0,88.0,86.0,87.0,89.0,84.0,84.0,85.0,84.0,85.0,85,83,83,84,85,83.0,81,83,82,82,1,84.8,82.8,84.4,85.0,83.33333333333333,0.0,1.0,0.0,0.0,0.0,1.0,0.0,0.0,0.0,0.0,0.0,1.0,0.0,0.0,0.0,0.0,80.54
DAFSIS25-048,Don Alipio Fernandez Sr. Integrated School,11,87.0,89.0,89.0,91.0,84.0,83.0,84.0,84.0,91.0,91.0,90.0,91.0,91.0,93,94,91,92,94,94.0,95,92,92,91,1,89.8,90.4,89.2,90.2,91.66666666666667,0.0,1.0,0.0,0.0,0.0,1.0,0.0,0.0,0.0,0.0,0.0,1.0,0.0,0.0,0.0,0.0,73.08
UICS25-315,Urdaneta I Central School,11,88.0,87.0,88.0,88.0,93.0,91.0,92.0,91.0,86.0,85.0,84.0,84.0,85.0,87,90,88,87,88,83.0,84,83,86,86,1,87.4,87.4,87.0,87.6,85.66666666666667,1.0,0.0,0.0,0.0,0.0,0.0,0.0,0.0,0.0,0.0,1.0,0.0,0.0,0.0,0.0,1.0,66.82
UICS24-062,Urdaneta I Central School,11,83.0,80.0,82.0,82.0,86.0,85.0,84.0,84.0,83.0,82.0,82.0,82.0,82.0,82,83,83,82,82,82.0,81,81,83,84,0,83.2,82.2,82.4,82.8,82.33333333333333,0.0,1.0,0.0,0.0,0.0,1.0,0.0,0.0,0.0,0.0,0.0,1.0,0.0,0.0,0.0,0.0,74.03
UISC25-032,Urdaneta City SPED Center,12,85.0,84.0,86.0,84.0,85.0,85.0,84.0,84.0,88.0,87.0,88.0,87.0,87.0,92,91,93,92,92,92.0,92,93,91,91,1,88.4,87.8,88.8,87.6,90.0,0.0,1.0,0.0,0.0,0.0,0.0,0.0,0.0,0.0,0.0,1.0,1.0,0.0,0.0,0.0,0.0,72.08
UICS25-210,Urdaneta I Central School,11,83.0,82.0,82.0,82.0,82.0,84.0,84.0,83.0,84.91689751,85.0,87.0,86.0,86.0,84,85,83,81,83,86.0,86,83,85,83,1,83.983379502,84.4,83.8,83.4,84.0,0.0,1.0,0.0,0.0,0.0,0.0,0.0,0.0,0.0,0.0,1.0,0.0,0.0,1.0,0.0,0.0,66.82
UISC25-073,Urdaneta City SPED Center,11,92.0,92.0,90.0,90.0,95.0,95.0,94.0,95.0,94.0,94.0,94.0,94.0,94.0,88,91,89,91,89,91.0,92,90,92,88,1,92.0,92.8,91.4,91.2,92.33333333333333,1.0,0.0,0.0,0.0,0.0,0.0,0.0,0.0,0.0,0.0,1.0,1.0,0.0,0.0,0.0,0.0,72.08
UICS24-063,Urdaneta I Central School,11,81.0,80.0,80.0,81.0,81.0,81.0,81.0,81.0,81.0,80.0,81.0,81.0,81.0,82,79,79,79,79,83.0,81,81,81,84,0,81.6,80.2,80.4,81.2,80.33333333333333,0.0,1.0,0.0,0.0,0.0,0.0,0.0,0.0,0.0,0.0,1.0,1.0,0.0,0.0,0.0,0.0,74.03
LANES25-077,Lananpin Elementary School,11,86.0,87.0,85.0,86.0,85.0,85.0,84.0,85.0,85.0,84.0,84.0,84.0,85.0,85,84,83,85,85,86.0,87,88,88,88,1,85.4,85.4,84.8,85.8,85.66666666666667,1.0,0.0,0.0,0.0,0.0,1.0,0.0,0.0,0.0,0.0,0.0,1.0,0.0,0.0,0.0,0.0,62.7
BES25-166,Badipa Elementary School,11,92.0,93.0,91.0,91.0,88.0,88.0,87.0,89.0,86.0,86.0,86.0,86.0,86.0,89,90,90,89,91,93.0,94,94,92,91,1,89.6,90.2,89.6,89.6,89.0,1.0,0.0,0.0,0.0,0.0,1.0,0.0,0.0,0.0,0.0,0.0,1.0,0.0,0.0,0.0,0.0,80.54
UICS25-324,Urdaneta I Central School,11,89.0,88.0,89.0,90.0,89.0,89.0,89.0,89.0,90.0,87.0,87.0,89.0,89.0,89,88,87,88,87,92.0,91,91,91,92,1,89.8,88.6,88.6,89.4,89.33333333333333,1.0,0.0,0.0,0.0,0.0,0.0,0.0,0.0,0.0,0.0,1.0,1.0,0.0,0.0,0.0,0.0,66.82
BES25-142,Badipa Elementary School,11,88.0,78.0,79.0,79.0,82.0,80.0,80.0,80.0,80.0,79.0,79.0,79.0,79.0,82,82,82,82,82,83.0,81,81,81,82,1,83.0,80.0,80.2,80.4,80.66666666666667,0.0,1.0,0.0,0.0,0.0,1.0,0.0,0.0,0.0,0.0,0.0,1.0,0.0,0.0,0.0,0.0,80.54
BES25-078,Badipa Elementary School,13,75.0,76.0,75.0,76.0,76.0,76.0,76.0,77.0,77.0,76.0,76.0,76.0,76.0,76,76,76,76,76,75.0,75,75,75,75,1,75.8,75.8,75.6,76.0,75.66666666666667,1.0,0.0,0.0,0.0,0.0,1.0,0.0,0.0,0.0,0.0,0.0,1.0,0.0,0.0,0.0,0.0,80.54
UICS25-191,Urdaneta I Central School,11,80.0,77.0,80.0,84.0,84.0,84.0,84.0,86.0,83.0,81.0,82.0,82.0,83.0,79,78,77,79,79,79.0,80,79,79,81,1,81.0,80.0,80.4,82.6,80.0,0.0,1.0,0.0,0.0,0.0,0.0,0.0,0.0,0.0,0.0,1.0,1.0,0.0,0.0,0.0,0.0,66.82
UICS25-160,Urdaneta I Central School,11,78.0,78.0,75.0,77.0,80.0,80.0,80.0,82.0,80.0,79.0,79.0,80.0,80.0,76,76,76,76,77,76.0,76,76,76,77,1,78.0,77.8,77.2,78.6,77.33333333333333,0.0,1.0,0.0,0.0,0.0,0.0,0.0,0.0,0.0,0.0,1.0,1.0,0.0,0.0,0.0,0.0,66.82
UISC25-089,Urdaneta City SPED Center,11,89.0,87.0,90.0,90.0,91.0,90.0,90.0,90.0,89.0,89.0,88.0,89.0,90.0,94,93,91,88,89,92.0,94,91,93,92,1,91.0,90.6,90.0,90.2,90.0,1.0,0.0,0.0,0.0,0.0,1.0,0.0,0.0,0.0,0.0,0.0,1.0,0.0,0.0,0.0,0.0,72.08
NAN25-061,Nancayasan Elementary School,11,87.0,93.0,91.0,85.0,92.0,76.0,90.0,95.0,95.0,79.0,80.0,93.0,86.0,83,83,81,92,95,95.0,81,79,80,91,1,90.4,82.4,84.2,90.4,88.33333333333333,0.0,1.0,0.0,0.0,0.0,1.0,0.0,0.0,0.0,0.0,0.0,1.0,0.0,0.0,0.0,0.0,58.64
UICS25-025,Urdaneta I Central School,11,86.0,81.0,87.0,85.0,89.0,89.0,89.0,89.0,90.0,89.0,88.0,87.0,87.0,92,91,92,92,91,89.0,87,84,85,88,1,89.2,87.4,88.0,88.0,88.0,0.0,1.0,0.0,0.0,0.0,0.0,0.0,0.0,0.0,0.0,1.0,1.0,0.0,0.0,0.0,0.0,66.82
UICS25-370,Urdaneta I Central School,11,82.0,80.0,85.0,84.0,86.0,84.0,84.0,85.0,84.0,82.0,82.0,82.0,84.0,78,77,77,77,77,78.0,78,78,78,78,1,81.6,80.2,81.2,81.6,79.0,0.0,1.0,0.0,0.0,0.0,0.0,0.0,0.0,0.0,0.0,1.0,0.0,0.0,1.0,0.0,0.0,66.82
DAFSIS25-021,Don Alipio Fernandez Sr. Integrated School,11,80.0,82.0,80.0,81.0,79.0,80.0,78.0,79.0,81.0,80.0,80.0,82.0,80.0,85,85,84,84,86,87.0,85,83,84,84,1,82.4,82.4,81.0,82.0,83.33333333333333,1.0,0.0,0.0,0.0,0.0,1.0,0.0,0.0,0.0,0.0,0.0,1.0,0.0,0.0,0.0,0.0,73.08
BES25-121,Badipa Elementary School,11,79.0,78.0,80.0,85.0,82.0,82.0,82.0,84.0,77.0,77.0,77.0,77.0,77.0,80,79,79,79,81,81.0,81,81,81,81,1,79.8,79.4,79.8,81.6,79.0,1.0,0.0,0.0,0.0,0.0,1.0,0.0,0.0,0.0,0.0,0.0,1.0,0.0,0.0,0.0,0.0,80.54
UICS24-027,Urdaneta I Central School,12,78.0,78.0,78.0,80.0,75.0,75.0,75.0,75.0,79.0,78.0,78.0,79.0,79.0,83,83,83,83,83,79.0,78,78,78,79,0,78.8,78.4,78.4,79.2,80.0,0.0,1.0,0.0,0.0,0.0,1.0,0.0,0.0,0.0,0.0,0.0,1.0,0.0,0.0,0.0,0.0,74.03
BES25-114,Badipa Elementary School,11,82.0,82.0,82.0,81.0,87.0,87.0,87.0,87.0,85.0,84.0,84.0,84.0,84.0,79,78,78,78,79,81.0,81,81,81,81,1,82.8,82.4,82.4,82.4,81.0,1.0,0.0,0.0,0.0,0.0,1.0,0.0,0.0,0.0,0.0,0.0,1.0,0.0,0.0,0.0,0.0,80.54
LANES25-001,Lananpin Elementary School,12,78.0,78.0,78.0,78.0,80.0,81.0,81.0,80.0,81.0,79.0,80.0,79.0,80.0,77,78,78,79,80,81.0,79,79,79,80,1,79.4,79.0,79.2,79.6,79.0,0.0,1.0,0.0,0.0,0.0,1.0,0.0,0.0,0.0,0.0,0.0,1.0,0.0,0.0,0.0,0.0,62.7
DCBMES25-014,Don Clemente Blanco Memorial Elementary School,11,84.0,80.0,85.0,84.0,87.0,86.0,87.0,87.0,85.0,84.0,85.0,84.0,84.0,85,82,85,86,85,86.0,87,87,87,87,1,85.4,83.8,85.8,85.4,85.66666666666667,1.0,0.0,0.0,0.0,0.0,1.0,0.0,0.0,0.0,0.0,0.0,1.0,0.0,0.0,0.0,0.0,33.59
LANES25-063,Lananpin Elementary School,11,88.0,87.0,87.0,85.0,86.0,86.0,86.0,87.0,90.0,89.0,90.0,89.0,89.0,92,91,91,90,91,87.0,86,87,86,86,1,88.6,87.8,88.2,87.6,88.33333333333333,1.0,0.0,0.0,0.0,0.0,1.0,0.0,0.0,0.0,0.0,0.0,1.0,0.0,0.0,0.0,0.0,62.7
UICS24-005,Urdaneta I Central School,11,75.0,75.0,76.0,75.0,75.0,76.0,75.0,75.0,79.0,78.0,78.0,79.0,79.0,82,82,82,82,82,87.0,87,87,87,87,0,79.6,79.6,79.6,79.6,82.66666666666667,0.0,1.0,0.0,0.0,0.0,1.0,0.0,0.0,0.0,0.0,0.0,1.0,0.0,0.0,0.0,0.0,74.03
UICS25-039,Urdaneta I Central School,12,77.0,79.0,79.0,77.0,81.0,82.0,82.0,82.0,89.0,88.0,89.0,87.0,85.0,87,87,85,84,89,87.0,89,88,88,87,1,84.2,85.0,84.6,84.0,86.33333333333333,0.0,1.0,0.0,0.0,0.0,0.0,0.0,0.0,0.0,0.0,1.0,1.0,0.0,0.0,0.0,0.0,66.82
UISC25-105,Urdaneta City SPED Center,12,92.0,93.0,96.0,93.0,94.0,93.0,92.0,93.0,95.0,94.0,93.0,94.0,94.0,92,95,92,91,91,91.0,92,92,91,90,1,92.8,93.4,93.0,92.2,92.0,1.0,0.0,0.0,0.0,0.0,1.0,0.0,0.0,0.0,0.0,0.0,1.0,0.0,0.0,0.0,0.0,72.08
NAN25-046,Nancayasan Elementary School,13,94.0,92.0,76.0,88.0,89.0,78.0,94.0,85.0,89.0,92.0,77.0,82.0,87.0,86,90,85,76,82,84.0,83,83,87,77,1,88.4,87.0,83.0,83.8,81.66666666666667,1.0,0.0,0.0,0.0,0.0,1.0,0.0,0.0,0.0,0.0,0.0,1.0,0.0,0.0,0.0,0.0,58.64
NAN24-012,Nancayasan Elementary School,11,85.0,85.0,85.0,85.0,82.0,81.0,82.0,81.0,88.0,85.0,86.0,84.0,86.0,80,80,80,80,80,86.0,86,86,85,85,0,84.2,83.4,83.8,83.4,83.0,0.0,1.0,0.0,0.0,0.0,1.0,0.0,0.0,0.0,0.0,0.0,1.0,0.0,0.0,0.0,0.0,65.57
UISC25-076,Urdaneta City SPED Center,12,93.0,93.0,93.0,94.0,96.0,96.0,96.0,95.0,96.0,96.0,96.0,95.0,96.0,94,96,93,94,95,91.0,94,94,93,94,1,94.0,95.0,94.4,94.8,94.0,0.0,1.0,0.0,0.0,0.0,0.0,0.0,0.0,0.0,0.0,1.0,1.0,0.0,0.0,0.0,0.0,72.08
UICS24-034,Urdaneta I Central School,12,80.0,80.0,78.0,79.0,79.0,78.0,79.0,80.0,81.0,80.0,80.0,81.0,82.0,82,82,82,82,82,85.0,82,84,81,81,0,81.4,80.4,80.6,80.8,81.33333333333333,0.0,1.0,0.0,0.0,0.0,1.0,0.0,0.0,0.0,0.0,0.0,1.0,0.0,0.0,0.0,0.0,74.03
UICS25-113,Urdaneta I Central School,11,81.0,81.0,80.0,80.0,88.0,87.0,87.0,86.0,86.0,85.0,86.0,85.0,86.0,78,78,78,79,79,81.0,81,80,81,81,1,82.8,82.4,82.2,82.4,81.66666666666667,0.0,1.0,0.0,0.0,0.0,0.0,0.0,0.0,0.0,0.0,1.0,1.0,0.0,0.0,0.0,0.0,66.82
BES24-011,Badipa Elementary School,13,81.0,81.0,80.0,79.0,77.0,77.0,77.0,77.0,78.0,78.0,78.0,80.0,78.0,78,78,77,79,77,83.0,82,83,83,83,0,79.4,79.2,79.0,78.8,80.66666666666667,1.0,0.0,0.0,0.0,0.0,1.0,0.0,0.0,0.0,0.0,0.0,1.0,0.0,0.0,0.0,0.0,75.7
LANES24-003,Lananpin Elementary School,11,80.0,81.0,80.0,80.0,82.0,81.0,83.0,83.0,75.0,76.0,76.0,75.0,75.0,77,76,76,77,77,83.0,82,84,82,83,0,79.4,79.2,79.8,79.6,78.0,0.0,1.0,0.0,0.0,0.0,1.0,0.0,0.0,0.0,0.0,0.0,1.0,0.0,0.0,0.0,0.0,78.31
BES25-207,Badipa Elementary School,11,78.0,76.0,76.0,78.0,79.0,78.0,78.0,78.0,79.0,79.0,79.0,79.0,79.0,85,85,85,84,85,85.0,83,82,82,85,1,81.2,80.2,80.0,81.0,81.66666666666667,0.0,1.0,0.0,0.0,0.0,1.0,0.0,0.0,0.0,0.0,0.0,1.0,0.0,0.0,0.0,0.0,80.54
DAPSMECSE25-006,Don Amadeo Perez Sr. Memorial Elementary School - East,12,81.0,81.0,79.0,83.0,88.0,85.0,86.0,89.0,87.0,86.0,85.0,86.0,87.0,87,85,86,84,86,82.0,81,83,84,84,1,85.0,83.6,83.8,85.8,84.66666666666667,1.0,0.0,0.0,0.0,0.0,1.0,0.0,0.0,0.0,0.0,0.0,1.0,0.0,0.0,0.0,0.0,75.71
LANES25-088,Lananpin Elementary School,11,79.0,79.0,79.0,81.0,83.0,82.0,82.0,84.0,85.0,84.0,85.0,84.0,85.0,83,82,84,84,84,84.0,86,86,84,85,1,82.8,82.6,83.2,83.8,84.0,0.0,1.0,0.0,0.0,0.0,1.0,0.0,0.0,0.0,0.0,0.0,0.0,0.0,1.0,0.0,0.0,62.7
UICS25-258,Urdaneta I Central School,11,83.0,82.0,83.0,84.0,88.0,87.0,88.0,89.0,86.0,86.0,86.0,86.0,87.0,82,81,80,80,80,83.0,82,80,81,83,1,84.4,83.6,83.4,84.6,82.33333333333333,1.0,0.0,0.0,0.0,0.0,0.0,0.0,0.0,0.0,0.0,1.0,1.0,0.0,0.0,0.0,0.0,66.82
LANES25-107,Lananpin Elementary School,11,84.0,83.0,85.0,86.0,86.0,86.0,90.0,88.0,88.0,88.0,88.0,88.0,88.0,86,85,84,85,86,86.0,87,87,87,87,1,86.0,85.8,86.8,87.0,86.66666666666667,0.0,1.0,0.0,0.0,0.0,1.0,0.0,0.0,0.0,0.0,0.0,1.0,0.0,0.0,0.0,0.0,62.7
DAFSIS25-003,Don Alipio Fernandez Sr. Integrated School,11,88.0,87.0,87.0,86.0,86.0,83.0,85.0,84.0,87.0,85.0,87.0,86.0,86.0,85,84,85,85,84,82.0,84,85,85,80,1,85.6,84.6,85.8,84.0,85.33333333333333,0.0,1.0,0.0,0.0,0.0,1.0,0.0,0.0,0.0,0.0,0.0,1.0,0.0,0.0,0.0,0.0,73.08
LANES25-066,Lananpin Elementary School,11,81.0,76.0,77.0,77.0,81.0,81.0,81.0,81.0,81.0,80.0,81.0,81.0,82.0,77,79,77,78,79,81.0,79,78,79,79,1,80.2,79.0,78.8,79.6,79.33333333333333,0.0,1.0,0.0,0.0,0.0,1.0,0.0,0.0,0.0,0.0,0.0,1.0,0.0,0.0,0.0,0.0,62.7
BES25-211,Badipa Elementary School,11,86.0,87.0,85.0,85.0,84.0,81.0,81.0,86.0,84.0,84.0,84.0,84.0,84.0,83,83,82,82,83,84.0,82,85,85,85,1,84.2,83.4,83.4,84.6,83.66666666666667,0.0,1.0,0.0,0.0,0.0,1.0,0.0,0.0,0.0,0.0,0.0,1.0,0.0,0.0,0.0,0.0,80.54
UICS25-349,Urdaneta I Central School,11,84.0,83.0,83.0,83.0,88.0,87.0,88.0,89.0,87.0,87.0,87.0,87.0,87.0,86,86,87,86,86,86.0,87,86,87,86,1,86.2,86.0,86.2,86.2,86.66666666666667,1.0,0.0,0.0,0.0,0.0,0.0,0.0,0.0,0.0,0.0,1.0,1.0,0.0,0.0,0.0,0.0,66.82
LANES25-110,Lananpin Elementary School,12,84.0,83.0,85.0,84.0,84.0,84.0,84.0,84.0,84.0,84.0,84.0,84.0,84.0,84,83,83,83,84,84.0,83,83,83,82,1,84.0,83.4,83.8,83.6,83.33333333333333,0.0,1.0,0.0,0.0,0.0,1.0,0.0,0.0,0.0,0.0,0.0,1.0,0.0,0.0,0.0,0.0,62.7
BES24-031,Badipa Elementary School,11,86.0,84.0,86.0,88.0,82.0,81.0,81.0,83.0,77.0,77.0,77.0,77.0,77.0,78,77,77,77,78,82.0,80,79,79,81,0,81.0,79.8,80.0,81.4,77.66666666666667,1.0,0.0,0.0,0.0,0.0,1.0,0.0,0.0,0.0,0.0,0.0,1.0,0.0,0.0,0.0,0.0,75.7
LANES25-030,Lananpin Elementary School,12,84.0,82.0,82.0,84.0,91.0,91.0,92.0,91.0,93.0,92.0,91.0,93.0,92.0,88,84,87,84,86,89.0,88,90,84,85,1,89.0,87.4,88.4,87.6,87.0,1.0,0.0,0.0,0.0,0.0,0.0,0.0,0.0,0.0,0.0,1.0,1.0,0.0,0.0,0.0,0.0,62.7
BES25-165,Badipa Elementary School,11,89.0,90.0,88.0,89.0,85.0,87.0,86.0,86.0,86.0,86.0,86.0,86.0,86.0,89,90,88,89,90,90.0,92,90,92,89,1,87.8,89.0,87.6,88.0,89.0,1.0,0.0,0.0,0.0,0.0,1.0,0.0,0.0,0.0,0.0,0.0,1.0,0.0,0.0,0.0,0.0,80.54
UICS25-064,Urdaneta I Central School,12,90.0,89.0,91.0,97.0,93.0,92.0,92.0,93.0,91.0,90.0,90.0,90.0,90.0,94,91,88,88,89,93.0,90,92,88,92,1,92.2,90.4,90.6,92.2,88.66666666666667,1.0,0.0,0.0,0.0,0.0,0.0,0.0,0.0,0.0,0.0,1.0,1.0,0.0,0.0,0.0,0.0,66.82
UISC25-120,Urdaneta City SPED Center,11,92.0,92.0,90.0,91.0,95.0,95.0,94.0,96.0,94.0,94.0,94.0,94.0,94.0,88,91,89,91,89,91.0,92,90,92,88,1,92.0,92.8,91.4,91.6,92.33333333333333,1.0,0.0,0.0,0.0,0.0,0.0,0.0,0.0,0.0,0.0,1.0,1.0,0.0,0.0,0.0,0.0,72.08
DAFSIS25-018,Don Alipio Fernandez Sr. Integrated School,11,85.0,86.0,85.0,85.0,86.0,85.0,84.0,86.0,81.0,81.0,81.0,81.0,81.0,78,78,82,79,80,90.0,87,89,86,87,1,84.0,83.4,84.2,83.8,82.0,1.0,0.0,0.0,0.0,0.0,1.0,0.0,0.0,0.0,0.0,0.0,1.0,0.0,0.0,0.0,0.0,73.08
LANES25-104,Lananpin Elementary School,11,86.0,87.0,84.0,86.0,86.0,84.0,87.0,86.0,84.0,83.0,84.0,84.0,83.0,91,90,90,90,90,88.0,86,86,88,86,1,87.0,86.0,86.2,86.2,87.33333333333333,0.0,1.0,0.0,0.0,0.0,1.0,0.0,0.0,0.0,0.0,0.0,1.0,0.0,0.0,0.0,0.0,62.7
DAFSIS25-043,Don Alipio Fernandez Sr. Integrated School,11,76.0,76.0,77.0,77.0,75.0,75.0,75.0,75.0,80.0,78.0,78.0,79.0,79.0,77,76,77,77,78,76.0,79,78,79,77,1,76.8,76.8,77.0,77.2,78.33333333333333,0.0,1.0,0.0,0.0,0.0,1.0,0.0,0.0,0.0,0.0,0.0,1.0,0.0,0.0,0.0,0.0,73.08
UICS25-354,Urdaneta I Central School,11,77.0,76.0,75.0,77.0,86.0,82.0,84.0,83.0,86.0,86.0,87.0,86.0,85.0,78,78,78,78,78,79.0,79,78,78,79,1,81.2,80.2,80.4,80.4,80.66666666666667,0.0,1.0,0.0,0.0,0.0,0.0,0.0,0.0,0.0,0.0,1.0,1.0,0.0,0.0,0.0,0.0,66.82
UICS25-288,Urdaneta I Central School,11,83.0,81.0,83.0,83.0,86.0,85.0,85.0,86.0,84.0,84.0,82.0,81.0,83.0,84,85,88,85,85,84.0,83,85,84,85,1,84.2,83.6,84.6,84.4,83.33333333333333,0.0,1.0,0.0,0.0,0.0,0.0,0.0,0.0,0.0,0.0,1.0,1.0,0.0,0.0,0.0,0.0,66.82
UICS25-392,Urdaneta I Central School,11,88.0,87.0,89.0,86.0,88.0,88.0,88.0,89.0,89.0,88.0,89.0,87.0,87.0,91,91,90,91,90,88.0,88,87,86,88,1,88.8,88.4,88.6,88.0,88.0,1.0,0.0,0.0,0.0,0.0,1.0,0.0,0.0,0.0,0.0,0.0,1.0,0.0,0.0,0.0,0.0,66.82
NAN24-001,Nancayasan Elementary School,11,85.0,85.0,85.0,85.0,84.0,86.0,88.0,87.0,88.0,88.0,88.0,89.0,88.0,89,88,87,88,89,90.0,89,88,89,88,0,87.2,87.2,87.2,87.4,88.66666666666667,1.0,0.0,0.0,0.0,0.0,1.0,0.0,0.0,0.0,0.0,0.0,1.0,0.0,0.0,0.0,0.0,65.57
UICS25-205,Urdaneta I Central School,12,85.0,86.0,86.0,86.0,86.0,80.0,83.0,80.0,84.91689751,80.0,80.0,80.0,80.0,80,80,83,82,80,83.0,84,86,85,85,1,83.783379502,82.0,83.6,82.2,82.33333333333333,1.0,0.0,0.0,0.0,0.0,0.0,0.0,0.0,0.0,0.0,1.0,1.0,0.0,0.0,0.0,0.0,66.82
UICS25-269,Urdaneta I Central School,13,86.0,86.0,87.0,87.0,87.0,87.0,86.0,86.0,84.0,83.0,82.0,82.0,83.0,81,80,80,81,81,83.0,82,82,82,83,1,84.2,83.6,83.4,84.0,81.66666666666667,0.0,1.0,0.0,0.0,0.0,0.0,0.0,0.0,0.0,0.0,1.0,1.0,0.0,0.0,0.0,0.0,66.82
DAPSMECSE25-033,Don Amadeo Perez Sr. Memorial Elementary School - East,11,75.0,75.0,75.0,75.0,76.0,75.0,75.0,76.0,76.0,76.0,76.0,77.0,76.0,80,79,79,80,80,89.0,88,88,88,87,1,79.2,78.6,78.6,78.8,81.66666666666667,0.0,1.0,0.0,0.0,0.0,1.0,0.0,0.0,0.0,0.0,0.0,1.0,0.0,0.0,0.0,0.0,75.71
LANES25-006,Lananpin Elementary School,12,75.0,75.0,75.0,75.0,75.0,75.0,75.0,75.0,75.0,75.0,75.0,75.0,75.0,81,80,80,81,80,80.0,78,77,78,78,1,77.2,76.6,76.4,76.6,78.0,1.0,0.0,0.0,0.0,0.0,1.0,0.0,0.0,0.0,0.0,0.0,1.0,0.0,0.0,0.0,0.0,62.7
UICS25-049,Urdaneta I Central School,12,89.0,91.0,87.0,88.0,90.0,89.0,90.0,90.0,89.0,89.0,89.0,87.0,87.0,91,91,93,91,91,89.0,87,89,88,90,1,89.6,89.4,89.6,89.2,88.66666666666667,0.0,1.0,0.0,0.0,0.0,0.0,0.0,0.0,0.0,0.0,1.0,0.0,0.0,1.0,0.0,0.0,66.82
UISC25-029,Urdaneta City SPED Center,11,88.0,89.0,87.0,89.0,92.0,92.0,92.0,93.0,92.0,92.0,91.0,91.0,92.0,89,88,88,87,88,87.0,83,86,88,86,1,89.6,88.8,88.8,89.6,88.66666666666667,1.0,0.0,0.0,0.0,0.0,0.0,0.0,0.0,0.0,0.0,1.0,1.0,0.0,0.0,0.0,0.0,72.08
NAN25-021,Nancayasan Elementary School,11,95.0,96.0,95.0,94.0,94.0,93.0,96.0,94.0,95.0,94.0,96.0,94.0,94.0,93,92,94,92,92,94.0,93,93,93,92,1,94.2,93.6,94.8,93.2,93.0,0.0,1.0,0.0,0.0,0.0,1.0,0.0,0.0,0.0,0.0,0.0,1.0,0.0,0.0,0.0,0.0,58.64
LANES25-087,Lananpin Elementary School,11,82.0,82.0,82.0,82.0,83.0,83.0,83.0,83.0,84.0,83.0,83.0,83.0,84.0,86,85,84,84,85,85.0,83,84,85,84,1,84.0,83.2,83.2,83.6,84.0,0.0,1.0,0.0,0.0,0.0,1.0,0.0,0.0,0.0,0.0,0.0,1.0,0.0,0.0,0.0,0.0,62.7
DAFSIS24-003,Don Alipio Fernandez Sr. Integrated School,11,77.0,76.0,78.0,76.0,82.0,81.0,82.0,81.0,84.0,83.0,83.0,83.0,82.0,83,83,81,82,83,77.0,77,76,79,77,0,80.6,80.0,80.0,79.8,81.33333333333333,0.0,1.0,0.0,0.0,0.0,1.0,0.0,0.0,0.0,0.0,0.0,1.0,0.0,0.0,0.0,0.0,74.93
LANES25-091,Lananpin Elementary School,11,81.0,80.0,82.0,83.0,85.0,84.0,83.0,85.0,84.0,82.0,83.0,84.0,84.0,84,83,83,83,84,82.0,81,82,80,83,1,83.2,82.0,82.6,83.8,82.33333333333333,0.0,1.0,0.0,0.0,0.0,1.0,0.0,0.0,0.0,0.0,0.0,1.0,0.0,0.0,0.0,0.0,62.7
UISC25-106,Urdaneta City SPED Center,12,90.0,95.0,94.0,93.0,87.0,87.0,86.0,86.0,89.0,90.0,89.0,88.0,87.0,93,94,95,94,92,95.0,96,95,96,95,1,90.8,92.4,91.8,90.6,92.66666666666667,1.0,0.0,0.0,0.0,0.0,0.0,0.0,0.0,0.0,0.0,1.0,1.0,0.0,0.0,0.0,0.0,72.08
BES25-146,Badipa Elementary School,11,77.0,75.0,78.0,79.0,79.0,80.0,80.0,79.0,81.0,80.0,80.0,79.0,80.0,88,88,88,89,88,79.0,80,79,78,79,1,80.8,80.6,81.0,81.0,82.0,0.0,1.0,0.0,0.0,0.0,0.0,0.0,0.0,0.0,0.0,1.0,1.0,0.0,0.0,0.0,0.0,80.54
UICS25-124,Urdaneta I Central School,11,84.0,84.0,85.0,84.0,87.0,85.0,85.0,87.0,86.0,83.0,83.0,85.0,85.0,84,83,83,84,85,86.0,83,82,82,85,1,85.4,83.6,83.6,85.2,83.66666666666667,1.0,0.0,0.0,0.0,0.0,1.0,0.0,0.0,0.0,0.0,0.0,1.0,0.0,0.0,0.0,0.0,66.82
UICS25-248,Urdaneta I Central School,11,78.0,76.0,80.0,80.0,85.0,84.0,84.0,85.0,82.0,82.0,82.0,81.0,82.0,79,78,77,77,77,79.0,79,78,78,80,1,80.6,79.8,80.2,80.8,78.66666666666667,0.0,1.0,0.0,0.0,0.0,1.0,0.0,0.0,0.0,0.0,0.0,1.0,0.0,0.0,0.0,0.0,66.82
LANES25-098,Lananpin Elementary School,11,80.0,80.0,81.0,82.0,83.0,81.0,82.0,82.0,83.0,81.0,82.0,81.0,83.0,82,82,82,82,82,82.0,81,81,81,83,1,82.0,81.0,81.6,82.4,81.33333333333333,1.0,0.0,0.0,0.0,0.0,1.0,0.0,0.0,0.0,0.0,0.0,1.0,0.0,0.0,0.0,0.0,62.7
LANES25-102,Lananpin Elementary School,11,90.0,86.0,83.0,86.0,87.0,87.0,85.0,85.0,88.0,87.0,87.0,88.0,88.0,86,86,84,86,86,89.0,90,90,90,91,1,88.0,87.2,85.8,87.2,88.0,1.0,0.0,0.0,0.0,0.0,1.0,0.0,0.0,0.0,0.0,0.0,1.0,0.0,0.0,0.0,0.0,62.7
LANES25-054,Lananpin Elementary School,12,87.0,89.0,88.0,90.0,86.0,86.0,86.0,88.0,87.0,87.0,88.0,87.0,87.0,88,87,86,87,87,89.0,89,90,90,89,1,87.4,87.6,87.6,88.2,88.0,1.0,0.0,0.0,0.0,0.0,1.0,0.0,0.0,0.0,0.0,0.0,1.0,0.0,0.0,0.0,0.0,62.7
LANES25-016,Lananpin Elementary School,11,83.0,81.0,83.0,83.0,86.0,86.0,85.0,85.0,86.0,86.0,86.0,86.0,86.0,85,85,83,85,85,86.0,86,85,87,86,1,85.2,84.8,84.4,85.0,86.0,0.0,1.0,0.0,0.0,0.0,1.0,0.0,0.0,0.0,0.0,0.0,0.0,1.0,0.0,0.0,0.0,62.7
NAN25-052,Nancayasan Elementary School,12,84.0,84.0,84.0,89.0,76.0,89.0,86.0,87.0,88.0,77.0,81.0,75.0,94.0,77,75,81,94,84,76.0,77,89,75,92,1,80.2,80.4,84.2,89.2,81.33333333333333,0.0,1.0,0.0,0.0,0.0,0.0,0.0,0.0,0.0,0.0,1.0,1.0,0.0,0.0,0.0,0.0,58.64
UICS25-108,Urdaneta I Central School,11,83.0,81.0,82.0,83.0,84.0,82.0,82.0,84.0,84.0,80.0,84.0,82.0,83.0,86,84,86,86,85,84.0,83,82,82,83,1,84.2,82.0,83.2,83.6,83.33333333333333,1.0,0.0,0.0,0.0,0.0,1.0,0.0,0.0,0.0,0.0,0.0,1.0,0.0,0.0,0.0,0.0,66.82
DAPSMECSE25-017,Don Amadeo Perez Sr. Memorial Elementary School - East,10,79.0,79.0,78.0,79.0,81.0,81.0,78.0,80.0,79.0,78.0,79.0,78.0,78.0,82,82,82,82,82,80.0,80,79,78,81,1,80.2,80.0,79.2,80.0,79.33333333333333,0.0,1.0,0.0,0.0,0.0,1.0,0.0,0.0,0.0,0.0,0.0,1.0,0.0,0.0,0.0,0.0,75.71
UICS25-163,Urdaneta I Central School,13,75.0,76.0,75.0,75.0,77.0,76.0,76.0,77.0,76.0,76.0,76.0,76.0,76.0,75,75,75,75,75,76.0,76,76,76,76,1,75.8,75.8,75.6,75.8,75.66666666666667,0.0,1.0,0.0,0.0,0.0,1.0,0.0,0.0,0.0,0.0,0.0,1.0,0.0,0.0,0.0,0.0,66.82
UICS25-038,Urdaneta I Central School,12,84.0,83.0,85.0,84.0,88.0,87.0,86.0,87.0,87.0,86.0,85.0,85.0,85.0,83,84,85,85,87,88.0,89,88,89,89,1,86.0,85.8,85.8,86.4,86.33333333333333,1.0,0.0,0.0,0.0,0.0,0.0,0.0,0.0,0.0,0.0,1.0,1.0,0.0,0.0,0.0,0.0,66.82
UICS25-247,Urdaneta I Central School,11,78.0,78.0,79.0,80.0,79.0,78.0,80.0,80.0,82.0,81.0,81.0,82.0,81.0,82,80,80,80,80,82.0,80,80,80,82,1,80.6,79.4,80.0,80.6,80.66666666666667,0.0,1.0,0.0,0.0,0.0,0.0,0.0,0.0,0.0,0.0,1.0,1.0,0.0,0.0,0.0,0.0,66.82
UICS25-072,Urdaneta I Central School,12,86.0,84.0,84.0,85.0,88.0,87.0,87.0,87.0,87.0,86.0,86.0,86.0,87.0,91,91,91,91,91,88.0,88,87,88,90,1,88.0,87.2,87.0,88.0,88.33333333333333,0.0,1.0,0.0,0.0,0.0,0.0,0.0,0.0,0.0,0.0,1.0,0.0,1.0,0.0,0.0,0.0,66.82
DAPSMECSE25-026,Don Amadeo Perez Sr. Memorial Elementary School - East,15,86.0,85.0,86.0,86.0,83.0,82.0,83.0,83.0,83.0,82.0,81.0,83.0,82.0,86,84,85,85,86,84.0,82,86,87,85,1,84.4,83.0,84.2,84.4,85.0,1.0,0.0,0.0,0.0,0.0,0.0,0.0,0.0,0.0,0.0,1.0,1.0,0.0,0.0,0.0,0.0,75.71
UICS24-029,Urdaneta I Central School,12,76.0,76.0,76.0,76.0,79.0,78.0,78.0,79.0,82.0,81.0,81.0,82.0,81.0,80,80,80,80,80,79.0,78,78,78,79,0,79.2,78.6,78.6,79.0,80.0,1.0,0.0,0.0,0.0,0.0,1.0,0.0,0.0,0.0,0.0,0.0,1.0,0.0,0.0,0.0,0.0,74.03
LANES25-076,Lananpin Elementary School,12,75.0,75.0,75.0,76.0,76.0,76.0,76.0,76.0,82.0,80.0,80.0,80.0,82.0,80,78,79,79,81,81.0,77,77,77,77,1,78.8,77.2,77.4,78.4,78.66666666666667,0.0,1.0,0.0,0.0,0.0,0.0,0.0,0.0,0.0,0.0,1.0,0.0,0.0,0.0,0.0,1.0,62.7
UICS24-068,Urdaneta I Central School,11,81.0,80.0,80.0,80.0,82.0,81.0,82.0,83.0,82.0,82.0,81.0,81.0,82.0,83,82,81,81,81,83.0,82,81,81,80,0,82.2,81.4,81.0,81.2,81.0,0.0,1.0,0.0,0.0,0.0,0.0,0.0,0.0,0.0,0.0,1.0,1.0,0.0,0.0,0.0,0.0,74.03
LANES25-044,Lananpin Elementary School,11,88.0,91.0,88.0,89.0,85.0,84.0,85.0,86.0,90.0,89.0,90.0,89.0,90.0,93,91,88,92,91,90.0,90,90,90,90,1,89.2,89.0,88.2,89.2,90.33333333333333,0.0,1.0,0.0,0.0,0.0,1.0,0.0,0.0,0.0,0.0,0.0,1.0,0.0,0.0,0.0,0.0,62.7
DAFSIS25-045,Don Alipio Fernandez Sr. Integrated School,11,92.0,83.0,90.0,89.0,91.0,89.0,90.0,89.0,91.0,89.0,91.0,91.0,91.0,90,90,89,90,90,93.0,92,88,91,90,1,91.4,88.6,89.6,89.8,90.66666666666667,0.0,1.0,0.0,0.0,0.0,1.0,0.0,0.0,0.0,0.0,0.0,0.0,0.0,0.0,0.0,1.0,73.08
UICS25-141,Urdaneta I Central School,12,82.0,80.0,82.0,81.0,82.0,81.0,81.0,83.0,80.0,81.0,81.0,80.0,82.0,85,83,84,83,85,84.0,83,82,85,83,1,82.6,81.6,82.0,82.8,82.66666666666667,0.0,1.0,0.0,0.0,0.0,1.0,0.0,0.0,0.0,0.0,0.0,1.0,0.0,0.0,0.0,0.0,66.82
BES24-029,Badipa Elementary School,11,75.0,81.0,76.0,78.0,78.0,77.0,76.0,77.0,78.0,78.0,78.0,78.0,77.0,79,79,79,78,79,82.0,80,81,80,80,0,78.4,79.0,78.0,78.2,78.66666666666667,1.0,0.0,0.0,0.0,0.0,1.0,0.0,0.0,0.0,0.0,0.0,1.0,0.0,0.0,0.0,0.0,75.7
BES25-185,Badipa Elementary School,11,83.0,84.0,83.0,85.0,84.0,84.0,84.0,84.0,76.0,76.0,76.0,76.0,76.0,83,82,82,83,84,84.0,83,83,83,83,1,82.0,81.8,81.6,82.4,80.66666666666667,1.0,0.0,0.0,0.0,0.0,1.0,0.0,0.0,0.0,0.0,0.0,1.0,0.0,0.0,0.0,0.0,80.54
LANES24-008,Lananpin Elementary School,11,80.0,79.0,79.0,81.0,82.0,80.0,83.0,81.0,85.0,84.0,84.0,85.0,85.0,85,84,84,84,85,85.0,85,85,87,87,0,83.4,82.4,83.0,83.8,85.33333333333333,0.0,1.0,0.0,0.0,0.0,1.0,0.0,0.0,0.0,0.0,0.0,1.0,0.0,0.0,0.0,0.0,78.31
BES24-017,Badipa Elementary School,11,80.0,80.0,80.0,82.0,82.0,81.0,81.0,81.0,81.0,81.0,82.0,80.0,82.0,81,80,81,80,80,88.0,85,86,86,86,0,82.4,81.4,82.0,82.2,82.0,0.0,1.0,0.0,0.0,0.0,1.0,0.0,0.0,0.0,0.0,0.0,1.0,0.0,0.0,0.0,0.0,75.7
UICS25-104,Urdaneta I Central School,12,78.0,78.0,79.0,79.0,84.0,81.0,83.0,83.0,79.0,79.0,79.0,80.0,79.0,84,84,79,80,81,85.0,84,82,84,85,1,82.0,81.2,80.4,81.4,81.33333333333333,1.0,0.0,0.0,0.0,0.0,1.0,0.0,0.0,0.0,0.0,0.0,1.0,0.0,0.0,0.0,0.0,66.82
NAN25-048,Nancayasan Elementary School,12,82.0,85.0,88.0,89.0,77.0,93.0,94.0,93.0,85.0,95.0,83.0,87.0,80.0,91,91,81,89,88,77.0,81,83,76,92,1,82.4,89.0,85.8,88.4,84.0,1.0,0.0,0.0,0.0,0.0,0.0,0.0,0.0,0.0,0.0,1.0,1.0,0.0,0.0,0.0,0.0,58.64
LANES25-106,Lananpin Elementary School,11,83.0,84.0,83.0,83.0,85.0,85.0,87.0,85.0,88.0,88.0,88.0,87.0,87.0,86,84,84,85,86,86.0,86,83,85,85,1,85.6,85.4,85.0,85.2,85.66666666666667,0.0,1.0,0.0,0.0,0.0,1.0,0.0,0.0,0.0,0.0,0.0,1.0,0.0,0.0,0.0,0.0,62.7
UISC25-068,Urdaneta City SPED Center,11,89.0,88.0,90.0,90.0,94.0,93.0,94.0,94.0,94.0,93.0,94.0,93.0,94.0,92,95,92,92,90,93.0,95,95,94,90,1,92.4,92.8,93.0,91.6,93.0,0.0,1.0,0.0,0.0,0.0,0.0,0.0,0.0,0.0,0.0,1.0,1.0,0.0,0.0,0.0,0.0,72.08
UISC25-075,Urdaneta City SPED Center,11,92.0,91.0,91.0,93.0,94.0,93.0,93.0,94.0,93.0,93.0,94.0,94.0,93.0,92,93,92,91,90,93.0,93,93,94,92,1,92.8,92.6,92.6,92.4,93.0,1.0,0.0,0.0,0.0,0.0,0.0,0.0,0.0,0.0,0.0,1.0,1.0,0.0,0.0,0.0,0.0,72.08
UICS25-398,Urdaneta I Central School,11,77.0,77.0,77.0,78.0,81.0,80.0,80.0,81.0,81.0,79.0,79.0,79.0,79.0,76,76,76,76,76,80.0,80,79,80,81,1,79.0,78.4,78.2,79.0,78.33333333333333,1.0,0.0,0.0,0.0,0.0,0.0,0.0,0.0,0.0,0.0,1.0,0.0,0.0,1.0,0.0,0.0,66.82
NAN25-060,Nancayasan Elementary School,14,85.0,93.0,87.0,87.0,80.0,82.0,81.0,82.0,84.0,88.0,83.0,93.0,87.0,92,89,90,79,91,80.0,94,84,94,80,1,84.2,89.2,85.0,85.4,88.66666666666667,0.0,1.0,0.0,0.0,0.0,1.0,0.0,0.0,0.0,0.0,0.0,1.0,0.0,0.0,0.0,0.0,58.64
LANES25-021,Lananpin Elementary School,11,79.0,78.0,77.0,77.0,80.0,79.0,80.0,81.0,81.0,81.0,81.0,81.0,82.0,77,78,79,77,79,78.0,77,77,77,77,1,79.0,78.6,78.8,79.2,78.33333333333333,0.0,1.0,0.0,0.0,0.0,1.0,0.0,0.0,0.0,0.0,0.0,1.0,0.0,0.0,0.0,0.0,62.7
DAFSIS25-031,Don Alipio Fernandez Sr. Integrated School,12,80.0,80.0,80.0,83.0,85.0,81.0,81.0,83.0,84.0,81.0,81.0,82.0,83.0,79,77,78,77,78,79.0,80,78,80,77,1,81.4,79.8,79.6,80.8,79.66666666666667,0.0,1.0,0.0,0.0,0.0,1.0,0.0,0.0,0.0,0.0,0.0,1.0,0.0,0.0,0.0,0.0,73.08
UICS25-032,Urdaneta I Central School,12,90.0,91.0,90.0,90.0,89.0,89.0,90.0,90.0,87.0,86.0,86.0,85.0,87.0,91,90,90,89,90,89.0,82,82,83,82,1,89.2,87.6,87.6,87.8,85.66666666666667,1.0,0.0,0.0,0.0,0.0,0.0,0.0,0.0,0.0,0.0,1.0,1.0,0.0,0.0,0.0,0.0,66.82
NAN25-030,Nancayasan Elementary School,11,86.0,87.0,85.0,85.0,81.0,80.0,82.0,80.0,80.0,78.0,79.0,78.0,80.0,81,80,81,82,81,89.0,86,86,87,87,1,83.4,82.2,82.6,82.6,82.33333333333333,0.0,1.0,0.0,0.0,0.0,1.0,0.0,0.0,0.0,0.0,0.0,1.0,0.0,0.0,0.0,0.0,58.64
BES25-044,Badipa Elementary School,12,84.0,84.0,82.0,83.0,86.0,85.0,85.0,87.0,80.0,80.0,81.0,81.0,82.0,86,86,83,85,86,87.0,84,84,85,87,1,84.6,83.8,83.0,85.0,83.66666666666667,1.0,0.0,0.0,0.0,0.0,1.0,0.0,0.0,0.0,0.0,0.0,1.0,0.0,0.0,0.0,0.0,80.54
UICS25-241,Urdaneta I Central School,11,84.0,80.0,82.0,84.0,85.0,86.0,87.0,86.0,87.0,85.0,85.0,86.0,87.0,86,85,85,84,86,87.0,86,85,87,86,1,85.8,84.4,84.8,85.8,85.66666666666667,1.0,0.0,0.0,0.0,0.0,1.0,0.0,0.0,0.0,0.0,0.0,1.0,0.0,0.0,0.0,0.0,66.82
DAPSMECSE25-003,Don Amadeo Perez Sr. Memorial Elementary School - East,11,87.0,87.0,89.0,88.0,87.0,86.0,86.0,87.0,91.0,89.0,90.0,91.0,89.0,93,92,93,94,92,93.0,93,93,95,91,1,90.2,89.4,90.2,89.4,93.33333333333333,0.0,1.0,0.0,0.0,0.0,1.0,0.0,0.0,0.0,0.0,0.0,1.0,0.0,0.0,0.0,0.0,75.71
UICS25-053,Urdaneta I Central School,11,85.0,84.0,86.0,86.0,88.0,87.0,87.0,88.0,87.0,85.0,85.0,85.0,85.0,91,91,88,86,89,91.0,90,90,90,90,1,88.4,87.4,87.2,87.6,87.0,1.0,0.0,0.0,0.0,0.0,1.0,0.0,0.0,0.0,0.0,0.0,1.0,0.0,0.0,0.0,0.0,66.82
UISC25-077,Urdaneta City SPED Center,11,92.0,92.0,91.0,94.0,92.0,94.0,92.0,94.0,93.0,92.0,93.0,93.0,94.0,90,91,86,89,89,91.0,93,91,91,88,1,91.6,92.4,90.6,91.8,91.0,1.0,0.0,0.0,0.0,0.0,0.0,0.0,0.0,0.0,0.0,1.0,1.0,0.0,0.0,0.0,0.0,72.08
UISC25-061,Urdaneta City SPED Center,12,90.0,89.0,88.0,93.0,94.0,94.0,94.0,95.0,93.0,93.0,93.0,93.0,95.0,92,93,89,91,91,93.0,92,92,91,89,1,92.4,92.2,91.2,92.6,91.66666666666667,1.0,0.0,0.0,0.0,0.0,0.0,0.0,0.0,0.0,0.0,1.0,0.0,0.0,1.0,0.0,0.0,72.08
UICS25-002,Urdaneta I Central School,11,88.0,87.0,88.0,86.0,88.0,87.0,86.0,86.0,87.0,86.0,86.0,86.0,86.0,92,89,88,86,89,91.0,87,86,88,88,1,89.2,87.2,86.8,87.0,86.66666666666667,1.0,0.0,0.0,0.0,0.0,1.0,0.0,0.0,0.0,0.0,0.0,1.0,0.0,0.0,0.0,0.0,66.82
BES24-019,Badipa Elementary School,11,87.0,87.0,87.0,88.0,86.0,85.0,85.0,84.0,84.0,82.0,82.0,82.0,83.0,85,83,82,83,83,87.0,85,86,85,84,0,85.8,84.4,84.4,84.4,83.33333333333333,0.0,1.0,0.0,0.0,0.0,1.0,0.0,0.0,0.0,0.0,0.0,1.0,0.0,0.0,0.0,0.0,75.7
UICS25-231,Urdaneta I Central School,11,87.0,88.0,87.0,86.0,86.0,88.0,87.0,88.0,84.91689751,87.0,86.0,84.0,84.0,85,86,86,85,85,85.0,86,86,86,86,1,85.583379502,87.0,86.4,85.8,85.0,1.0,0.0,0.0,0.0,0.0,1.0,0.0,0.0,0.0,0.0,0.0,1.0,0.0,0.0,0.0,0.0,66.82
LANES25-143,Lananpin Elementary School,12,86.0,85.0,87.0,86.0,85.0,84.0,85.0,85.0,86.0,86.0,86.0,86.0,86.0,84,84,82,85,84,87.0,87,87,87,87,1,85.6,85.2,85.4,85.6,86.0,0.0,1.0,0.0,0.0,0.0,1.0,0.0,0.0,0.0,0.0,0.0,1.0,0.0,0.0,0.0,0.0,62.7
UICS25-184,Urdaneta I Central School,11,83.0,80.0,80.0,84.0,85.0,85.0,85.0,85.0,84.0,83.0,82.0,83.0,84.0,84,84,86,85,84,83.0,80,80,81,82,1,83.8,82.4,82.6,83.8,83.0,1.0,0.0,0.0,0.0,0.0,1.0,0.0,0.0,0.0,0.0,0.0,0.0,0.0,0.0,0.0,1.0,66.82
UICS25-153,Urdaneta I Central School,11,75.0,76.0,76.0,77.0,80.0,80.0,80.0,80.0,81.0,81.0,81.0,81.0,81.0,81,80,80,80,80,82.0,81,81,83,83,1,79.8,79.6,79.6,80.2,81.33333333333333,0.0,1.0,0.0,0.0,0.0,1.0,0.0,0.0,0.0,0.0,0.0,1.0,0.0,0.0,0.0,0.0,66.82
NAN25-005,Nancayasan Elementary School,11,87.0,87.0,85.0,86.0,86.0,83.0,84.0,85.0,79.0,80.0,78.0,77.0,76.0,86,85,85,85,87,89.0,88,88,88,88,1,85.4,84.6,84.0,84.4,83.33333333333333,1.0,0.0,0.0,0.0,0.0,1.0,0.0,0.0,0.0,0.0,0.0,1.0,0.0,0.0,0.0,0.0,58.64
BES25-177,Badipa Elementary School,11,93.0,94.0,91.0,91.0,90.0,89.0,90.0,90.0,87.0,87.0,87.0,87.0,86.0,89,87,89,87,99,91.0,90,90,89,90,1,90.0,89.4,89.4,91.2,87.66666666666667,1.0,0.0,0.0,0.0,0.0,1.0,0.0,0.0,0.0,0.0,0.0,1.0,0.0,0.0,0.0,0.0,80.54
LANES25-065,Lananpin Elementary School,12,80.0,81.0,86.0,84.0,86.0,84.0,87.0,88.0,86.0,85.0,85.0,86.0,87.0,83,79,83,77,82,86.0,85,83,82,85,1,84.2,82.8,84.8,85.2,81.66666666666667,1.0,0.0,0.0,0.0,0.0,1.0,0.0,0.0,0.0,0.0,0.0,0.0,0.0,1.0,0.0,0.0,62.7
UICS25-133,Urdaneta I Central School,11,77.0,76.0,77.0,77.0,82.0,81.0,82.0,82.0,81.0,80.0,80.0,80.0,80.0,80,79,79,79,79,81.0,80,79,79,80,1,80.2,79.2,79.4,79.6,79.33333333333333,0.0,1.0,0.0,0.0,0.0,0.0,0.0,0.0,0.0,0.0,1.0,1.0,0.0,0.0,0.0,0.0,66.82
BES25-171,Badipa Elementary School,12,89.0,91.0,89.0,90.0,87.0,87.0,87.0,87.0,88.0,86.0,87.0,88.0,87.0,91,90,91,90,90,92.0,91,95,92,89,1,89.4,89.0,89.8,88.6,90.0,1.0,0.0,0.0,0.0,0.0,1.0,0.0,0.0,0.0,0.0,0.0,1.0,0.0,0.0,0.0,0.0,80.54
NAN25-064,Nancayasan Elementary School,12,82.0,86.0,82.0,90.0,90.0,79.0,76.0,90.0,75.0,83.0,92.0,88.0,94.0,80,76,92,84,90,89.0,86,84,89,85,1,83.2,82.0,85.2,89.8,87.0,0.0,1.0,0.0,0.0,0.0,1.0,0.0,0.0,0.0,0.0,0.0,1.0,0.0,0.0,0.0,0.0,58.64
UICS25-279,Urdaneta I Central School,11,89.0,90.0,88.0,91.0,92.0,91.0,91.0,91.0,88.0,87.0,87.0,87.0,88.0,86,84,83,84,85,88.0,87,86,87,88,1,88.6,87.8,87.0,88.6,86.0,1.0,0.0,0.0,0.0,0.0,1.0,0.0,0.0,0.0,0.0,0.0,0.0,0.0,1.0,0.0,0.0,66.82
BES25-004,Badipa Elementary School,11,84.0,87.0,83.0,83.0,82.0,82.0,82.0,83.0,83.0,82.0,82.0,83.0,83.0,84,83,83,83,84,86.0,86,86,87,86,1,83.8,84.0,83.2,83.8,84.33333333333333,0.0,1.0,0.0,0.0,0.0,0.0,0.0,0.0,0.0,0.0,1.0,0.0,0.0,0.0,0.0,1.0,80.54
BES25-141,Badipa Elementary School,11,79.0,78.0,79.0,80.0,80.0,79.0,80.0,81.0,75.0,75.0,75.0,75.0,75.0,76,76,76,76,76,78.0,78,78,78,78,1,77.6,77.2,77.6,78.0,76.33333333333333,0.0,1.0,0.0,0.0,0.0,1.0,0.0,0.0,0.0,0.0,0.0,1.0,0.0,0.0,0.0,0.0,80.54
UICS25-055,Urdaneta I Central School,11,88.0,86.0,85.0,89.0,91.0,90.0,90.0,90.0,92.0,92.0,92.0,92.0,93.0,91,89,88,87,87,92.0,91,91,91,91,1,90.8,89.6,89.2,90.0,90.0,1.0,0.0,0.0,0.0,0.0,0.0,0.0,0.0,0.0,0.0,1.0,0.0,0.0,1.0,0.0,0.0,66.82
UICS25-272,Urdaneta I Central School,11,79.0,80.0,79.0,79.0,85.0,84.0,84.0,85.0,83.0,84.0,83.0,83.0,82.0,87,85,82,83,85,84.0,85,82,83,84,1,83.6,83.6,82.0,83.0,83.0,1.0,0.0,0.0,0.0,0.0,1.0,0.0,0.0,0.0,0.0,0.0,1.0,0.0,0.0,0.0,0.0,66.82
UICS25-383,Urdaneta I Central School,11,81.0,80.0,81.0,82.0,85.0,84.0,84.0,85.0,84.0,84.0,84.0,84.0,84.0,80,80,79,79,81,83.0,82,83,82,83,1,82.6,82.0,82.2,83.0,81.66666666666667,1.0,0.0,0.0,0.0,0.0,1.0,0.0,0.0,0.0,0.0,0.0,0.0,0.0,1.0,0.0,0.0,66.82
LANES25-034,Lananpin Elementary School,11,94.0,93.0,90.0,90.0,87.0,87.0,87.0,86.0,87.0,86.0,86.0,87.0,87.0,86,85,84,85,86,88.0,87,84,86,87,1,88.4,87.6,86.2,87.2,86.0,1.0,0.0,0.0,0.0,0.0,1.0,0.0,0.0,0.0,0.0,0.0,1.0,0.0,0.0,0.0,0.0,62.7
BES25-045,Badipa Elementary School,12,83.0,78.0,81.0,82.0,76.0,76.0,76.0,76.0,77.0,77.0,77.0,77.0,77.0,84,84,84,85,84,84.0,83,84,85,83,1,80.8,79.6,80.4,80.4,82.33333333333333,1.0,0.0,0.0,0.0,0.0,1.0,0.0,0.0,0.0,0.0,0.0,0.0,0.0,1.0,0.0,0.0,80.54
UISC25-031,Urdaneta City SPED Center,11,89.0,90.0,89.0,90.0,91.0,90.0,90.0,91.0,89.0,90.0,90.0,87.0,89.0,90,91,91,91,91,92.0,91,88,89,81,1,90.2,90.4,89.6,88.4,89.0,1.0,0.0,0.0,0.0,0.0,0.0,0.0,0.0,0.0,0.0,1.0,1.0,0.0,0.0,0.0,0.0,72.08
UICS25-220,Urdaneta I Central School,11,90.0,91.0,89.0,89.0,89.0,87.0,90.0,91.0,84.91689751,87.0,89.0,90.0,90.0,89,84,85,86,87,85.0,85,87,87,88,1,87.583379502,86.8,88.0,89.0,87.66666666666667,0.0,1.0,0.0,0.0,0.0,0.0,0.0,0.0,0.0,0.0,1.0,1.0,0.0,0.0,0.0,0.0,66.82
LANES25-045,Lananpin Elementary School,11,83.0,84.0,82.0,81.0,85.0,85.0,84.0,85.0,86.0,85.0,85.0,86.0,86.0,82,80,80,83,83,86.0,84,86,85,85,1,84.4,83.6,83.4,84.0,84.66666666666667,0.0,1.0,0.0,0.0,0.0,1.0,0.0,0.0,0.0,0.0,0.0,1.0,0.0,0.0,0.0,0.0,62.7
UICS25-178,Urdaneta I Central School,11,89.0,87.0,86.0,90.0,92.0,92.0,92.0,92.0,90.0,90.0,89.0,90.0,91.0,88,86,88,87,86,87.0,87,87,87,88,1,89.2,88.4,88.4,89.4,88.0,1.0,0.0,0.0,0.0,0.0,0.0,0.0,0.0,0.0,0.0,1.0,1.0,0.0,0.0,0.0,0.0,66.82
UICS25-169,Urdaneta I Central School,12,79.0,79.0,79.0,79.0,78.0,78.0,78.0,78.0,80.0,79.0,79.0,79.0,81.0,79,77,77,78,79,80.0,81,83,83,86,1,79.2,78.8,79.2,80.6,80.0,1.0,0.0,0.0,0.0,0.0,0.0,0.0,0.0,0.0,0.0,1.0,1.0,0.0,0.0,0.0,0.0,66.82
UICS25-196,Urdaneta I Central School,11,85.0,85.0,85.0,85.0,87.0,91.0,86.0,87.0,86.0,83.0,84.0,86.0,86.0,85,84,85,84,84,86.0,89,89,86,85,1,85.8,86.4,85.8,85.4,85.33333333333333,1.0,0.0,0.0,0.0,0.0,0.0,0.0,0.0,0.0,0.0,1.0,1.0,0.0,0.0,0.0,0.0,66.82
UICS25-278,Urdaneta I Central School,11,81.0,81.0,83.0,82.0,87.0,85.0,87.0,86.0,87.0,86.0,86.0,86.0,87.0,82,82,84,82,82,86.0,84,84,82,85,1,84.6,83.6,84.8,84.4,83.33333333333333,0.0,1.0,0.0,0.0,0.0,1.0,0.0,0.0,0.0,0.0,0.0,1.0,0.0,0.0,0.0,0.0,66.82
BES25-011,Badipa Elementary School,11,84.0,83.0,84.0,85.0,82.0,82.0,82.0,82.0,82.0,81.0,81.0,80.0,81.0,86,87,85,86,87,88.0,87,86,86,85,1,84.4,84.0,83.6,84.0,84.0,0.0,1.0,0.0,0.0,0.0,1.0,0.0,0.0,0.0,0.0,0.0,1.0,0.0,0.0,0.0,0.0,80.54
BES25-134,Badipa Elementary School,13,80.0,76.0,77.0,77.0,87.0,84.0,85.0,85.0,82.0,81.0,82.0,82.0,81.0,80,80,80,80,80,77.0,75,75,75,75,1,81.2,79.2,79.8,79.6,79.0,0.0,1.0,0.0,0.0,0.0,1.0,0.0,0.0,0.0,0.0,0.0,1.0,0.0,0.0,0.0,0.0,80.54
UICS25-151,Urdaneta I Central School,13,81.0,81.0,82.0,83.0,78.0,80.0,80.0,79.0,80.0,79.0,81.0,81.0,81.0,82,82,83,82,83,81.0,80,80,80,80,1,80.4,80.4,81.2,81.2,81.0,1.0,0.0,0.0,0.0,0.0,0.0,0.0,0.0,0.0,0.0,1.0,1.0,0.0,0.0,0.0,0.0,66.82
UICS25-262,Urdaneta I Central School,11,75.0,75.0,76.0,76.0,81.0,81.0,79.0,81.0,80.0,78.0,78.0,79.0,80.0,80,78,79,79,80,81.0,81,81,81,79,1,79.4,78.6,78.6,79.2,79.66666666666667,1.0,0.0,0.0,0.0,0.0,0.0,0.0,0.0,0.0,0.0,1.0,1.0,0.0,0.0,0.0,0.0,66.82
BES25-066,Badipa Elementary School,11,92.0,90.0,89.0,90.0,84.0,83.0,86.0,84.0,83.0,82.0,83.0,83.0,82.0,87,87,85,86,86,87.0,84,86,86,85,1,86.6,85.2,85.8,85.4,85.0,0.0,1.0,0.0,0.0,0.0,1.0,0.0,0.0,0.0,0.0,0.0,1.0,0.0,0.0,0.0,0.0,80.54
BES25-008,Badipa Elementary School,11,80.0,80.0,80.0,81.0,84.0,84.0,84.0,84.0,82.0,82.0,82.0,81.0,81.0,88,89,88,87,88,87.0,84,87,86,85,1,84.2,83.8,84.2,83.8,84.66666666666667,0.0,1.0,0.0,0.0,0.0,1.0,0.0,0.0,0.0,0.0,0.0,1.0,0.0,0.0,0.0,0.0,80.54
UICS25-394,Urdaneta I Central School,11,85.0,83.0,84.0,86.0,88.0,87.0,88.0,89.0,87.0,86.0,87.0,87.0,87.0,87,86,87,85,84,86.0,86,86,87,86,1,86.6,85.6,86.4,86.4,86.33333333333333,1.0,0.0,0.0,0.0,0.0,1.0,0.0,0.0,0.0,0.0,0.0,1.0,0.0,0.0,0.0,0.0,66.82
BES25-182,Badipa Elementary School,10,89.0,89.0,87.0,89.0,84.0,85.0,85.0,86.0,86.0,85.0,85.0,85.0,85.0,89,88,90,87,87,90.0,88,91,90,89,1,87.6,87.0,87.6,87.2,87.33333333333333,1.0,0.0,0.0,0.0,0.0,1.0,0.0,0.0,0.0,0.0,0.0,1.0,0.0,0.0,0.0,0.0,80.54
UICS24-013,Urdaneta I Central School,12,80.0,81.0,82.0,83.0,87.0,83.0,85.0,84.0,86.0,84.0,84.0,85.0,85.0,86,85,85,84,85,89.0,90,90,89,88,0,85.6,84.6,85.2,85.0,86.0,0.0,1.0,0.0,0.0,0.0,1.0,0.0,0.0,0.0,0.0,0.0,1.0,0.0,0.0,0.0,0.0,74.03
UICS25-339,Urdaneta I Central School,11,85.0,85.0,85.0,85.0,86.0,86.0,87.0,86.0,84.0,84.0,84.0,83.0,84.0,87,88,88,87,87,88.0,87,86,88,88,1,86.0,86.0,86.0,86.0,86.0,1.0,0.0,0.0,0.0,0.0,1.0,0.0,0.0,0.0,0.0,0.0,1.0,0.0,0.0,0.0,0.0,66.82
UICS25-193,Urdaneta I Central School,11,87.0,85.0,88.0,88.0,88.0,84.0,87.0,87.0,86.0,85.0,84.0,86.0,86.0,85,85,85,84,85,88.0,87,86,87,88,1,86.8,85.2,86.0,86.8,85.66666666666667,0.0,1.0,0.0,0.0,0.0,1.0,0.0,0.0,0.0,0.0,0.0,1.0,0.0,0.0,0.0,0.0,66.82
UICS25-254,Urdaneta I Central School,11,85.0,83.0,82.0,82.0,79.0,78.0,78.0,79.0,79.0,79.0,78.0,78.0,78.0,83,83,83,83,83,81.0,83,81,81,81,1,81.4,81.2,80.4,80.6,80.66666666666667,0.0,1.0,0.0,0.0,0.0,0.0,0.0,0.0,0.0,0.0,1.0,1.0,0.0,0.0,0.0,0.0,66.82
BES25-091,Badipa Elementary School,13,78.0,78.0,77.0,78.0,75.0,75.0,75.0,75.0,75.0,75.0,75.0,75.0,75.0,76,76,76,76,76,75.0,75,75,75,75,1,75.8,75.8,75.6,75.8,75.33333333333333,0.0,1.0,0.0,0.0,0.0,0.0,0.0,0.0,0.0,0.0,1.0,1.0,0.0,0.0,0.0,0.0,80.54
UICS25-299,Urdaneta I Central School,11,87.0,83.0,82.0,86.0,86.0,84.0,84.0,84.0,84.0,84.0,83.0,83.0,84.0,82,81,82,81,82,82.0,82,81,82,83,1,84.2,82.8,82.4,83.8,82.0,0.0,1.0,0.0,0.0,0.0,1.0,0.0,0.0,0.0,0.0,0.0,1.0,0.0,0.0,0.0,0.0,66.82
UISC25-053,Urdaneta City SPED Center,11,93.0,93.0,91.0,95.0,94.0,94.0,94.0,94.0,94.0,93.0,94.0,93.0,94.0,96,93,90,91,92,93.0,93,93,93,91,1,94.0,93.2,92.4,93.2,92.33333333333333,1.0,0.0,0.0,0.0,0.0,0.0,0.0,0.0,0.0,0.0,1.0,1.0,0.0,0.0,0.0,0.0,72.08
NAN25-022,Nancayasan Elementary School,11,87.0,84.0,84.0,90.0,91.0,90.0,92.0,91.0,93.0,92.0,93.0,91.0,92.0,91,91,90,90,90,93.0,93,92,93,92,1,91.0,90.0,90.2,91.0,91.33333333333333,0.0,1.0,0.0,0.0,0.0,1.0,0.0,0.0,0.0,0.0,0.0,0.0,0.0,0.0,0.0,1.0,58.64
LANES25-041,Lananpin Elementary School,13,87.0,85.0,83.0,86.0,85.0,85.0,85.0,86.0,85.0,83.0,84.0,84.0,84.0,84,83,83,84,85,87.0,84,84,85,85,1,85.6,84.0,83.8,85.2,84.33333333333333,1.0,0.0,0.0,0.0,0.0,1.0,0.0,0.0,0.0,0.0,0.0,1.0,0.0,0.0,0.0,0.0,62.7
UISC25-113,Urdaneta City SPED Center,11,94.0,91.0,88.0,91.0,92.0,90.0,90.0,91.0,93.0,92.0,92.0,93.0,92.0,93,90,89,90,91,92.0,92,86,91,91,1,92.8,91.0,89.0,91.2,91.33333333333333,1.0,0.0,0.0,0.0,0.0,0.0,0.0,0.0,0.0,0.0,1.0,1.0,0.0,0.0,0.0,0.0,72.08
UICS25-361,Urdaneta I Central School,11,79.0,80.0,79.0,79.0,85.0,85.0,84.0,85.0,82.0,82.0,83.0,82.0,81.0,82,80,80,81,82,84.0,84,84,84,84,1,82.4,82.2,82.0,82.2,82.33333333333333,0.0,1.0,0.0,0.0,0.0,0.0,0.0,0.0,0.0,0.0,1.0,1.0,0.0,0.0,0.0,0.0,66.82
UICS25-336,Urdaneta I Central School,11,88.0,87.0,87.0,86.0,88.0,87.0,87.0,86.0,87.0,86.0,85.0,86.0,85.0,84,84,86,84,86,86.0,85,86,85,86,1,86.6,85.8,86.2,85.8,85.0,0.0,1.0,0.0,0.0,0.0,0.0,0.0,0.0,0.0,0.0,1.0,1.0,0.0,0.0,0.0,0.0,66.82
DAFSIS25-024,Don Alipio Fernandez Sr. Integrated School,12,85.0,84.0,85.0,85.0,87.0,87.0,88.0,89.0,88.0,87.0,88.0,88.0,87.0,85,84,87,85,87,91.0,86,88,85,85,1,87.2,85.6,87.2,86.6,86.0,1.0,0.0,0.0,0.0,0.0,1.0,0.0,0.0,0.0,0.0,0.0,1.0,0.0,0.0,0.0,0.0,73.08
UISC24-023,Urdaneta City SPED Center,12,93.0,90.0,90.0,92.0,95.0,94.0,94.0,95.0,94.0,94.0,94.0,94.0,94.0,96,95,94,94,95,95.0,96,93,94,92,0,94.6,93.8,93.0,93.6,94.0,1.0,0.0,0.0,0.0,0.0,1.0,0.0,0.0,0.0,0.0,0.0,1.0,0.0,0.0,0.0,0.0,76.93
UISC24-007,Urdaneta City SPED Center,12,92.0,91.0,93.0,92.0,91.0,92.0,91.0,92.0,92.0,91.0,90.0,91.0,91.0,90,89,89,90,91,91.0,92,90,90,90,0,91.2,91.0,90.6,91.2,90.33333333333333,1.0,0.0,0.0,0.0,0.0,0.0,0.0,0.0,0.0,0.0,1.0,1.0,0.0,0.0,0.0,0.0,76.93
LANES24-006,Lananpin Elementary School,12,77.0,78.0,78.0,79.0,82.0,82.0,82.0,82.0,81.0,80.0,81.0,80.0,79.0,80,80,81,82,81,86.0,85,86,83,85,0,81.2,81.0,81.6,81.2,81.66666666666667,0.0,1.0,0.0,0.0,0.0,1.0,0.0,0.0,0.0,0.0,0.0,1.0,0.0,0.0,0.0,0.0,78.31
DAPSMECSE25-029,Don Amadeo Perez Sr. Memorial Elementary School - East,11,85.0,81.0,88.0,85.0,85.0,84.0,88.0,86.0,89.0,89.0,89.0,89.0,89.0,85,85,85,86,84,83.0,82,87,83,83,1,85.4,84.2,87.4,85.4,86.0,0.0,1.0,0.0,0.0,0.0,1.0,0.0,0.0,0.0,0.0,0.0,1.0,0.0,0.0,0.0,0.0,75.71
UICS25-019,Urdaneta I Central School,11,89.0,87.0,90.0,90.0,90.0,89.0,89.0,90.0,89.0,88.0,88.0,87.0,88.0,87,88,90,87,87,89.0,88,87,88,87,1,88.8,88.0,88.8,88.4,87.33333333333333,0.0,1.0,0.0,0.0,0.0,1.0,0.0,0.0,0.0,0.0,0.0,1.0,0.0,0.0,0.0,0.0,66.82
UICS25-345,Urdaneta I Central School,11,88.0,87.0,88.0,88.0,89.0,89.0,89.0,90.0,86.0,85.0,86.0,85.0,86.0,92,92,92,91,91,91.0,92,89,90,91,1,89.2,89.0,88.8,89.2,88.66666666666667,1.0,0.0,0.0,0.0,0.0,1.0,0.0,0.0,0.0,0.0,0.0,1.0,0.0,0.0,0.0,0.0,66.82
NAN25-065,Nancayasan Elementary School,13,86.0,78.0,79.0,87.0,88.0,91.0,81.0,77.0,93.0,81.0,80.0,76.0,79.0,95,92,94,83,79,79.0,79,87,95,83,1,88.2,84.2,84.2,81.0,84.66666666666667,1.0,0.0,0.0,0.0,0.0,0.0,0.0,0.0,0.0,0.0,1.0,1.0,0.0,0.0,0.0,0.0,58.64
UICS25-384,Urdaneta I Central School,11,85.0,84.0,84.0,85.0,88.0,87.0,88.0,89.0,87.0,87.0,87.0,87.0,88.0,84,83,84,84,83,87.0,86,85,85,85,1,86.2,85.4,85.6,86.0,85.33333333333333,1.0,0.0,0.0,0.0,0.0,0.0,0.0,0.0,0.0,0.0,1.0,1.0,0.0,0.0,0.0,0.0,66.82
UISC25-027,Urdaneta City SPED Center,11,86.0,86.0,86.0,87.0,90.0,89.0,90.0,91.0,88.0,89.0,88.0,90.0,89.0,86,87,87,88,86,88.0,89,87,89,89,1,87.6,88.0,87.6,88.4,89.0,1.0,0.0,0.0,0.0,0.0,0.0,0.0,0.0,0.0,0.0,1.0,0.0,0.0,0.0,1.0,0.0,72.08
DCBMES25-001,Don Clemente Blanco Memorial Elementary School,12,86.0,85.0,86.0,86.0,87.0,86.0,86.0,87.0,86.0,85.0,85.0,85.0,86.0,88,84,81,88,87,91.0,87,87,90,89,1,87.6,85.4,85.0,87.0,87.66666666666667,0.0,1.0,0.0,0.0,0.0,1.0,0.0,0.0,0.0,0.0,0.0,1.0,0.0,0.0,0.0,0.0,33.59
BES24-027,Badipa Elementary School,12,79.0,77.0,79.0,82.0,81.0,78.0,78.0,80.0,83.0,82.0,82.0,83.0,82.0,81,81,80,80,80,82.0,81,81,81,82,0,81.2,79.8,80.0,81.2,81.33333333333333,0.0,1.0,0.0,0.0,0.0,1.0,0.0,0.0,0.0,0.0,0.0,1.0,0.0,0.0,0.0,0.0,75.7
BES25-174,Badipa Elementary School,11,95.0,95.0,94.0,91.0,94.0,93.0,93.0,93.0,92.0,91.0,92.0,91.0,91.0,91,90,91,89,90,93.0,91,91,92,90,1,93.0,92.0,92.2,91.0,90.66666666666667,1.0,0.0,0.0,0.0,0.0,1.0,0.0,0.0,0.0,0.0,0.0,1.0,0.0,0.0,0.0,0.0,80.54
BES25-209,Badipa Elementary School,11,83.0,83.0,84.0,83.0,78.0,78.0,78.0,80.0,79.0,79.0,78.0,78.0,78.0,83,83,83,83,83,83.0,81,81,82,82,1,81.2,80.8,80.8,81.2,81.0,0.0,1.0,0.0,0.0,0.0,1.0,0.0,0.0,0.0,0.0,0.0,1.0,0.0,0.0,0.0,0.0,80.54
LANES25-100,Lananpin Elementary School,12,88.0,86.0,88.0,88.0,91.0,88.0,90.0,89.0,90.0,90.0,90.0,90.0,90.0,91,91,91,91,90,90.0,91,90,90,91,1,90.0,89.2,89.8,89.6,90.33333333333333,1.0,0.0,0.0,0.0,0.0,1.0,0.0,0.0,0.0,0.0,0.0,1.0,0.0,0.0,0.0,0.0,62.7
LANES25-116,Lananpin Elementary School,11,81.0,80.0,81.0,82.0,85.0,82.0,85.0,84.0,85.0,83.0,82.0,84.0,83.0,88,85,94,85,86,82.0,80,81,80,83,1,84.2,82.0,84.6,83.6,83.0,1.0,0.0,0.0,0.0,0.0,1.0,0.0,0.0,0.0,0.0,0.0,1.0,0.0,0.0,0.0,0.0,62.7
BES25-082,Badipa Elementary School,11,82.0,81.0,80.0,81.0,81.0,81.0,81.0,81.0,83.0,82.0,82.0,82.0,82.0,83,82,81,82,86,83.0,83,83,83,83,1,82.4,81.8,81.4,82.6,82.33333333333333,1.0,0.0,0.0,0.0,0.0,1.0,0.0,0.0,0.0,0.0,0.0,1.0,0.0,0.0,0.0,0.0,80.54
BES25-132,Badipa Elementary School,11,78.0,78.0,78.0,78.0,84.0,85.0,83.0,84.0,77.0,77.0,77.0,78.0,76.0,81,81,81,81,81,77.0,79,79,79,80,1,79.4,80.0,79.6,79.8,79.33333333333333,0.0,1.0,0.0,0.0,0.0,1.0,0.0,0.0,0.0,0.0,0.0,1.0,0.0,0.0,0.0,0.0,80.54
LANES25-019,Lananpin Elementary School,12,83.0,84.0,81.0,83.0,78.0,78.0,78.0,78.0,81.0,80.0,80.0,80.0,82.0,79,78,77,79,79,85.0,82,83,82,83,1,81.2,80.4,79.8,81.0,80.33333333333333,0.0,1.0,0.0,0.0,0.0,1.0,0.0,0.0,0.0,0.0,0.0,1.0,0.0,0.0,0.0,0.0,62.7
UISC25-015,Urdaneta City SPED Center,11,85.0,84.0,84.0,84.0,88.0,88.0,87.0,88.0,87.0,86.0,86.0,87.0,87.0,89,91,90,90,89,92.0,94,90,92,92,1,88.2,88.6,87.4,88.0,89.66666666666667,1.0,0.0,0.0,0.0,0.0,0.0,0.0,0.0,0.0,0.0,1.0,0.0,0.0,1.0,0.0,0.0,72.08
DCBMES25-019,Don Clemente Blanco Memorial Elementary School,11,89.0,89.0,88.0,89.0,90.0,89.0,90.0,89.0,92.0,90.0,90.0,90.0,90.0,89,87,85,87,88,80.0,80,89,88,89,1,88.0,87.0,88.4,89.0,88.33333333333333,1.0,0.0,0.0,0.0,0.0,1.0,0.0,0.0,0.0,0.0,0.0,1.0,0.0,0.0,0.0,0.0,33.59
LANES25-078,Lananpin Elementary School,11,81.0,80.0,81.0,82.0,80.0,79.0,80.0,81.0,80.0,78.0,80.0,79.0,79.0,85,85,84,83,82,83.0,81,82,82,83,1,81.8,80.6,81.4,81.4,81.33333333333333,1.0,0.0,0.0,0.0,0.0,1.0,0.0,0.0,0.0,0.0,0.0,1.0,0.0,0.0,0.0,0.0,62.7
DCBMES25-008,Don Clemente Blanco Memorial Elementary School,11,84.0,84.0,84.0,85.0,80.0,79.0,78.0,81.0,84.0,85.0,84.0,83.0,86.0,82,79,81,81,82,85.0,83,84,85,87,1,83.0,82.0,82.2,84.2,83.0,0.0,1.0,0.0,0.0,0.0,1.0,0.0,0.0,0.0,0.0,0.0,1.0,0.0,0.0,0.0,0.0,33.59
DAPSMECSE25-022,Don Amadeo Perez Sr. Memorial Elementary School - East,11,76.0,75.0,75.0,76.0,76.0,75.0,75.0,76.0,79.0,78.0,81.0,78.0,77.0,79,77,80,78,79,84.0,81,83,84,84,1,78.8,77.2,78.8,78.4,80.0,0.0,1.0,0.0,0.0,0.0,1.0,0.0,0.0,0.0,0.0,0.0,1.0,0.0,0.0,0.0,0.0,75.71
UICS25-171,Urdaneta I Central School,13,83.0,82.0,84.0,84.0,82.0,82.0,82.0,82.0,81.0,81.0,80.0,80.0,81.0,84,83,83,83,83,87.0,84,80,82,86,1,83.4,82.4,81.8,83.2,81.66666666666667,0.0,1.0,0.0,0.0,0.0,0.0,0.0,0.0,0.0,0.0,1.0,1.0,0.0,0.0,0.0,0.0,66.82
UICS25-341,Urdaneta I Central School,12,85.0,81.0,84.0,85.0,90.0,89.0,89.0,89.0,87.0,85.0,86.0,86.0,87.0,87,85,87,88,85,87.0,87,87,89,88,1,87.2,85.4,86.6,86.8,87.66666666666667,1.0,0.0,0.0,0.0,0.0,0.0,0.0,0.0,0.0,0.0,1.0,1.0,0.0,0.0,0.0,0.0,66.82
BES25-173,Badipa Elementary School,11,92.0,90.0,91.0,92.0,88.0,85.0,88.0,85.0,87.0,87.0,91.0,87.0,85.0,90,88,89,89,90,92.0,92,94,93,90,1,89.8,88.4,90.6,88.4,89.66666666666667,1.0,0.0,0.0,0.0,0.0,1.0,0.0,0.0,0.0,0.0,0.0,1.0,0.0,0.0,0.0,0.0,80.54
BES24-034,Badipa Elementary School,11,83.0,80.0,81.0,83.0,81.0,81.0,81.0,81.0,83.0,84.0,82.0,84.0,83.0,82,82,82,82,82,79.0,79,79,79,79,0,81.6,81.2,81.0,81.6,81.66666666666667,1.0,0.0,0.0,0.0,0.0,1.0,0.0,0.0,0.0,0.0,0.0,1.0,0.0,0.0,0.0,0.0,75.7
DAPSMECSE25-031,Don Amadeo Perez Sr. Memorial Elementary School - East,11,89.0,90.0,88.0,89.0,80.0,82.0,79.0,81.0,84.0,85.0,84.0,85.0,84.0,85,81,80,81,80,83.0,78,80,79,83,1,84.2,83.2,82.2,83.4,81.66666666666667,0.0,1.0,0.0,0.0,0.0,0.0,0.0,0.0,0.0,1.0,0.0,1.0,0.0,0.0,0.0,0.0,75.71
UICS24-045,Urdaneta I Central School,12,84.0,84.0,83.0,84.0,88.0,83.0,85.0,85.0,85.0,84.0,84.0,84.0,83.0,84,84,84,85,84,83.0,87,83,85,83,0,84.8,84.4,83.8,83.8,84.66666666666667,0.0,1.0,0.0,0.0,0.0,1.0,0.0,0.0,0.0,0.0,0.0,1.0,0.0,0.0,0.0,0.0,74.03
DAFSIS25-011,Don Alipio Fernandez Sr. Integrated School,11,89.0,87.0,88.0,87.0,87.0,86.0,87.0,87.0,90.0,89.0,89.0,90.0,89.0,90,89,91,90,89,93.0,92,93,92,95,1,89.8,88.6,89.6,89.4,90.66666666666667,0.0,1.0,0.0,0.0,0.0,1.0,0.0,0.0,0.0,0.0,0.0,1.0,0.0,0.0,0.0,0.0,73.08
UICS25-186,Urdaneta I Central School,11,90.0,89.0,92.0,90.0,86.0,87.0,87.0,88.0,85.0,86.0,86.0,86.0,86.0,84,83,83,83,85,89.0,80,78,80,78,1,86.8,85.0,85.2,85.4,83.0,1.0,0.0,0.0,0.0,0.0,0.0,0.0,0.0,0.0,0.0,1.0,1.0,0.0,0.0,0.0,0.0,66.82
UISC25-110,Urdaneta City SPED Center,12,90.0,87.0,88.0,89.0,93.0,92.0,92.0,92.0,92.0,91.0,91.0,91.0,91.0,86,87,85,85,87,89.0,89,89,89,90,1,90.0,89.2,89.0,89.8,88.33333333333333,0.0,1.0,0.0,0.0,0.0,0.0,0.0,0.0,0.0,0.0,1.0,1.0,0.0,0.0,0.0,0.0,72.08
DAPSMECSE25-007,Don Amadeo Perez Sr. Memorial Elementary School - East,11,87.0,84.0,85.0,87.0,88.0,85.0,85.0,88.0,88.0,86.0,86.0,87.0,87.0,84,82,83,84,85,83.0,82,81,84,81,1,86.0,83.8,84.0,85.6,85.0,1.0,0.0,0.0,0.0,0.0,1.0,0.0,0.0,0.0,0.0,0.0,1.0,0.0,0.0,0.0,0.0,75.71
NAN24-019,Nancayasan Elementary School,11,87.0,85.0,85.0,87.0,88.0,88.0,87.0,87.0,89.0,86.0,87.0,87.0,88.0,89,88,87,88,89,88.0,87,85,87,87,0,88.2,86.8,86.2,87.6,87.33333333333333,0.0,1.0,0.0,0.0,0.0,1.0,0.0,0.0,0.0,0.0,0.0,0.0,0.0,0.0,0.0,1.0,65.57
UICS24-008,Urdaneta I Central School,12,91.0,88.0,91.0,91.0,89.0,91.0,90.0,89.0,90.0,91.0,90.0,90.0,88.0,92,90,90,90,91,91.0,89,89,90,91,0,90.6,89.8,90.0,90.0,90.0,1.0,0.0,0.0,0.0,0.0,1.0,0.0,0.0,0.0,0.0,0.0,1.0,0.0,0.0,0.0,0.0,74.03
BES25-085,Badipa Elementary School,12,80.0,80.0,79.0,79.0,81.0,79.0,80.0,81.0,82.0,82.0,82.0,81.0,81.0,84,83,84,84,85,80.0,80,80,80,80,1,81.4,80.8,81.0,81.2,81.66666666666667,0.0,1.0,0.0,0.0,0.0,1.0,0.0,0.0,0.0,0.0,0.0,1.0,0.0,0.0,0.0,0.0,80.54
DAPSMECSE25-034,Don Amadeo Perez Sr. Memorial Elementary School - East,11,75.0,75.0,75.0,75.0,77.0,76.0,77.0,78.0,76.0,76.0,76.0,76.0,76.0,77,76,76,78,75,78.0,77,77,77,78,1,76.6,76.0,76.2,76.4,77.0,0.0,1.0,0.0,0.0,0.0,1.0,0.0,0.0,0.0,0.0,0.0,1.0,0.0,0.0,0.0,0.0,75.71
UICS25-281,Urdaneta I Central School,12,91.0,92.0,89.0,89.0,92.0,92.0,92.0,91.0,89.0,88.0,90.0,90.0,88.0,90,89,88,88,89,87.0,86,86,87,87,1,89.8,89.4,89.0,88.8,88.33333333333333,1.0,0.0,0.0,0.0,0.0,1.0,0.0,0.0,0.0,0.0,0.0,1.0,0.0,0.0,0.0,0.0,66.82
UICS25-274,Urdaneta I Central School,12,78.0,77.0,77.0,80.0,79.0,79.0,79.0,79.0,80.0,80.0,80.0,80.0,80.0,86,83,83,83,84,87.0,86,85,87,87,1,82.0,81.0,80.8,82.0,83.33333333333333,0.0,1.0,0.0,0.0,0.0,0.0,0.0,0.0,0.0,1.0,0.0,1.0,0.0,0.0,0.0,0.0,66.82
UICS24-066,Urdaneta I Central School,11,82.0,82.0,81.0,82.0,85.0,81.0,83.0,83.0,83.0,81.0,81.0,82.0,82.0,84,84,83,84,84,87.0,86,86,86,85,0,84.2,82.8,82.8,83.2,84.0,1.0,0.0,0.0,0.0,0.0,0.0,0.0,0.0,0.0,0.0,1.0,1.0,0.0,0.0,0.0,0.0,74.03
UICS25-146,Urdaneta I Central School,11,82.0,81.0,81.0,82.0,85.0,84.0,83.0,85.0,81.0,81.0,81.0,81.0,81.0,81,81,83,81,81,76.0,76,76,76,76,1,81.0,80.6,80.8,81.0,79.33333333333333,0.0,1.0,0.0,0.0,0.0,0.0,0.0,0.0,0.0,0.0,1.0,1.0,0.0,0.0,0.0,0.0,66.82
DAPSMECSE25-030,Don Amadeo Perez Sr. Memorial Elementary School - East,12,83.0,83.0,84.0,84.0,78.0,77.0,79.0,80.0,78.0,79.0,86.0,77.0,79.0,85,83,84,84,85,83.0,82,83,88,85,1,81.4,80.8,83.2,82.6,83.0,0.0,1.0,0.0,0.0,0.0,1.0,0.0,0.0,0.0,0.0,0.0,1.0,0.0,0.0,0.0,0.0,75.71
UICS25-150,Urdaneta I Central School,11,80.0,80.0,78.0,80.0,81.0,81.0,79.0,79.0,77.0,76.0,76.0,77.0,77.0,81,80,80,80,80,81.0,80,80,80,81,1,80.0,79.4,78.6,79.4,79.0,1.0,0.0,0.0,0.0,0.0,0.0,0.0,0.0,0.0,0.0,1.0,1.0,0.0,0.0,0.0,0.0,66.82
UISC25-104,Urdaneta City SPED Center,11,84.0,84.0,84.0,83.0,90.0,89.0,89.0,89.0,87.0,86.0,86.0,86.0,87.0,85,86,85,86,85,88.0,95,87,89,89,1,86.8,88.0,86.2,86.6,87.0,1.0,0.0,0.0,0.0,0.0,0.0,0.0,0.0,0.0,0.0,1.0,1.0,0.0,0.0,0.0,0.0,72.08
UICS25-371,Urdaneta I Central School,11,87.0,86.0,86.0,86.0,87.0,87.0,87.0,88.0,87.0,87.0,87.0,86.0,87.0,83,82,82,83,83,84.0,83,82,82,84,1,85.6,85.0,84.8,85.6,83.66666666666667,1.0,0.0,0.0,0.0,0.0,0.0,0.0,0.0,0.0,0.0,1.0,1.0,0.0,0.0,0.0,0.0,66.82
BES25-187,Badipa Elementary School,11,84.0,82.0,86.0,90.0,86.0,84.0,87.0,87.0,83.0,83.0,82.0,82.0,82.0,83,81,82,82,83,84.0,84,83,84,84,1,84.0,82.8,84.0,85.2,82.66666666666667,1.0,0.0,0.0,0.0,0.0,1.0,0.0,0.0,0.0,0.0,0.0,1.0,0.0,0.0,0.0,0.0,80.54
BES25-197,Badipa Elementary School,11,85.0,87.0,87.0,87.0,88.0,82.0,85.0,84.0,85.0,85.0,85.0,85.0,85.0,83,82,84,83,84,84.0,83,84,84,84,1,85.0,83.8,85.0,84.8,84.0,1.0,0.0,0.0,0.0,0.0,1.0,0.0,0.0,0.0,0.0,0.0,1.0,0.0,0.0,0.0,0.0,80.54
DAFSIS25-030,Don Alipio Fernandez Sr. Integrated School,12,87.0,86.0,85.0,85.0,86.0,84.0,86.0,85.0,87.0,85.0,85.0,85.0,86.0,86,85,87,87,87,87.0,86,79,85,83,1,86.6,85.2,84.4,85.2,85.66666666666667,0.0,1.0,0.0,0.0,0.0,1.0,0.0,0.0,0.0,0.0,0.0,1.0,0.0,0.0,0.0,0.0,73.08
BES25-123,Badipa Elementary School,11,79.0,75.0,80.0,81.0,82.0,81.0,82.0,82.0,76.0,76.0,76.0,76.0,76.0,79,78,80,79,80,80.0,79,79,79,80,1,79.2,77.8,79.4,79.8,78.0,0.0,1.0,0.0,0.0,0.0,1.0,0.0,0.0,0.0,0.0,0.0,1.0,0.0,0.0,0.0,0.0,80.54
UICS25-244,Urdaneta I Central School,11,81.0,80.0,81.0,81.0,85.0,85.0,85.0,84.0,85.0,83.0,82.0,83.0,83.0,79,78,79,79,80,80.0,80,80,80,79,1,82.0,81.2,81.4,81.4,80.66666666666667,1.0,0.0,0.0,0.0,0.0,1.0,0.0,0.0,0.0,0.0,0.0,1.0,0.0,0.0,0.0,0.0,66.82
UICS25-317,Urdaneta I Central School,11,90.0,90.0,90.0,90.0,91.0,89.0,91.0,90.0,89.0,88.0,88.0,88.0,89.0,90,88,88,88,88,89.0,89,89,89,90,1,89.8,88.8,89.2,89.4,88.33333333333333,1.0,0.0,0.0,0.0,0.0,0.0,0.0,0.0,0.0,0.0,1.0,0.0,0.0,0.0,1.0,0.0,66.82
BES25-010,Badipa Elementary School,11,84.0,83.0,82.0,85.0,87.0,86.0,86.0,86.0,90.0,90.0,90.0,89.0,90.0,87,86,88,87,86,87.0,87,86,86,87,1,87.0,86.4,86.4,86.8,87.33333333333333,1.0,0.0,0.0,0.0,0.0,1.0,0.0,0.0,0.0,0.0,0.0,1.0,0.0,0.0,0.0,0.0,80.54
UICS24-024,Urdaneta I Central School,11,82.0,81.0,82.0,80.0,80.0,79.0,79.0,79.0,80.0,79.0,78.0,78.0,79.0,82,83,83,84,84,83.0,82,82,82,83,0,81.4,80.8,80.8,81.0,81.33333333333333,1.0,0.0,0.0,0.0,0.0,1.0,0.0,0.0,0.0,0.0,0.0,1.0,0.0,0.0,0.0,0.0,74.03
UISC25-080,Urdaneta City SPED Center,11,85.0,84.0,82.0,82.0,89.0,91.0,89.0,89.0,91.0,89.0,89.0,88.0,88.0,91,93,91,92,91,90.0,91,86,90,91,1,89.2,89.6,87.4,88.2,90.0,0.0,1.0,0.0,0.0,0.0,0.0,0.0,0.0,0.0,0.0,1.0,0.0,1.0,0.0,0.0,0.0,72.08
UISC25-034,Urdaneta City SPED Center,11,91.0,89.0,86.0,91.0,91.0,90.0,90.0,91.0,93.0,92.0,92.0,92.0,93.0,93,91,90,90,91,91.0,91,93,91,90,1,91.8,90.6,90.2,91.2,91.0,1.0,0.0,0.0,0.0,0.0,0.0,0.0,0.0,0.0,0.0,1.0,1.0,0.0,0.0,0.0,0.0,72.08
BES25-041,Badipa Elementary School,11,81.0,80.0,84.0,90.0,84.0,82.0,86.0,87.0,83.0,82.0,84.0,84.0,84.0,87,87,84,86,87,86.0,84,84,85,85,1,84.2,83.0,84.4,86.6,85.0,1.0,0.0,0.0,0.0,0.0,1.0,0.0,0.0,0.0,0.0,0.0,1.0,0.0,0.0,0.0,0.0,80.54
BES24-040,Badipa Elementary School,11,96.0,94.0,92.0,90.0,91.0,91.0,92.0,92.0,92.0,91.0,91.0,90.0,90.0,92,91,92,91,91,94.0,95,95,94,92,0,93.0,92.4,92.4,91.0,91.66666666666667,0.0,1.0,0.0,0.0,0.0,1.0,0.0,0.0,0.0,0.0,0.0,1.0,0.0,0.0,0.0,0.0,75.7
UISC25-025,Urdaneta City SPED Center,12,94.0,91.0,93.0,92.0,92.0,93.0,93.0,92.0,92.0,92.0,91.0,91.0,92.0,92,95,89,91,90,89.0,91,88,89,88,1,91.8,92.4,90.8,90.8,90.33333333333333,1.0,0.0,0.0,1.0,0.0,0.0,0.0,0.0,0.0,0.0,0.0,1.0,0.0,0.0,0.0,0.0,72.08
UICS25-346,Urdaneta I Central School,11,93.0,93.0,93.0,93.0,94.0,96.0,94.0,94.0,93.0,93.0,94.0,93.0,93.0,90,91,91,90,88,91.0,93,91,90,92,1,92.2,93.2,92.6,92.0,91.0,1.0,0.0,0.0,0.0,0.0,0.0,0.0,0.0,0.0,0.0,1.0,1.0,0.0,0.0,0.0,0.0,66.82
UICS25-216,Urdaneta I Central School,11,84.0,81.0,81.0,85.0,85.0,86.0,86.0,85.0,84.91689751,88.0,82.0,82.0,82.0,81,83,84,83,82,83.0,83,83,81,81,1,83.583379502,84.2,83.2,83.0,82.0,1.0,0.0,0.0,0.0,0.0,0.0,0.0,0.0,0.0,0.0,1.0,1.0,0.0,0.0,0.0,0.0,66.82
UISC25-058,Urdaneta City SPED Center,11,93.0,94.0,92.0,94.0,95.0,95.0,94.0,95.0,95.0,94.0,95.0,96.0,95.0,94,96,94,95,94,92.0,95,94,95,91,1,93.8,94.8,93.8,93.8,95.33333333333333,1.0,0.0,0.0,0.0,0.0,0.0,0.0,0.0,0.0,0.0,1.0,1.0,0.0,0.0,0.0,0.0,72.08
NAN24-005,Nancayasan Elementary School,12,85.0,84.0,82.0,82.0,87.0,87.0,85.0,87.0,87.0,87.0,87.0,87.0,87.0,85,84,84,84,86,90.0,89,89,90,90,0,86.8,86.2,85.4,86.4,87.0,1.0,0.0,0.0,0.0,0.0,0.0,0.0,0.0,0.0,0.0,1.0,1.0,0.0,0.0,0.0,0.0,65.57
DAPSMECSE24-002,Don Amadeo Perez Sr. Memorial Elementary School - East,12,79.0,78.0,80.0,80.0,82.0,80.0,80.0,82.0,86.0,85.0,85.0,86.0,86.0,84,82,81,82,84,84.0,82,81,83,83,0,83.0,81.4,81.4,83.0,83.66666666666667,0.0,1.0,0.0,0.0,0.0,1.0,0.0,0.0,0.0,0.0,0.0,1.0,0.0,0.0,0.0,0.0,78.17
UICS25-148,Urdaneta I Central School,11,77.0,76.0,78.0,79.0,82.0,81.0,81.0,83.0,81.0,80.0,80.0,80.0,80.0,81,80,79,79,79,80.0,79,79,79,80,1,80.2,79.2,79.4,80.2,79.33333333333333,0.0,1.0,0.0,0.0,0.0,0.0,0.0,0.0,0.0,0.0,1.0,1.0,0.0,0.0,0.0,0.0,66.82
BES25-065,Badipa Elementary School,11,88.0,87.0,88.0,88.0,88.0,88.0,88.0,87.0,86.0,86.0,86.0,86.0,86.0,83,83,84,83,83,84.0,82,84,83,82,1,85.8,85.2,86.0,85.2,84.0,0.0,1.0,0.0,0.0,0.0,1.0,0.0,0.0,0.0,0.0,0.0,1.0,0.0,0.0,0.0,0.0,80.54
NAN24-020,Nancayasan Elementary School,12,87.0,85.0,85.0,87.0,93.0,93.0,92.0,91.0,88.0,88.0,87.0,88.0,88.0,85,84,84,84,85,82.0,78,84,79,78,0,87.0,85.6,86.4,85.8,83.66666666666667,0.0,1.0,0.0,0.0,0.0,1.0,0.0,0.0,0.0,0.0,0.0,1.0,0.0,0.0,0.0,0.0,65.57
UICS25-333,Urdaneta I Central School,11,85.0,84.0,84.0,85.0,91.0,91.0,91.0,91.0,90.0,91.0,90.0,90.0,91.0,86,91,88,89,89,90.0,89,88,90,89,1,88.4,89.2,88.2,89.0,89.66666666666667,0.0,1.0,0.0,0.0,0.0,0.0,0.0,0.0,0.0,0.0,1.0,0.0,0.0,1.0,0.0,0.0,66.82
UICS25-130,Urdaneta I Central School,11,87.0,87.0,90.0,89.0,91.0,89.0,89.0,90.0,88.0,85.0,87.0,87.0,88.0,85,84,85,86,84,87.0,85,84,84,86,1,87.6,86.0,87.0,87.4,85.66666666666667,1.0,0.0,0.0,0.0,0.0,1.0,0.0,0.0,0.0,0.0,0.0,1.0,0.0,0.0,0.0,0.0,66.82
UICS25-031,Urdaneta I Central School,11,76.0,76.0,76.0,76.0,79.0,77.0,78.0,78.0,82.0,82.0,82.0,82.0,82.0,86,85,86,86,86,89.0,90,89,90,90,1,82.4,82.0,82.2,82.4,86.0,0.0,1.0,0.0,0.0,0.0,1.0,0.0,0.0,0.0,0.0,0.0,1.0,0.0,0.0,0.0,0.0,66.82
UICS25-041,Urdaneta I Central School,11,92.0,89.0,92.0,93.0,90.0,91.0,91.0,92.0,86.0,86.0,85.0,86.0,86.0,92,90,91,88,90,90.0,88,86,88,92,1,90.0,88.8,89.0,90.6,87.33333333333333,1.0,0.0,0.0,0.0,0.0,0.0,0.0,0.0,0.0,0.0,1.0,1.0,0.0,0.0,0.0,0.0,66.82
BES25-205,Badipa Elementary School,12,79.0,80.0,80.0,80.0,76.0,76.0,76.0,76.0,78.0,78.0,78.0,78.0,78.0,83,78,80,80,82,81.0,81,80,81,82,1,79.4,78.6,78.8,79.6,79.66666666666667,0.0,1.0,0.0,0.0,0.0,1.0,0.0,0.0,0.0,0.0,0.0,1.0,0.0,0.0,0.0,0.0,80.54
NAN24-006,Nancayasan Elementary School,11,89.0,90.0,88.0,88.0,88.0,84.0,86.0,89.0,88.0,86.0,88.0,87.0,88.0,87,86,86,86,87,90.0,88,88,88,88,0,88.4,86.8,87.2,88.0,87.0,0.0,1.0,0.0,0.0,0.0,1.0,0.0,0.0,0.0,0.0,0.0,1.0,0.0,0.0,0.0,0.0,65.57
NAN25-037,Nancayasan Elementary School,11,82.0,81.0,81.0,82.0,79.0,79.0,78.0,79.0,90.0,89.0,90.0,90.0,88.0,85,84,83,83,83,90.0,86,85,89,89,1,85.2,83.8,83.4,84.2,87.33333333333333,0.0,1.0,0.0,0.0,0.0,1.0,0.0,0.0,0.0,0.0,0.0,1.0,0.0,0.0,0.0,0.0,58.64
UICS25-377,Urdaneta I Central School,11,75.0,75.0,76.0,78.0,80.0,80.0,80.0,81.0,80.0,79.0,80.0,81.0,81.0,79,78,78,78,80,81.0,80,80,80,81,1,79.0,78.4,78.8,80.2,79.66666666666667,0.0,1.0,0.0,0.0,0.0,0.0,0.0,0.0,0.0,0.0,1.0,1.0,0.0,0.0,0.0,0.0,66.82
LANES25-071,Lananpin Elementary School,11,82.0,82.0,82.0,83.0,83.0,82.0,83.0,83.0,83.0,83.0,84.0,82.0,83.0,83,83,84,83,83,85.0,84,82,82,84,1,83.2,82.8,83.0,83.2,82.33333333333333,0.0,1.0,0.0,0.0,0.0,1.0,0.0,0.0,0.0,0.0,0.0,1.0,0.0,0.0,0.0,0.0,62.7
UICS25-243,Urdaneta I Central School,11,81.0,78.0,80.0,83.0,80.0,80.0,81.0,81.0,80.0,80.0,80.0,80.0,81.0,83,82,82,83,83,81.0,80,80,80,82,1,81.0,80.0,80.6,82.0,81.0,1.0,0.0,0.0,0.0,0.0,0.0,0.0,0.0,0.0,0.0,1.0,1.0,0.0,0.0,0.0,0.0,66.82
UICS25-350,Urdaneta I Central School,12,91.0,92.0,90.0,89.0,87.0,88.0,88.0,88.0,85.0,84.0,84.0,83.0,84.0,84,82,83,85,85,87.0,83,84,82,87,1,86.8,85.8,85.8,86.6,83.33333333333333,0.0,1.0,0.0,0.0,0.0,1.0,0.0,0.0,0.0,0.0,0.0,1.0,0.0,0.0,0.0,0.0,66.82
UISC25-013,Urdaneta City SPED Center,11,86.0,85.0,85.0,88.0,90.0,90.0,90.0,90.0,93.0,92.0,92.0,91.0,93.0,91,90,89,89,90,91.0,90,89,90,90,1,90.2,89.4,89.0,90.2,90.0,1.0,0.0,0.0,0.0,0.0,0.0,0.0,0.0,0.0,0.0,1.0,1.0,0.0,0.0,0.0,0.0,72.08
UISC25-047,Urdaneta City SPED Center,12,92.0,91.0,91.0,92.0,92.0,91.0,92.0,91.0,93.0,92.0,92.0,93.0,93.0,92,92,92,91,93,92.0,94,92,93,91,1,92.2,92.0,91.8,92.0,92.33333333333333,0.0,1.0,0.0,0.0,0.0,0.0,0.0,0.0,0.0,0.0,1.0,1.0,0.0,0.0,0.0,0.0,72.08
UICS25-360,Urdaneta I Central School,11,79.0,79.0,79.0,79.0,85.0,85.0,84.0,85.0,81.0,81.0,82.0,82.0,81.0,82,80,80,81,82,80.0,80,79,79,80,1,81.4,81.0,80.8,81.4,80.66666666666667,0.0,1.0,0.0,0.0,0.0,0.0,0.0,0.0,0.0,0.0,1.0,0.0,0.0,1.0,0.0,0.0,66.82
LANES25-125,Lananpin Elementary School,11,81.0,80.0,80.0,80.0,84.0,83.0,83.0,84.0,85.0,84.0,84.0,86.0,85.0,86,84,83,84,84,86.0,86,86,84,86,1,84.4,83.4,83.2,83.8,84.66666666666667,1.0,0.0,0.0,0.0,0.0,1.0,0.0,0.0,0.0,0.0,0.0,1.0,0.0,0.0,0.0,0.0,62.7
DAFSIS25-001,Don Alipio Fernandez Sr. Integrated School,11,84.0,82.0,84.0,84.0,85.0,81.0,83.0,84.0,85.0,82.0,83.0,84.0,84.0,84,81,84,83,83,80.0,81,88,80,83,1,83.6,81.4,84.4,83.6,82.33333333333333,0.0,1.0,0.0,0.0,0.0,1.0,0.0,0.0,0.0,0.0,0.0,1.0,0.0,0.0,0.0,0.0,73.08
UICS25-259,Urdaneta I Central School,11,84.0,82.0,84.0,84.0,82.0,82.0,83.0,83.0,81.0,79.0,81.0,79.0,80.0,81,80,81,80,80,81.0,79,79,79,81,1,81.8,80.4,81.6,81.6,79.33333333333333,0.0,1.0,0.0,0.0,0.0,1.0,0.0,0.0,0.0,0.0,0.0,1.0,0.0,0.0,0.0,0.0,66.82
BES24-020,Badipa Elementary School,11,87.0,88.0,87.0,87.0,85.0,84.0,85.0,88.0,86.0,85.0,85.0,85.0,86.0,86,85,84,84,85,90.0,89,89,90,89,0,86.8,86.2,86.0,87.0,86.33333333333333,0.0,1.0,0.0,0.0,0.0,0.0,0.0,0.0,0.0,0.0,1.0,1.0,0.0,0.0,0.0,0.0,75.7
DAFSIS25-038,Don Alipio Fernandez Sr. Integrated School,11,76.0,77.0,76.0,77.0,77.0,76.0,76.0,77.0,78.0,77.0,77.0,77.0,77.0,77,77,78,80,79,78.0,79,80,79,79,1,77.2,77.2,77.4,77.8,78.66666666666667,0.0,1.0,0.0,0.0,0.0,1.0,0.0,0.0,0.0,0.0,0.0,1.0,0.0,0.0,0.0,0.0,73.08
BES25-184,Badipa Elementary School,11,82.0,79.0,79.0,77.0,81.0,81.0,81.0,80.0,80.0,80.0,80.0,80.0,80.0,83,83,83,83,84,84.0,84,84,84,84,1,82.0,81.4,81.4,81.0,82.33333333333333,1.0,0.0,0.0,0.0,0.0,1.0,0.0,0.0,0.0,0.0,0.0,0.0,0.0,0.0,0.0,1.0,80.54
UISC25-002,Urdaneta City SPED Center,12,88.0,88.0,87.0,87.0,83.0,83.0,83.0,83.0,85.0,84.0,84.0,84.0,84.0,90,89,88,88,88,90.0,90,89,90,90,1,87.2,86.8,86.2,86.4,87.33333333333333,1.0,0.0,0.0,0.0,0.0,1.0,0.0,0.0,0.0,0.0,0.0,1.0,0.0,0.0,0.0,0.0,72.08
LANES25-115,Lananpin Elementary School,10,84.0,81.0,84.0,86.0,87.0,82.0,86.0,87.0,80.0,79.0,80.0,82.0,82.0,84,80,80,81,84,87.0,85,85,86,87,1,84.4,81.4,83.0,85.2,83.0,1.0,0.0,0.0,0.0,0.0,1.0,0.0,0.0,0.0,0.0,0.0,1.0,0.0,0.0,0.0,0.0,62.7
UISC25-052,Urdaneta City SPED Center,11,96.0,94.0,95.0,96.0,96.0,95.0,96.0,96.0,94.0,94.0,93.0,94.0,94.0,94,95,93,91,91,91.0,94,93,94,90,1,94.2,94.4,94.0,93.4,93.0,0.0,1.0,0.0,0.0,0.0,0.0,0.0,0.0,0.0,0.0,1.0,1.0,0.0,0.0,0.0,0.0,72.08
UICS25-338,Urdaneta I Central School,11,90.0,87.0,87.0,90.0,90.0,91.0,91.0,90.0,90.0,90.0,90.0,90.0,90.0,89,86,88,88,84,90.0,90,89,90,91,1,89.8,88.8,89.0,89.0,89.33333333333333,1.0,0.0,0.0,0.0,0.0,0.0,0.0,0.0,0.0,0.0,1.0,1.0,0.0,0.0,0.0,0.0,66.82
LANES25-084,Lananpin Elementary School,13,81.0,80.0,82.0,81.0,84.0,84.0,84.0,85.0,87.0,86.0,85.0,86.0,84.0,90,88,88,86,87,85.0,85,86,86,88,1,85.4,84.6,85.0,85.0,86.0,0.0,1.0,0.0,0.0,0.0,0.0,0.0,0.0,0.0,0.0,1.0,0.0,0.0,0.0,0.0,1.0,62.7
BES25-167,Badipa Elementary School,11,82.0,77.0,83.0,81.0,80.0,81.0,77.0,77.0,78.0,78.0,78.0,78.0,78.0,88,88,88,88,88,90.0,89,91,90,88,1,83.6,82.6,83.4,82.4,85.33333333333333,1.0,0.0,0.0,0.0,0.0,1.0,0.0,0.0,0.0,0.0,0.0,1.0,0.0,0.0,0.0,0.0,80.54
UICS24-009,Urdaneta I Central School,12,84.0,84.0,84.0,84.0,85.0,83.0,84.0,84.0,86.0,86.0,86.0,85.0,85.0,86,84,84,84,84,92.0,91,90,90,91,0,86.6,85.6,85.6,85.6,86.33333333333333,1.0,0.0,0.0,0.0,0.0,1.0,0.0,0.0,0.0,0.0,0.0,1.0,0.0,0.0,0.0,0.0,74.03
BES25-136,Badipa Elementary School,11,76.0,76.0,76.0,78.0,79.0,76.0,79.0,77.0,79.0,78.0,79.0,78.0,79.0,79,79,79,79,79,80.0,79,79,79,80,1,78.6,77.6,78.4,78.6,78.66666666666667,0.0,1.0,0.0,0.0,0.0,1.0,0.0,0.0,0.0,0.0,0.0,1.0,0.0,0.0,0.0,0.0,80.54
BES25-097,Badipa Elementary School,11,80.0,80.0,80.0,80.0,78.0,77.0,77.0,79.0,75.0,75.0,75.0,75.0,75.0,77,76,77,77,77,76.0,76,76,76,76,1,77.2,76.8,77.0,77.4,76.0,0.0,1.0,0.0,0.0,0.0,1.0,0.0,0.0,0.0,0.0,0.0,1.0,0.0,0.0,0.0,0.0,80.54
UISC25-057,Urdaneta City SPED Center,12,91.0,91.0,88.0,92.0,95.0,95.0,94.0,95.0,94.0,94.0,94.0,94.0,95.0,93,91,91,89,91,92.0,92,91,92,88,1,93.0,92.6,91.6,92.2,91.66666666666667,1.0,0.0,0.0,0.0,0.0,0.0,0.0,0.0,0.0,0.0,1.0,1.0,0.0,0.0,0.0,0.0,72.08
LANES25-048,Lananpin Elementary School,11,75.0,75.0,76.0,80.0,82.0,81.0,80.0,82.0,82.0,80.0,79.0,80.0,80.0,76,77,75,76,80,80.0,78,77,77,79,1,79.0,78.2,77.4,80.2,77.66666666666667,1.0,0.0,0.0,0.0,0.0,1.0,0.0,0.0,0.0,0.0,0.0,1.0,0.0,0.0,0.0,0.0,62.7
DAPSMECSE25-002,Don Amadeo Perez Sr. Memorial Elementary School - East,11,78.0,79.0,78.0,78.0,81.0,79.0,79.0,80.0,79.0,78.0,78.0,78.0,78.0,85,84,84,85,86,85.0,84,85,87,87,1,81.6,80.8,80.8,81.8,83.33333333333333,1.0,0.0,0.0,0.0,0.0,1.0,0.0,0.0,0.0,0.0,0.0,1.0,0.0,0.0,0.0,0.0,75.71
BES25-109,Badipa Elementary School,11,85.0,82.0,82.0,87.0,81.0,80.0,82.0,81.0,82.0,82.0,84.0,83.0,83.0,79,78,80,80,81,81.0,81,81,81,81,1,81.6,80.6,81.8,82.6,81.33333333333333,1.0,0.0,0.0,0.0,0.0,1.0,0.0,0.0,0.0,0.0,0.0,1.0,0.0,0.0,0.0,0.0,80.54
UICS25-222,Urdaneta I Central School,12,87.0,86.0,86.0,87.0,87.0,88.0,87.0,86.0,84.91689751,87.0,86.0,86.0,85.0,85,86,83,82,81,82.0,83,83,82,81,1,85.18337950200001,86.0,85.0,84.0,83.33333333333333,1.0,0.0,0.0,0.0,0.0,0.0,0.0,0.0,0.0,1.0,0.0,1.0,0.0,0.0,0.0,0.0,66.82
UISC25-043,Urdaneta City SPED Center,11,90.0,91.0,89.0,93.0,94.0,95.0,94.0,95.0,94.0,94.0,94.0,94.0,94.0,92,91,89,89,90,93.0,92,92,93,90,1,92.6,92.6,91.6,92.4,92.0,1.0,0.0,0.0,0.0,0.0,0.0,0.0,0.0,0.0,0.0,1.0,1.0,0.0,0.0,0.0,0.0,72.08
UICS24-053,Urdaneta I Central School,11,79.0,78.0,81.0,81.0,75.0,75.0,75.0,75.0,78.0,78.0,78.0,78.0,78.0,79,79,80,79,80,80.0,79,80,80,81,0,78.2,77.8,78.8,79.0,79.0,0.0,1.0,0.0,0.0,0.0,1.0,0.0,0.0,0.0,0.0,0.0,1.0,0.0,0.0,0.0,0.0,74.03
DCBMES25-011,Don Clemente Blanco Memorial Elementary School,11,78.0,76.0,77.0,76.0,75.0,75.0,75.0,75.0,77.0,77.0,77.0,76.0,77.0,81,79,79,82,80,83.0,82,83,83,81,1,78.8,77.8,78.2,77.8,80.33333333333333,1.0,0.0,0.0,0.0,0.0,1.0,0.0,0.0,0.0,0.0,0.0,1.0,0.0,0.0,0.0,0.0,33.59
UICS24-003,Urdaneta I Central School,12,82.0,81.0,82.0,83.0,84.0,84.0,84.0,85.0,84.0,84.0,83.0,85.0,86.0,84,84,84,84,84,89.0,89,87,89,89,0,84.6,84.4,84.0,85.4,86.0,0.0,1.0,0.0,0.0,0.0,1.0,0.0,0.0,0.0,0.0,0.0,0.0,0.0,1.0,0.0,0.0,74.03
LANES25-093,Lananpin Elementary School,11,80.0,79.0,79.0,79.0,82.0,78.0,78.0,80.0,84.0,80.0,81.0,82.0,81.0,85,82,79,84,84,84.0,83,82,82,84,1,83.0,80.4,79.8,81.6,82.66666666666667,0.0,1.0,0.0,0.0,0.0,1.0,0.0,0.0,0.0,0.0,0.0,0.0,0.0,0.0,0.0,1.0,62.7
UICS25-386,Urdaneta I Central School,11,86.0,84.0,87.0,85.0,90.0,91.0,89.0,89.0,84.0,82.0,82.0,82.0,84.0,87,84,85,85,87,79.0,80,79,79,79,1,85.2,84.2,84.4,84.8,82.0,1.0,0.0,0.0,0.0,0.0,1.0,0.0,0.0,0.0,0.0,0.0,1.0,0.0,0.0,0.0,0.0,66.82
LANES25-038,Lananpin Elementary School,11,91.0,89.0,91.0,92.0,91.0,90.0,91.0,91.0,89.0,88.0,86.0,87.0,90.0,91,91,90,90,91,91.0,92,91,92,92,1,90.6,90.0,89.8,91.2,89.66666666666667,1.0,0.0,0.0,0.0,0.0,0.0,0.0,0.0,0.0,0.0,1.0,1.0,0.0,0.0,0.0,0.0,62.7
UISC25-022,Urdaneta City SPED Center,11,87.0,83.0,86.0,86.0,88.0,87.0,86.0,87.0,85.0,83.0,83.0,85.0,84.0,91,92,89,88,91,91.0,89,89,88,91,1,88.4,86.8,86.6,87.8,87.0,1.0,0.0,0.0,0.0,0.0,0.0,0.0,0.0,0.0,0.0,1.0,0.0,0.0,0.0,1.0,0.0,72.08
DCBMES25-015,Don Clemente Blanco Memorial Elementary School,11,88.0,89.0,87.0,88.0,89.0,88.0,87.0,88.0,86.0,87.0,86.0,87.0,87.0,88,86,86,86,88,87.0,89,90,87,88,1,87.6,87.8,87.2,87.8,86.66666666666667,1.0,0.0,0.0,0.0,0.0,1.0,0.0,0.0,0.0,0.0,0.0,1.0,0.0,0.0,0.0,0.0,33.59
DAFSIS25-041,Don Alipio Fernandez Sr. Integrated School,12,78.0,78.0,78.0,78.0,85.0,83.0,84.0,85.0,83.0,81.0,81.0,82.0,82.0,75,75,75,75,75,79.0,79,79,78,78,1,80.0,79.2,79.4,79.6,78.33333333333333,0.0,1.0,0.0,0.0,0.0,1.0,0.0,0.0,0.0,0.0,0.0,1.0,0.0,0.0,0.0,0.0,73.08
UICS25-347,Urdaneta I Central School,12,86.0,84.0,87.0,87.0,84.0,83.0,85.0,84.0,84.0,83.0,83.0,84.0,84.0,86,88,92,85,87,89.0,89,89,88,89,1,85.8,85.4,87.2,86.2,85.66666666666667,1.0,0.0,0.0,0.0,0.0,1.0,0.0,0.0,0.0,0.0,0.0,1.0,0.0,0.0,0.0,0.0,66.82
DAFSIS25-047,Don Alipio Fernandez Sr. Integrated School,11,89.0,88.0,88.0,90.0,91.0,89.0,87.0,91.0,89.0,87.0,89.0,91.0,90.0,93,93,92,91,92,93.0,92,91,92,91,1,91.0,89.8,89.4,90.8,91.33333333333333,1.0,0.0,0.0,0.0,0.0,1.0,0.0,0.0,0.0,0.0,0.0,1.0,0.0,0.0,0.0,0.0,73.08
BES25-175,Badipa Elementary School,11,92.0,93.0,91.0,91.0,90.0,89.0,88.0,90.0,87.0,87.0,88.0,88.0,87.0,92,91,91,90,91,93.0,93,94,92,91,1,90.8,90.6,90.4,90.0,90.0,1.0,0.0,0.0,0.0,0.0,1.0,0.0,0.0,0.0,0.0,0.0,1.0,0.0,0.0,0.0,0.0,80.54
LANES25-130,Lananpin Elementary School,11,82.0,81.0,83.0,82.0,81.0,80.0,81.0,81.0,83.0,83.0,82.0,83.0,84.0,84,84,84,85,85,88.0,87,85,88,86,1,83.6,83.0,83.0,83.6,85.33333333333333,0.0,1.0,0.0,0.0,0.0,1.0,0.0,0.0,0.0,0.0,0.0,0.0,1.0,0.0,0.0,0.0,62.7
BES25-178,Badipa Elementary School,12,80.0,77.0,80.0,79.0,86.0,85.0,85.0,86.0,79.0,79.0,77.0,78.0,76.0,86,86,85,85,85,90.0,85,90,89,88,1,84.2,82.4,83.4,82.8,84.0,1.0,0.0,0.0,0.0,0.0,0.0,0.0,0.0,0.0,0.0,1.0,1.0,0.0,0.0,0.0,0.0,80.54
BES25-029,Badipa Elementary School,12,92.0,92.0,91.0,90.0,83.0,82.0,81.0,82.0,81.0,79.0,80.0,78.0,81.0,87,85,86,85,87,90.0,86,88,88,88,1,86.6,84.8,85.2,85.6,83.66666666666667,1.0,0.0,0.0,0.0,0.0,1.0,0.0,0.0,0.0,0.0,0.0,1.0,0.0,0.0,0.0,0.0,80.54
UICS25-048,Urdaneta I Central School,11,87.0,79.0,85.0,87.0,88.0,87.0,86.0,89.0,89.0,87.0,86.0,87.0,88.0,90,90,88,84,89,88.0,88,87,86,87,1,88.4,86.2,86.4,88.0,85.66666666666667,0.0,1.0,0.0,0.0,0.0,0.0,0.0,0.0,0.0,0.0,1.0,0.0,1.0,0.0,0.0,0.0,66.82
UICS25-251,Urdaneta I Central School,11,82.0,81.0,81.0,80.0,82.0,80.0,80.0,82.0,81.0,80.0,80.0,80.0,80.0,80,79,79,79,79,80.0,79,79,79,81,1,81.0,79.8,79.8,80.4,79.33333333333333,0.0,1.0,0.0,0.0,0.0,1.0,0.0,0.0,0.0,0.0,0.0,1.0,0.0,0.0,0.0,0.0,66.82
NAN25-027,Nancayasan Elementary School,11,83.0,84.0,81.0,83.0,79.0,79.0,78.0,80.0,81.0,81.0,81.0,81.0,82.0,86,85,85,87,87,88.0,86,85,87,86,1,83.4,83.0,82.0,83.6,85.0,0.0,1.0,0.0,0.0,0.0,1.0,0.0,0.0,0.0,0.0,0.0,1.0,0.0,0.0,0.0,0.0,58.64
LANES25-073,Lananpin Elementary School,11,80.0,80.0,81.0,81.0,82.0,81.0,83.0,81.0,81.0,79.0,81.0,79.0,80.0,81,80,81,80,80,83.0,82,82,82,83,1,81.4,80.4,81.6,81.0,80.33333333333333,0.0,1.0,0.0,0.0,0.0,1.0,0.0,0.0,0.0,0.0,0.0,1.0,0.0,0.0,0.0,0.0,62.7
UICS25-107,Urdaneta I Central School,14,87.0,86.0,89.0,88.0,83.0,81.0,84.0,82.0,79.0,78.0,79.0,78.0,78.0,78,77,77,78,78,81.0,81,80,80,83,1,81.6,80.6,81.8,81.8,78.66666666666667,1.0,0.0,0.0,0.0,0.0,1.0,0.0,0.0,0.0,0.0,0.0,0.0,0.0,1.0,0.0,0.0,66.82
BES24-024,Badipa Elementary School,11,88.0,85.0,88.0,89.0,88.0,87.0,86.0,87.0,88.0,87.0,87.0,85.0,88.0,88,88,87,87,87,89.0,88,88,89,88,0,88.2,87.0,87.2,87.8,87.0,1.0,0.0,0.0,0.0,0.0,1.0,0.0,0.0,0.0,0.0,0.0,1.0,0.0,0.0,0.0,0.0,75.7
BES25-071,Badipa Elementary School,11,78.0,77.0,78.0,86.0,80.0,80.0,80.0,80.0,81.0,80.0,79.0,79.0,81.0,85,82,81,81,82,88.0,84,84,85,84,1,82.4,80.6,80.4,82.6,81.66666666666667,1.0,0.0,0.0,0.0,0.0,1.0,0.0,0.0,0.0,0.0,0.0,1.0,0.0,0.0,0.0,0.0,80.54
UICS25-168,Urdaneta I Central School,11,81.0,82.0,79.0,81.0,81.0,82.0,78.0,81.0,85.0,83.0,83.0,80.0,82.0,84,83,84,83,84,82.0,82,80,81,82,1,82.6,82.4,80.8,82.0,81.33333333333333,1.0,0.0,0.0,0.0,0.0,0.0,0.0,0.0,0.0,0.0,1.0,1.0,0.0,0.0,0.0,0.0,66.82
DAFSIS25-002,Don Alipio Fernandez Sr. Integrated School,11,80.0,79.0,79.0,79.0,80.0,81.0,80.0,81.0,81.0,82.0,82.0,82.0,82.0,80,80,81,79,80,90.0,87,88,85,88,1,82.2,81.8,82.0,82.0,82.0,0.0,1.0,0.0,0.0,0.0,1.0,0.0,0.0,0.0,0.0,0.0,1.0,0.0,0.0,0.0,0.0,73.08
UICS25-114,Urdaneta I Central School,11,88.0,87.0,88.0,87.0,87.0,87.0,86.0,87.0,86.0,85.0,85.0,85.0,86.0,83,82,82,82,83,86.0,86,88,87,86,1,86.0,85.4,85.8,85.8,84.66666666666667,1.0,0.0,0.0,0.0,0.0,0.0,0.0,0.0,0.0,0.0,1.0,1.0,0.0,0.0,0.0,0.0,66.82
UICS25-043,Urdaneta I Central School,12,88.0,87.0,87.0,92.0,92.0,89.0,89.0,89.0,92.0,92.0,91.0,93.0,92.0,88,90,88,85,88,90.0,85,85,84,86,1,90.0,88.6,88.0,89.4,87.33333333333333,0.0,1.0,0.0,0.0,0.0,0.0,0.0,0.0,0.0,0.0,1.0,1.0,0.0,0.0,0.0,0.0,66.82
BES25-149,Badipa Elementary School,11,90.0,91.0,89.0,89.0,86.0,83.0,85.0,86.0,86.0,85.0,85.0,85.0,85.0,89,89,90,90,89,89.0,89,92,88,87,1,88.0,87.4,88.2,87.2,87.66666666666667,0.0,1.0,0.0,0.0,0.0,1.0,0.0,0.0,0.0,0.0,0.0,1.0,0.0,0.0,0.0,0.0,80.54
LANES25-095,Lananpin Elementary School,11,85.0,83.0,86.0,85.0,86.0,85.0,86.0,86.0,87.0,87.0,86.0,87.0,87.0,88,87,88,88,87,84.0,85,86,86,86,1,86.0,85.4,86.4,86.2,87.0,0.0,1.0,0.0,0.0,0.0,1.0,0.0,0.0,0.0,0.0,0.0,1.0,0.0,0.0,0.0,0.0,62.7
LANES25-027,Lananpin Elementary School,11,78.0,79.0,78.0,78.0,81.0,82.0,81.0,82.0,82.0,81.0,81.0,81.0,82.0,76,78,78,78,80,80.0,78,78,78,79,1,79.4,79.6,79.2,80.2,79.0,0.0,1.0,0.0,0.0,0.0,1.0,0.0,0.0,0.0,0.0,0.0,1.0,0.0,0.0,0.0,0.0,62.7
UICS25-075,Urdaneta I Central School,12,91.0,93.0,91.0,89.0,90.0,89.0,89.0,90.0,89.0,88.0,88.0,88.0,88.0,92,92,91,92,91,91.0,92,86,90,90,1,90.6,90.8,89.0,89.6,90.0,0.0,1.0,0.0,0.0,0.0,0.0,0.0,0.0,0.0,0.0,1.0,1.0,0.0,0.0,0.0,0.0,66.82
BES25-062,Badipa Elementary School,12,86.0,83.0,85.0,85.0,85.0,84.0,85.0,85.0,84.0,83.0,84.0,83.0,83.0,85,85,85,85,85,82.0,81,82,82,82,1,84.4,83.2,84.2,84.0,83.33333333333333,0.0,1.0,0.0,0.0,0.0,1.0,0.0,0.0,0.0,0.0,0.0,1.0,0.0,0.0,0.0,0.0,80.54
BES25-102,Badipa Elementary School,11,75.0,75.0,75.0,75.0,80.0,80.0,80.0,80.0,81.0,80.0,81.0,79.0,79.0,76,75,76,77,78,78.0,78,78,78,78,1,78.0,77.6,78.0,78.0,78.0,0.0,1.0,0.0,0.0,0.0,1.0,0.0,0.0,0.0,0.0,0.0,1.0,0.0,0.0,0.0,0.0,80.54
UISC25-012,Urdaneta City SPED Center,11,91.0,89.0,89.0,91.0,92.0,91.0,91.0,91.0,93.0,92.0,93.0,93.0,93.0,94,95,94,95,93,94.0,93,93,92,92,1,92.8,92.0,92.0,92.0,93.33333333333333,0.0,1.0,0.0,0.0,0.0,0.0,0.0,0.0,0.0,0.0,1.0,1.0,0.0,0.0,0.0,0.0,72.08
LANES25-035,Lananpin Elementary School,11,82.0,80.0,82.0,82.0,84.0,85.0,86.0,84.0,83.0,83.0,84.0,82.0,83.0,83,83,83,82,82,78.0,78,77,77,77,1,82.0,81.8,82.4,81.6,80.33333333333333,0.0,1.0,0.0,0.0,0.0,1.0,0.0,0.0,0.0,0.0,0.0,1.0,0.0,0.0,0.0,0.0,62.7
UISC25-036,Urdaneta City SPED Center,12,83.0,83.0,87.0,86.0,86.0,85.0,86.0,85.0,88.0,88.0,88.0,88.0,87.0,84,84,84,84,83,88.0,88,87,87,87,1,85.8,85.6,86.4,85.6,86.33333333333333,0.0,1.0,0.0,0.0,0.0,0.0,0.0,0.0,0.0,0.0,1.0,1.0,0.0,0.0,0.0,0.0,72.08
UICS25-080,Urdaneta I Central School,11,77.0,75.0,78.0,78.0,80.0,79.0,79.0,81.0,78.0,77.0,77.0,77.0,80.0,80,80,81,80,81,80.0,78,78,78,80,1,79.0,77.8,78.6,80.0,78.33333333333333,0.0,1.0,0.0,0.0,0.0,0.0,0.0,0.0,0.0,0.0,1.0,1.0,0.0,0.0,0.0,0.0,66.82
UICS25-363,Urdaneta I Central School,12,86.0,80.0,86.0,90.0,88.0,84.0,85.0,88.0,86.0,85.0,85.0,85.0,86.0,80,79,79,80,80,83.0,82,82,82,82,1,84.6,82.0,83.4,85.2,82.33333333333333,0.0,1.0,0.0,0.0,0.0,1.0,0.0,0.0,0.0,0.0,0.0,1.0,0.0,0.0,0.0,0.0,66.82
NAN25-055,Nancayasan Elementary School,13,95.0,83.0,75.0,90.0,95.0,94.0,94.0,81.0,90.0,75.0,95.0,94.0,80.0,95,78,95,91,86,79.0,80,79,92,77,1,90.8,82.0,87.6,82.8,92.33333333333333,0.0,1.0,0.0,0.0,0.0,0.0,0.0,0.0,0.0,0.0,1.0,1.0,0.0,0.0,0.0,0.0,58.64
DAPSMECSE25-015,Don Amadeo Perez Sr. Memorial Elementary School - East,11,75.0,75.0,75.0,78.0,77.0,77.0,77.0,79.0,80.0,79.0,80.0,79.0,80.0,81,81,80,79,78,81.0,81,82,83,83,1,78.8,78.6,78.8,79.6,80.33333333333333,0.0,1.0,0.0,0.0,0.0,1.0,0.0,0.0,0.0,0.0,0.0,1.0,0.0,0.0,0.0,0.0,75.71
UICS25-199,Urdaneta I Central School,10,82.0,81.0,82.0,84.0,81.0,80.0,80.0,82.0,82.0,81.0,81.0,82.0,82.0,81,80,80,85,79,83.0,82,83,82,83,1,81.8,80.8,81.2,82.0,83.0,1.0,0.0,0.0,0.0,0.0,1.0,0.0,0.0,0.0,0.0,0.0,1.0,0.0,0.0,0.0,0.0,66.82
BES25-129,Badipa Elementary School,11,79.0,79.0,78.0,78.0,75.0,76.0,76.0,76.0,77.0,77.0,77.0,76.0,77.0,80,81,80,80,80,79.0,79,79,79,79,1,78.0,78.4,78.0,78.0,78.33333333333333,0.0,1.0,0.0,0.0,0.0,1.0,0.0,0.0,0.0,0.0,0.0,1.0,0.0,0.0,0.0,0.0,80.54
UICS25-226,Urdaneta I Central School,12,84.0,81.0,86.0,84.0,84.0,81.0,80.0,82.0,84.91689751,82.0,87.0,83.0,79.0,84,77,80,80,81,81.0,82,82,79,80,1,83.583379502,80.6,83.0,81.2,80.66666666666667,0.0,1.0,0.0,0.0,0.0,1.0,0.0,0.0,0.0,0.0,0.0,0.0,0.0,1.0,0.0,0.0,66.82
BES25-126,Badipa Elementary School,11,89.0,85.0,86.0,86.0,83.0,81.0,83.0,84.0,83.0,82.0,82.0,83.0,83.0,80,79,80,80,80,80.0,79,79,79,80,1,83.0,81.2,82.0,82.6,80.66666666666667,0.0,1.0,0.0,0.0,0.0,1.0,0.0,0.0,0.0,0.0,0.0,1.0,0.0,0.0,0.0,0.0,80.54
UICS25-135,Urdaneta I Central School,11,85.0,85.0,83.0,84.0,86.0,84.0,83.0,85.0,83.0,82.0,82.0,83.0,83.0,85,84,83,83,85,87.0,86,85,87,83,1,85.2,84.2,83.2,84.0,84.33333333333333,0.0,1.0,0.0,0.0,0.0,1.0,0.0,0.0,0.0,0.0,0.0,1.0,0.0,0.0,0.0,0.0,66.82
BES25-111,Badipa Elementary School,11,81.0,80.0,81.0,81.0,82.0,80.0,81.0,82.0,78.0,78.0,78.0,78.0,78.0,79,79,79,80,79,80.0,79,79,79,79,1,80.0,79.2,79.6,79.8,79.0,1.0,0.0,0.0,0.0,0.0,1.0,0.0,0.0,0.0,0.0,0.0,1.0,0.0,0.0,0.0,0.0,80.54
UICS24-040,Urdaneta I Central School,12,94.0,93.0,91.0,91.0,89.0,89.0,89.0,89.0,88.0,88.0,88.0,88.0,87.0,86,85,85,86,87,87.0,84,86,81,84,0,88.8,87.8,87.8,87.6,85.0,1.0,0.0,0.0,0.0,0.0,1.0,0.0,0.0,0.0,0.0,0.0,0.0,1.0,0.0,0.0,0.0,74.03
LANES25-015,Lananpin Elementary School,12,86.0,85.0,86.0,86.0,88.0,87.0,87.0,88.0,88.0,88.0,87.0,88.0,88.0,87,88,86,87,87,86.0,87,87,88,89,1,87.0,87.0,86.6,87.6,87.66666666666667,0.0,1.0,0.0,0.0,0.0,1.0,0.0,0.0,0.0,0.0,0.0,1.0,0.0,0.0,0.0,0.0,62.7
DAFSIS25-019,Don Alipio Fernandez Sr. Integrated School,11,87.0,86.0,86.0,86.0,87.0,86.0,84.0,86.0,89.0,88.0,87.0,88.0,89.0,89,88,90,88,89,96.0,93,92,94,93,1,89.6,88.2,87.8,88.6,90.0,1.0,0.0,0.0,0.0,0.0,1.0,0.0,0.0,0.0,0.0,0.0,1.0,0.0,0.0,0.0,0.0,73.08
UISC25-072,Urdaneta City SPED Center,11,93.0,92.0,92.0,90.0,96.0,95.0,95.0,95.0,95.0,95.0,95.0,94.0,95.0,95,95,95,94,95,94.0,95,93,93,92,1,94.6,94.4,94.0,93.4,93.66666666666667,1.0,0.0,0.0,0.0,0.0,0.0,0.0,0.0,0.0,0.0,1.0,1.0,0.0,0.0,0.0,0.0,72.08
NAN25-058,Nancayasan Elementary School,13,82.0,95.0,78.0,79.0,92.0,94.0,75.0,93.0,83.0,82.0,75.0,91.0,93.0,94,76,83,89,84,90.0,79,94,93,90,1,88.2,85.2,81.0,87.8,91.0,0.0,1.0,0.0,0.0,0.0,0.0,0.0,0.0,0.0,0.0,1.0,0.0,0.0,0.0,0.0,1.0,58.64
UICS25-263,Urdaneta I Central School,11,81.0,79.0,81.0,87.0,82.0,81.0,81.0,83.0,82.0,82.0,81.0,81.0,83.0,86,85,85,85,86,87.0,86,85,87,87,1,83.6,82.6,82.6,85.2,84.33333333333333,1.0,0.0,0.0,0.0,0.0,0.0,0.0,0.0,0.0,0.0,1.0,1.0,0.0,0.0,0.0,0.0,66.82
UICS25-275,Urdaneta I Central School,11,80.0,79.0,80.0,82.0,84.0,83.0,83.0,84.0,84.0,83.0,84.0,83.0,84.0,80,79,79,79,80,81.0,81,81,80,81,1,81.8,81.0,81.4,82.2,80.66666666666667,0.0,1.0,0.0,0.0,0.0,0.0,0.0,0.0,0.0,0.0,1.0,0.0,0.0,0.0,0.0,1.0,66.82
BES25-179,Badipa Elementary School,11,95.0,94.0,94.0,91.0,93.0,94.0,92.0,94.0,96.0,95.0,95.0,95.0,93.0,89,88,86,88,88,91.0,90,91,91,91,1,92.8,92.2,91.6,91.4,91.33333333333333,1.0,0.0,0.0,0.0,0.0,1.0,0.0,0.0,0.0,0.0,0.0,1.0,0.0,0.0,0.0,0.0,80.54
UICS25-334,Urdaneta I Central School,11,91.0,86.0,86.0,91.0,92.0,91.0,92.0,92.0,90.0,90.0,90.0,90.0,90.0,87,86,85,85,87,88.0,88,88,88,90,1,89.6,88.2,88.2,90.0,87.66666666666667,0.0,1.0,0.0,0.0,0.0,0.0,0.0,0.0,0.0,0.0,1.0,1.0,0.0,0.0,0.0,0.0,66.82
BES25-077,Badipa Elementary School,12,77.0,76.0,75.0,76.0,76.0,76.0,75.0,76.0,78.0,78.0,78.0,78.0,78.0,79,78,77,79,78,79.0,79,79,79,79,1,77.8,77.4,76.8,77.4,78.66666666666667,1.0,0.0,0.0,0.0,0.0,1.0,0.0,0.0,0.0,0.0,0.0,1.0,0.0,0.0,0.0,0.0,80.54
UICS25-321,Urdaneta I Central School,11,89.0,88.0,88.0,89.0,87.0,86.0,85.0,88.0,84.0,84.0,84.0,83.0,83.0,85,85,85,86,85,84.0,84,84,82,84,1,85.8,85.4,85.2,85.8,83.66666666666667,0.0,1.0,0.0,0.0,0.0,0.0,0.0,0.0,0.0,0.0,1.0,0.0,0.0,0.0,0.0,1.0,66.82
DAFSIS25-029,Don Alipio Fernandez Sr. Integrated School,11,87.0,86.0,82.0,89.0,90.0,91.0,91.0,90.0,91.0,90.0,90.0,90.0,90.0,81,81,83,83,84,85.0,86,82,85,86,1,86.8,86.8,85.6,87.8,86.0,0.0,1.0,0.0,0.0,0.0,1.0,0.0,0.0,0.0,0.0,0.0,1.0,0.0,0.0,0.0,0.0,73.08
UICS25-054,Urdaneta I Central School,11,87.0,86.0,86.0,85.0,88.0,87.0,88.0,88.0,87.0,86.0,87.0,86.0,87.0,90,90,90,91,91,89.0,87,85,87,89,1,88.2,87.2,87.2,88.0,88.0,1.0,0.0,0.0,0.0,0.0,0.0,0.0,0.0,0.0,0.0,1.0,1.0,0.0,0.0,0.0,0.0,66.82
UICS25-157,Urdaneta I Central School,11,78.0,78.0,78.0,78.0,82.0,80.0,81.0,81.0,79.0,79.0,79.0,80.0,80.0,78,78,78,78,78,79.0,78,78,78,79,1,79.2,78.6,78.8,79.2,78.66666666666667,0.0,1.0,0.0,0.0,0.0,1.0,0.0,0.0,0.0,0.0,0.0,1.0,0.0,0.0,0.0,0.0,66.82
BES24-045,Badipa Elementary School,11,76.0,76.0,77.0,79.0,81.0,80.0,81.0,83.0,80.0,79.0,79.0,79.0,79.0,80,79,79,79,80,83.0,79,79,79,76,0,80.0,78.6,79.0,79.4,79.0,1.0,0.0,0.0,0.0,0.0,1.0,0.0,0.0,0.0,0.0,0.0,1.0,0.0,0.0,0.0,0.0,75.7
UICS25-329,Urdaneta I Central School,11,85.0,81.0,82.0,85.0,88.0,86.0,90.0,89.0,87.0,85.0,85.0,86.0,88.0,84,83,83,83,84,87.0,87,88,87,87,1,86.2,84.4,85.6,86.6,85.33333333333333,0.0,1.0,0.0,0.0,0.0,1.0,0.0,0.0,0.0,0.0,0.0,1.0,0.0,0.0,0.0,0.0,66.82
UICS25-373,Urdaneta I Central School,11,78.0,77.0,77.0,79.0,83.0,81.0,82.0,82.0,83.0,84.0,80.0,80.0,85.0,81,80,80,80,82,82.0,82,83,83,83,1,81.4,80.8,80.4,82.2,81.0,0.0,1.0,0.0,0.0,0.0,0.0,0.0,0.0,0.0,0.0,1.0,1.0,0.0,0.0,0.0,0.0,66.82
UICS25-155,Urdaneta I Central School,11,78.0,78.0,78.0,78.0,81.0,81.0,82.0,82.0,85.0,83.0,82.0,80.0,81.0,76,76,75,75,76,76.0,76,76,76,77,1,79.2,78.8,78.6,78.8,77.0,0.0,1.0,0.0,0.0,0.0,1.0,0.0,0.0,0.0,0.0,0.0,1.0,0.0,0.0,0.0,0.0,66.82
DCBMES25-009,Don Clemente Blanco Memorial Elementary School,11,82.0,79.0,81.0,79.0,76.0,75.0,76.0,76.0,77.0,77.0,77.0,78.0,77.0,86,84,85,85,84,85.0,85,86,85,83,1,81.2,80.0,81.0,79.8,82.66666666666667,0.0,1.0,0.0,0.0,0.0,1.0,0.0,0.0,0.0,0.0,0.0,1.0,0.0,0.0,0.0,0.0,33.59
UICS25-187,Urdaneta I Central School,11,87.0,87.0,87.0,86.0,87.0,82.0,87.0,88.0,85.0,86.0,86.0,87.0,86.0,86,86,85,85,86,80.0,84,84,84,88,1,85.0,85.0,85.8,86.8,85.33333333333333,0.0,1.0,0.0,0.0,0.0,1.0,0.0,0.0,0.0,0.0,0.0,1.0,0.0,0.0,0.0,0.0,66.82
UISC24-033,Urdaneta City SPED Center,11,91.0,88.0,87.0,90.0,90.0,89.0,93.0,90.0,91.0,89.0,90.0,88.0,93.0,95,95,94,93,94,94.0,94,93,93,93,0,92.2,91.0,91.4,92.0,91.33333333333333,1.0,0.0,0.0,0.0,0.0,1.0,0.0,0.0,0.0,0.0,0.0,1.0,0.0,0.0,0.0,0.0,76.93
BES25-194,Badipa Elementary School,11,87.0,88.0,86.0,88.0,87.0,86.0,86.0,87.0,88.0,87.0,87.0,87.0,87.0,87,87,87,88,88,87.0,87,87,86,87,1,87.2,87.0,86.6,87.4,87.0,1.0,0.0,0.0,0.0,0.0,1.0,0.0,0.0,0.0,0.0,0.0,1.0,0.0,0.0,0.0,0.0,80.54
DAPSMECSE25-018,Don Amadeo Perez Sr. Memorial Elementary School - East,11,88.0,88.0,86.0,87.0,88.0,88.0,88.0,87.0,90.0,87.0,87.0,89.0,89.0,88,88,87,87,87,90.0,89,86,90,88,1,88.8,88.0,86.8,87.6,88.66666666666667,1.0,0.0,0.0,0.0,0.0,1.0,0.0,0.0,0.0,0.0,0.0,1.0,0.0,0.0,0.0,0.0,75.71
DAPSMECSE24-001,Don Amadeo Perez Sr. Memorial Elementary School - East,12,76.0,76.0,78.0,75.0,77.0,78.0,77.0,77.0,88.0,88.0,89.0,89.0,90.0,89,86,83,85,84,84.0,88,83,84,84,0,82.8,83.2,82.0,82.0,86.0,0.0,1.0,0.0,0.0,0.0,1.0,0.0,0.0,0.0,0.0,0.0,1.0,0.0,0.0,0.0,0.0,78.17
BES25-057,Badipa Elementary School,12,85.0,85.0,82.0,84.0,87.0,85.0,86.0,88.0,86.0,86.0,86.0,86.0,86.0,86,86,84,82,84,85.0,83,85,85,85,1,85.8,85.0,84.6,85.4,84.33333333333333,0.0,1.0,0.0,0.0,0.0,1.0,0.0,0.0,0.0,0.0,0.0,1.0,0.0,0.0,0.0,0.0,80.54
LANES24-004,Lananpin Elementary School,13,84.0,83.0,85.0,84.0,85.0,85.0,84.0,84.0,77.0,76.0,77.0,76.0,77.0,76,76,75,75,76,84.0,82,86,81,84,0,81.2,80.4,81.4,81.0,77.33333333333333,0.0,1.0,0.0,0.0,0.0,1.0,0.0,0.0,0.0,0.0,0.0,1.0,0.0,0.0,0.0,0.0,78.31
BES25-007,Badipa Elementary School,12,85.0,84.0,83.0,82.0,88.0,88.0,92.0,88.0,90.0,90.0,90.0,89.0,90.0,88,87,89,87,88,87.0,87,88,89,87,1,87.6,87.2,88.4,87.0,88.33333333333333,0.0,1.0,0.0,0.0,0.0,1.0,0.0,0.0,0.0,0.0,0.0,1.0,0.0,0.0,0.0,0.0,80.54
UICS25-213,Urdaneta I Central School,11,86.0,83.0,87.0,85.0,85.0,87.0,87.0,88.0,84.91689751,89.0,87.0,86.0,87.0,87,86,88,87,87,87.0,85,85,85,85,1,85.983379502,86.0,86.8,86.4,86.0,1.0,0.0,0.0,0.0,0.0,1.0,0.0,0.0,0.0,0.0,0.0,1.0,0.0,0.0,0.0,0.0,66.82
BES25-214,Badipa Elementary School,11,79.0,80.0,78.0,78.0,78.0,78.0,77.0,78.0,82.0,81.0,81.0,82.0,82.0,82,81,81,81,83,83.0,81,82,82,81,1,80.8,80.2,79.8,80.4,81.66666666666667,0.0,1.0,0.0,0.0,0.0,1.0,0.0,0.0,0.0,0.0,0.0,0.0,0.0,1.0,0.0,0.0,80.54
UICS25-306,Urdaneta I Central School,12,91.0,89.0,91.0,90.0,89.0,88.0,89.0,87.0,85.0,85.0,86.0,86.0,87.0,88,86,86,88,87,87.0,89,87,88,88,1,88.0,87.4,87.8,87.8,87.33333333333333,1.0,0.0,0.0,0.0,0.0,0.0,0.0,0.0,0.0,0.0,1.0,1.0,0.0,0.0,0.0,0.0,66.82
UICS25-092,Urdaneta I Central School,11,79.0,82.0,79.0,79.0,85.0,84.0,87.0,85.0,85.0,84.0,84.0,86.0,85.0,85,86,85,84,86,81.0,79,79,81,80,1,83.0,83.0,82.8,83.0,83.66666666666667,0.0,1.0,0.0,0.0,0.0,0.0,0.0,0.0,0.0,0.0,1.0,0.0,0.0,0.0,1.0,0.0,66.82
UICS24-023,Urdaneta I Central School,12,77.0,76.0,77.0,76.0,80.0,79.0,84.44144144144144,79.0,80.0,79.0,80.0,80.0,80.0,80,79,80,81,81,83.0,81,81,81,83,0,80.0,78.8,80.48828828828829,79.8,80.66666666666667,1.0,0.0,0.0,0.0,0.0,1.0,0.0,0.0,0.0,0.0,0.0,1.0,0.0,0.0,0.0,0.0,74.03
NAN25-053,Nancayasan Elementary School,12,88.0,90.0,86.0,80.0,95.0,85.0,82.0,76.0,95.0,82.0,83.0,90.0,89.0,81,84,84,87,83,75.0,86,80,94,81,1,86.8,85.4,83.0,81.8,90.33333333333333,0.0,1.0,0.0,0.0,0.0,1.0,0.0,0.0,0.0,0.0,0.0,1.0,0.0,0.0,0.0,0.0,58.64
BES25-003,Badipa Elementary School,12,84.0,83.0,84.0,85.0,86.0,85.0,84.0,85.0,81.0,80.0,81.0,81.0,81.0,87,85,87,84,85,89.0,86,88,86,86,1,85.4,83.8,84.8,84.4,83.66666666666667,0.0,1.0,0.0,0.0,0.0,1.0,0.0,0.0,0.0,0.0,0.0,1.0,0.0,0.0,0.0,0.0,80.54
UICS25-097,Urdaneta I Central School,12,90.0,84.0,84.0,91.0,92.0,92.0,92.0,93.0,90.0,90.0,91.0,91.0,91.0,88,86,87,85,84,88.0,88,89,88,90,1,89.6,88.0,88.6,89.8,88.0,0.0,1.0,0.0,0.0,0.0,0.0,0.0,0.0,0.0,0.0,1.0,1.0,0.0,0.0,0.0,0.0,66.82
BES25-063,Badipa Elementary School,11,86.0,83.0,84.0,85.0,84.0,85.0,85.0,82.0,79.0,79.0,78.0,79.0,80.0,87,88,82,86,87,88.0,88,86,88,87,1,84.8,84.6,83.0,84.2,84.33333333333333,0.0,1.0,0.0,0.0,0.0,1.0,0.0,0.0,0.0,0.0,0.0,1.0,0.0,0.0,0.0,0.0,80.54
UICS25-073,Urdaneta I Central School,11,87.0,87.0,89.0,90.0,88.0,89.0,86.0,90.0,90.0,90.0,90.0,90.0,90.0,90,91,88,87,89,90.0,89,90,89,90,1,89.0,89.2,88.6,89.8,88.66666666666667,0.0,1.0,0.0,0.0,0.0,0.0,0.0,0.0,0.0,0.0,1.0,1.0,0.0,0.0,0.0,0.0,66.82
BES25-112,Badipa Elementary School,11,79.0,78.0,79.0,80.0,77.0,77.0,77.0,77.0,77.0,77.0,77.0,77.0,77.0,79,79,78,78,79,81.0,80,80,80,81,1,78.6,78.2,78.2,78.8,78.33333333333333,1.0,0.0,0.0,0.0,0.0,1.0,0.0,0.0,0.0,0.0,0.0,1.0,0.0,0.0,0.0,0.0,80.54
UICS25-391,Urdaneta I Central School,11,89.0,90.0,90.0,91.0,92.0,92.0,93.0,92.0,93.0,92.0,92.0,91.0,92.0,89,89,88,88,87,91.0,90,90,90,91,1,90.8,90.6,90.6,90.6,89.66666666666667,1.0,0.0,0.0,0.0,0.0,1.0,0.0,0.0,0.0,0.0,0.0,1.0,0.0,0.0,0.0,0.0,66.82
UICS24-064,Urdaneta I Central School,12,77.0,76.0,78.0,80.0,77.0,76.0,78.0,78.0,75.0,75.0,76.0,77.0,78.0,83,81,80,78,78,83.0,81,80,79,77,0,79.0,77.8,78.4,78.2,78.0,1.0,0.0,0.0,0.0,0.0,0.0,0.0,0.0,0.0,0.0,1.0,1.0,0.0,0.0,0.0,0.0,74.03
BES25-098,Badipa Elementary School,11,86.0,83.0,83.0,83.0,85.0,85.0,85.0,85.0,83.0,82.0,83.0,82.0,82.0,78,77,77,77,79,80.0,80,80,80,80,1,82.4,81.4,81.6,81.8,79.66666666666667,0.0,1.0,0.0,0.0,0.0,1.0,0.0,0.0,0.0,0.0,0.0,1.0,0.0,0.0,0.0,0.0,80.54
UICS25-122,Urdaneta I Central School,11,84.0,83.0,84.0,83.0,83.0,83.0,84.0,84.0,84.0,84.0,84.0,85.0,85.0,86,85,85,86,86,82.0,83,80,82,82,1,83.8,83.6,83.4,84.0,84.33333333333333,0.0,1.0,0.0,0.0,0.0,0.0,0.0,0.0,0.0,0.0,1.0,1.0,0.0,0.0,0.0,0.0,66.82
UICS25-340,Urdaneta I Central School,11,84.0,84.0,84.0,85.0,82.0,82.0,81.0,83.0,87.0,87.0,86.0,86.0,85.0,85,85,83,84,84,86.0,80,86,86,76,1,84.8,83.6,84.0,82.6,85.33333333333333,1.0,0.0,0.0,0.0,0.0,0.0,0.0,0.0,0.0,0.0,1.0,1.0,0.0,0.0,0.0,0.0,66.82
UICS25-116,Urdaneta I Central School,11,80.0,80.0,84.0,82.0,81.0,81.0,84.0,84.0,83.0,84.0,84.0,83.0,83.0,83,81,83,81,84,86.0,84,81,81,85,1,82.6,82.0,83.2,83.6,81.66666666666667,0.0,1.0,0.0,0.0,0.0,1.0,0.0,0.0,0.0,0.0,0.0,0.0,0.0,0.0,0.0,1.0,66.82
LANES25-108,Lananpin Elementary School,12,83.0,81.0,84.0,85.0,85.0,84.0,84.0,84.0,83.0,83.0,83.0,82.0,83.0,81,81,79,76,80,83.0,81,81,81,81,1,83.0,82.0,82.2,82.6,79.66666666666667,0.0,1.0,0.0,0.0,0.0,1.0,0.0,0.0,0.0,0.0,0.0,1.0,0.0,0.0,0.0,0.0,62.7
BES24-016,Badipa Elementary School,11,88.0,85.0,89.0,85.0,88.0,88.0,88.0,88.0,79.0,77.0,77.0,77.0,77.0,79,78,79,76,78,88.0,85,86,86,87,0,84.4,82.6,83.8,83.0,79.66666666666667,0.0,1.0,0.0,0.0,0.0,1.0,0.0,0.0,0.0,0.0,0.0,1.0,0.0,0.0,0.0,0.0,75.7
BES25-006,Badipa Elementary School,12,92.0,87.0,93.0,93.0,91.0,89.0,91.0,95.0,92.0,92.0,92.0,92.0,91.0,89,88,89,89,89,89.0,88,88,89,87,1,90.6,88.8,90.6,91.0,90.0,0.0,1.0,0.0,0.0,0.0,0.0,0.0,0.0,0.0,0.0,1.0,1.0,0.0,0.0,0.0,0.0,80.54
BES25-056,Badipa Elementary School,11,79.0,75.0,82.0,81.0,80.0,80.0,81.0,81.0,78.0,77.0,78.0,77.0,77.0,84,84,86,85,85,82.0,81,83,83,83,1,80.6,79.4,82.0,81.4,81.66666666666667,0.0,1.0,0.0,0.0,0.0,1.0,0.0,0.0,0.0,0.0,0.0,1.0,0.0,0.0,0.0,0.0,80.54
LANES25-150,Lananpin Elementary School,11,81.0,77.0,78.0,78.0,83.0,82.0,83.0,83.0,79.0,79.0,79.0,79.0,79.0,83,83,81,79,81,86.0,85,81,83,83,1,82.4,81.2,80.4,80.8,80.33333333333333,1.0,0.0,0.0,0.0,0.0,1.0,0.0,0.0,0.0,0.0,0.0,1.0,0.0,0.0,0.0,0.0,62.7
DAFSIS25-013,Don Alipio Fernandez Sr. Integrated School,11,86.0,88.0,84.0,84.0,85.0,85.0,85.0,86.0,85.0,85.0,84.0,84.0,85.0,84,85,84,84,85,84.0,84,79,84,79,1,84.8,85.4,83.2,83.8,84.0,0.0,1.0,0.0,0.0,0.0,1.0,0.0,0.0,0.0,0.0,0.0,1.0,0.0,0.0,0.0,0.0,73.08
UICS24-006,Urdaneta I Central School,12,89.0,89.0,89.0,89.0,88.0,89.0,88.0,90.0,88.0,90.0,88.0,88.0,90.0,92,90,90,90,89,89.0,88,87,87,88,0,89.2,89.2,88.4,89.2,88.33333333333333,0.0,1.0,0.0,0.0,0.0,1.0,0.0,0.0,0.0,0.0,0.0,0.0,1.0,0.0,0.0,0.0,74.03
UICS25-230,Urdaneta I Central School,12,78.0,76.0,79.0,81.0,81.0,82.0,82.0,82.0,84.91689751,82.0,81.0,80.0,80.0,81,81,79,78,79,79.0,81,78,78,78,1,80.783379502,80.4,79.8,80.0,78.66666666666667,1.0,0.0,0.0,0.0,0.0,1.0,0.0,0.0,0.0,0.0,0.0,1.0,0.0,0.0,0.0,0.0,66.82
BES25-052,Badipa Elementary School,11,91.0,91.0,90.0,90.0,92.0,87.0,87.0,91.0,85.0,86.0,86.0,85.0,86.0,84,83,84,84,84,83.0,82,84,83,83,1,87.0,85.8,86.2,86.8,84.0,1.0,0.0,0.0,0.0,0.0,1.0,0.0,0.0,0.0,0.0,0.0,1.0,0.0,0.0,0.0,0.0,80.54
BES25-202,Badipa Elementary School,11,77.0,75.0,75.0,75.0,75.0,75.0,75.0,76.0,76.0,76.0,76.0,76.0,76.0,83,83,84,83,82,83.0,81,81,82,82,1,78.8,78.0,78.2,78.2,80.33333333333333,0.0,1.0,0.0,0.0,0.0,1.0,0.0,0.0,0.0,0.0,0.0,1.0,0.0,0.0,0.0,0.0,80.54
UICS24-011,Urdaneta I Central School,12,90.0,88.0,92.0,91.0,91.0,90.0,92.0,91.0,91.0,89.0,90.0,92.0,90.0,90,91,91,90,90,90.0,89,92,90,90,0,90.4,89.4,91.4,90.4,90.66666666666667,0.0,1.0,0.0,0.0,0.0,1.0,0.0,0.0,0.0,0.0,0.0,0.0,0.0,1.0,0.0,0.0,74.03
UICS25-256,Urdaneta I Central School,11,81.0,79.0,80.0,81.0,82.0,82.0,82.0,83.0,85.0,83.0,85.0,83.0,84.0,84,84,83,84,84,84.0,84,83,83,84,1,83.2,82.4,82.6,83.2,83.33333333333333,1.0,0.0,0.0,0.0,0.0,0.0,0.0,0.0,0.0,0.0,1.0,1.0,0.0,0.0,0.0,0.0,66.82
BES25-130,Badipa Elementary School,11,82.0,77.0,77.0,79.0,76.0,76.0,79.0,76.0,75.0,75.0,75.0,75.0,75.0,78,77,77,77,78,81.0,78,78,78,78,1,78.4,76.6,77.2,77.2,76.66666666666667,0.0,1.0,0.0,0.0,0.0,1.0,0.0,0.0,0.0,0.0,0.0,1.0,0.0,0.0,0.0,0.0,80.54
UISC25-048,Urdaneta City SPED Center,11,89.0,90.0,89.0,92.0,95.0,95.0,94.0,95.0,95.0,94.0,94.0,94.0,95.0,89,91,88,89,90,93.0,92,92,90,89,1,92.2,92.4,91.4,92.2,91.0,1.0,0.0,0.0,0.0,0.0,0.0,0.0,0.0,0.0,0.0,1.0,1.0,0.0,0.0,0.0,0.0,72.08
BES24-037,Badipa Elementary School,11,77.0,75.0,77.0,79.0,76.0,76.0,75.0,76.0,75.0,75.0,75.0,75.0,75.0,75,75,75,75,75,75.0,75,75,75,75,0,75.6,75.2,75.4,76.0,75.0,1.0,0.0,0.0,0.0,0.0,1.0,0.0,0.0,0.0,0.0,0.0,1.0,0.0,0.0,0.0,0.0,75.7
UISC25-008,Urdaneta City SPED Center,12,90.0,88.0,89.0,90.0,91.0,90.0,90.80991736,90.0,88.0,89.0,88.0,87.0,88.0,94,94,91,91,92,93.0,94,90,93,93,1,91.2,91.0,89.761983472,90.6,90.33333333333333,1.0,0.0,0.0,0.0,0.0,1.0,0.0,0.0,0.0,0.0,0.0,1.0,0.0,0.0,0.0,0.0,72.08
BES25-101,Badipa Elementary School,11,75.0,75.0,75.0,75.0,78.0,77.0,76.0,79.0,77.0,76.0,76.0,76.0,79.0,77,77,77,77,77,77.0,77,77,77,77,1,76.8,76.4,76.2,77.4,76.66666666666667,0.0,1.0,0.0,0.0,0.0,1.0,0.0,0.0,0.0,0.0,0.0,1.0,0.0,0.0,0.0,0.0,80.54
UICS24-014,Urdaneta I Central School,11,86.0,86.0,85.0,86.0,84.0,82.0,85.0,85.0,83.0,82.0,84.0,83.0,85.0,84,84,84,82,82,82.0,83,82,83,84,0,83.8,83.4,84.0,84.4,82.66666666666667,1.0,0.0,0.0,0.0,0.0,1.0,0.0,0.0,0.0,0.0,0.0,1.0,0.0,0.0,0.0,0.0,74.03
LANES24-013,Lananpin Elementary School,11,78.0,79.0,79.0,83.0,82.0,81.0,83.0,82.0,81.0,79.0,81.0,81.0,81.0,81,80,80,80,82,85.0,88,85,85,87,0,81.4,81.4,81.6,83.0,82.0,1.0,0.0,0.0,0.0,0.0,1.0,0.0,0.0,0.0,0.0,0.0,1.0,0.0,0.0,0.0,0.0,78.31
UICS24-033,Urdaneta I Central School,12,76.0,75.0,76.0,77.0,79.0,78.0,78.0,78.0,80.0,79.0,79.0,79.0,80.0,78,79,78,78,80,77.0,77,75,77,77,0,78.0,77.6,77.2,78.4,78.0,1.0,0.0,0.0,0.0,0.0,1.0,0.0,0.0,0.0,0.0,0.0,1.0,0.0,0.0,0.0,0.0,74.03
BES25-186,Badipa Elementary School,11,86.0,89.0,87.0,87.0,87.0,85.0,87.0,86.0,87.0,87.0,86.0,86.0,86.0,82,82,81,81,83,86.0,85,86,86,85,1,85.6,85.6,85.4,85.4,84.33333333333333,1.0,0.0,0.0,0.0,0.0,1.0,0.0,0.0,0.0,0.0,0.0,1.0,0.0,0.0,0.0,0.0,80.54
UICS25-109,Urdaneta I Central School,12,83.0,82.0,85.0,83.0,85.0,85.0,85.0,85.0,82.0,81.0,81.0,81.0,82.0,84,83,82,83,84,84.0,82,80,80,83,1,83.6,82.6,82.6,83.4,81.33333333333333,0.0,1.0,0.0,0.0,0.0,0.0,0.0,0.0,0.0,0.0,1.0,1.0,0.0,0.0,0.0,0.0,66.82
BES24-030,Badipa Elementary School,11,86.0,84.0,90.0,89.0,83.0,81.0,81.0,83.0,82.0,80.0,80.0,81.0,82.0,79,79,79,79,79,81.0,80,81,80,81,0,82.2,80.8,82.2,82.8,80.0,0.0,1.0,0.0,0.0,0.0,0.0,0.0,0.0,0.0,0.0,1.0,1.0,0.0,0.0,0.0,0.0,75.7
UICS25-271,Urdaneta I Central School,11,91.0,89.0,88.0,89.0,91.0,90.0,93.0,92.0,92.0,92.0,92.0,92.0,92.0,90,89,89,89,88,88.0,88,89,90,90,1,90.4,89.6,90.2,90.2,90.33333333333333,1.0,0.0,0.0,0.0,0.0,0.0,0.0,0.0,0.0,0.0,1.0,1.0,0.0,0.0,0.0,0.0,66.82
UICS25-089,Urdaneta I Central School,11,87.0,82.0,85.0,84.0,89.0,88.0,89.0,89.0,89.0,87.0,88.0,89.0,89.0,88,87,87,86,86,88.0,88,89,91,89,1,88.2,86.4,87.6,87.4,88.66666666666667,1.0,0.0,0.0,0.0,0.0,0.0,0.0,0.0,0.0,0.0,1.0,1.0,0.0,0.0,0.0,0.0,66.82
BES25-133,Badipa Elementary School,11,75.0,75.0,75.0,75.0,79.0,79.0,79.0,79.0,76.0,76.0,76.0,76.0,76.0,79,79,79,79,79,76.0,76,77,76,77,1,77.0,77.0,77.2,77.2,77.0,0.0,1.0,0.0,0.0,0.0,1.0,0.0,0.0,0.0,0.0,0.0,1.0,0.0,0.0,0.0,0.0,80.54
BES25-070,Badipa Elementary School,12,81.0,82.0,80.0,81.0,84.0,83.0,83.0,82.0,80.0,81.0,80.0,80.0,81.0,83,81,82,81,84,84.0,82,83,84,83,1,82.4,81.8,81.6,82.2,81.66666666666667,1.0,0.0,0.0,0.0,0.0,1.0,0.0,0.0,0.0,0.0,0.0,1.0,0.0,0.0,0.0,0.0,80.54
DAFSIS25-025,Don Alipio Fernandez Sr. Integrated School,12,90.0,88.0,88.0,88.0,88.0,88.0,88.0,87.0,88.0,89.0,89.0,89.0,89.0,90,89,90,90,90,97.0,95,90,95,93,1,90.6,89.8,89.0,89.4,91.33333333333333,1.0,0.0,0.0,0.0,0.0,1.0,0.0,0.0,0.0,0.0,0.0,1.0,0.0,0.0,0.0,0.0,73.08
UICS24-004,Urdaneta I Central School,11,81.0,82.0,81.0,83.0,83.0,83.0,84.0,83.0,85.0,85.0,84.0,84.0,85.0,84,83,82,82,83,89.0,89,87,89,89,0,84.4,84.4,83.6,84.6,85.0,0.0,1.0,0.0,0.0,0.0,1.0,0.0,0.0,0.0,0.0,0.0,1.0,0.0,0.0,0.0,0.0,74.03
NAN25-049,Nancayasan Elementary School,11,92.0,85.0,95.0,80.0,76.0,93.0,86.0,86.0,80.0,92.0,85.0,91.0,75.0,88,94,95,95,88,79.0,79,93,90,95,1,83.0,88.6,90.8,84.8,92.0,1.0,0.0,0.0,0.0,0.0,0.0,0.0,0.0,0.0,0.0,1.0,1.0,0.0,0.0,0.0,0.0,58.64
UICS25-093,Urdaneta I Central School,11,79.0,79.0,79.0,79.0,79.0,79.0,80.0,80.0,79.0,79.0,79.0,80.0,81.0,82,80,80,80,85,86.0,86,86,85,85,1,81.0,80.6,80.8,82.0,81.66666666666667,0.0,1.0,0.0,0.0,0.0,1.0,0.0,0.0,0.0,0.0,0.0,1.0,0.0,0.0,0.0,0.0,66.82
NAN24-013,Nancayasan Elementary School,11,83.0,81.0,82.0,83.0,83.0,83.0,82.0,85.0,81.0,81.0,81.0,82.0,83.0,84,83,83,83,84,87.0,86,86,86,86,0,83.6,82.8,82.8,84.2,83.66666666666667,0.0,1.0,0.0,0.0,0.0,1.0,0.0,0.0,0.0,0.0,0.0,1.0,0.0,0.0,0.0,0.0,65.57
UICS25-238,Urdaneta I Central School,12,83.90609137,82.97468354,83.60759494,88.0,88.0,86.0,86.0,86.0,84.91689751,85.0,89.0,90.0,89.0,89,91,83,83,82,83.0,83,86,89,80,1,85.764597776,85.594936708,85.521518988,85.0,87.33333333333333,0.0,1.0,0.0,0.0,0.0,1.0,0.0,0.0,0.0,0.0,0.0,1.0,0.0,0.0,0.0,0.0,66.82
LANES25-148,Lananpin Elementary School,12,82.0,82.0,82.0,82.0,85.0,84.0,85.0,85.0,85.0,85.0,85.0,85.0,85.0,84,84,84,84,85,85.0,84,85,84,85,1,84.2,83.8,84.2,84.4,84.33333333333333,0.0,1.0,0.0,0.0,0.0,1.0,0.0,0.0,0.0,0.0,0.0,1.0,0.0,0.0,0.0,0.0,62.7
UICS25-008,Urdaneta I Central School,12,84.0,84.0,86.0,86.0,87.0,86.0,86.0,88.0,86.0,86.0,85.0,85.0,86.0,87,86,86,86,86,86.0,85,84,85,85,1,86.0,85.4,85.4,86.2,85.33333333333333,1.0,0.0,0.0,0.0,0.0,1.0,0.0,0.0,0.0,0.0,0.0,1.0,0.0,0.0,0.0,0.0,66.82
UICS25-397,Urdaneta I Central School,11,88.0,85.0,89.0,90.0,88.0,88.0,88.0,88.0,82.0,82.0,82.0,82.0,82.0,83,84,82,83,83,84.0,83,82,83,83,1,85.0,84.4,84.6,85.2,82.66666666666667,1.0,0.0,0.0,0.0,0.0,1.0,0.0,0.0,0.0,0.0,0.0,1.0,0.0,0.0,0.0,0.0,66.82
NAN25-044,Nancayasan Elementary School,12,81.0,89.0,93.0,85.0,88.0,89.0,81.0,85.0,89.0,92.0,85.0,81.0,93.0,89,83,88,88,86,82.0,79,78,78,91,1,85.8,86.4,85.0,88.0,82.33333333333333,0.0,1.0,0.0,0.0,0.0,0.0,0.0,0.0,0.0,0.0,1.0,1.0,0.0,0.0,0.0,0.0,58.64
DAPSMECSE25-032,Don Amadeo Perez Sr. Memorial Elementary School - East,11,90.0,89.0,88.0,90.0,91.0,88.0,88.0,89.0,88.0,88.0,88.0,91.0,89.0,86,86,86,86,87,84.0,81,82,82,84,1,87.8,86.4,86.4,87.8,86.33333333333333,0.0,1.0,0.0,0.0,0.0,0.0,0.0,0.0,0.0,0.0,1.0,1.0,0.0,0.0,0.0,0.0,75.71
BES25-122,Badipa Elementary School,11,83.0,83.0,84.0,85.0,86.0,86.0,86.0,87.0,84.0,84.0,84.0,84.0,85.0,83,84,84,88,84,84.0,83,83,83,83,1,84.0,84.0,84.2,84.8,85.0,1.0,0.0,0.0,0.0,0.0,1.0,0.0,0.0,0.0,0.0,0.0,1.0,0.0,0.0,0.0,0.0,80.54
UICS25-096,Urdaneta I Central School,11,83.0,82.0,83.0,83.0,87.0,85.0,86.0,87.0,87.0,86.0,87.0,86.0,86.0,85,84,84,84,84,88.0,87,87,87,87,1,86.0,84.8,85.4,85.4,85.66666666666667,1.0,0.0,0.0,0.0,0.0,1.0,0.0,0.0,0.0,0.0,0.0,1.0,0.0,0.0,0.0,0.0,66.82
NAN24-002,Nancayasan Elementary School,11,84.0,84.0,82.0,84.0,81.0,80.0,82.0,79.0,82.0,82.0,82.0,82.0,82.0,80,79,79,79,79,85.0,84,82,84,85,0,82.4,81.8,81.4,81.8,81.66666666666667,0.0,1.0,0.0,0.0,0.0,1.0,0.0,0.0,0.0,0.0,0.0,1.0,0.0,0.0,0.0,0.0,65.57
UICS25-237,Urdaneta I Central School,12,79.0,76.0,80.0,82.0,82.0,84.0,84.0,84.0,84.91689751,84.0,86.0,85.0,86.0,86,85,85,84,84,84.0,84,87,86,85,1,83.18337950200001,82.6,84.4,84.2,85.0,0.0,1.0,0.0,0.0,0.0,1.0,0.0,0.0,0.0,0.0,0.0,1.0,0.0,0.0,0.0,0.0,66.82
UICS25-195,Urdaneta I Central School,11,88.0,90.0,87.0,86.0,91.0,86.0,89.0,90.0,87.0,87.0,87.0,87.0,87.0,82,81,81,81,82,83.0,83,83,83,84,1,86.2,85.4,85.4,85.8,83.66666666666667,0.0,1.0,0.0,0.0,0.0,1.0,0.0,0.0,0.0,0.0,0.0,0.0,0.0,1.0,0.0,0.0,66.82
BES25-203,Badipa Elementary School,11,84.0,81.0,84.0,84.0,84.0,82.0,84.0,85.0,83.0,83.0,82.0,82.0,82.0,82,82,82,82,82,83.0,81,81,82,81,1,83.2,81.8,82.6,82.8,82.0,0.0,1.0,0.0,0.0,0.0,1.0,0.0,0.0,0.0,0.0,0.0,1.0,0.0,0.0,0.0,0.0,80.54
BES25-110,Badipa Elementary School,11,75.0,75.0,75.0,76.0,84.0,83.0,84.0,86.0,82.0,81.0,81.0,81.0,81.0,79,78,78,79,78,81.0,79,79,79,81,1,80.2,79.2,79.4,80.4,79.66666666666667,1.0,0.0,0.0,0.0,0.0,0.0,0.0,0.0,0.0,0.0,1.0,1.0,0.0,0.0,0.0,0.0,80.54
UICS25-310,Urdaneta I Central School,12,88.0,83.0,88.0,88.0,88.0,87.0,86.0,88.0,84.0,84.0,83.0,83.0,85.0,87,87,88,87,87,87.0,87,88,87,88,1,86.8,85.6,86.6,87.2,85.66666666666667,0.0,1.0,0.0,0.0,0.0,1.0,0.0,0.0,0.0,0.0,0.0,1.0,0.0,0.0,0.0,0.0,66.82
NAN24-017,Nancayasan Elementary School,11,79.0,77.0,77.0,79.0,80.0,78.0,80.0,79.0,80.0,82.0,80.0,81.0,81.0,86,84,87,87,87,88.0,88,85,89,88,0,82.6,81.8,81.8,82.8,85.66666666666667,0.0,1.0,0.0,0.0,0.0,1.0,0.0,0.0,0.0,0.0,0.0,1.0,0.0,0.0,0.0,0.0,65.57
UICS25-029,Urdaneta I Central School,11,90.0,90.0,89.0,87.0,88.0,88.0,88.0,89.0,88.0,87.0,87.0,88.0,87.0,86,90,87,88,87,90.0,81,80,81,82,1,88.4,87.2,86.2,86.4,85.66666666666667,0.0,1.0,0.0,0.0,0.0,0.0,0.0,0.0,0.0,0.0,1.0,1.0,0.0,0.0,0.0,0.0,66.82
LANES25-049,Lananpin Elementary School,11,82.0,81.0,82.0,83.0,89.0,88.0,86.0,86.0,86.0,85.0,87.0,85.0,85.0,85,84,83,84,86,85.0,86,83,85,85,1,85.4,84.8,84.2,85.0,84.66666666666667,1.0,0.0,0.0,0.0,0.0,1.0,0.0,0.0,0.0,0.0,0.0,1.0,0.0,0.0,0.0,0.0,62.7
UICS25-316,Urdaneta I Central School,11,86.0,86.0,83.0,89.0,92.0,92.0,92.0,92.0,92.0,91.0,92.0,92.0,92.0,93,92,91,91,90,90.0,92,87,90,91,1,90.6,90.6,89.0,90.8,91.0,1.0,0.0,0.0,0.0,0.0,0.0,0.0,0.0,0.0,0.0,1.0,1.0,0.0,0.0,0.0,0.0,66.82
DAFSIS25-026,Don Alipio Fernandez Sr. Integrated School,12,87.0,88.0,86.0,87.0,85.0,81.0,83.0,83.0,86.0,84.0,85.0,85.0,85.0,83,82,81,82,82,83.0,89,79,88,84,1,84.8,84.8,82.8,84.2,85.0,1.0,0.0,0.0,0.0,0.0,1.0,0.0,0.0,0.0,0.0,0.0,1.0,0.0,0.0,0.0,0.0,73.08
BES24-039,Badipa Elementary School,11,90.0,91.0,92.0,92.0,90.0,90.0,90.0,91.0,89.0,89.0,89.0,89.0,90.0,91,90,90,91,91,92.0,93,93,93,90,0,90.4,90.6,90.8,90.8,91.0,0.0,1.0,0.0,0.0,0.0,1.0,0.0,0.0,0.0,0.0,0.0,1.0,0.0,0.0,0.0,0.0,75.7
LANES24-015,Lananpin Elementary School,12,90.0,92.0,90.0,92.0,93.0,89.0,92.0,89.0,89.0,88.0,88.0,89.0,89.0,92,90,91,92,92,90.0,89,89,89,89,0,90.8,89.6,90.0,90.2,90.0,1.0,0.0,0.0,0.0,0.0,1.0,0.0,0.0,0.0,0.0,0.0,1.0,0.0,0.0,0.0,0.0,78.31
UICS25-120,Urdaneta I Central School,11,77.0,76.0,77.0,77.0,84.0,82.0,81.0,82.0,81.0,80.0,79.0,79.0,80.0,79,78,79,79,79,79.0,78,78,79,80,1,80.0,78.8,78.8,79.6,79.0,0.0,1.0,0.0,0.0,0.0,0.0,0.0,0.0,0.0,0.0,1.0,1.0,0.0,0.0,0.0,0.0,66.82
UICS25-261,Urdaneta I Central School,11,83.90609137,82.97468354,83.60759494,84.18387909,85.40954774,84.87688442,84.9798995,85.49748744,85.0,84.0,85.0,86.0,84.0,80,79,79,79,79,80.0,80,79,79,81,1,82.863127822,82.170313592,82.317498888,82.736273306,81.33333333333333,1.0,0.0,0.0,0.0,0.0,0.0,0.0,0.0,0.0,0.0,1.0,1.0,0.0,0.0,0.0,0.0,66.82
LANES25-012,Lananpin Elementary School,11,81.0,80.0,81.0,82.0,81.0,81.0,81.0,81.0,83.0,81.0,82.0,83.0,83.0,81,82,83,77,81,84.0,82,82,82,84,1,82.0,81.2,81.8,82.2,80.66666666666667,0.0,1.0,0.0,0.0,0.0,1.0,0.0,0.0,0.0,0.0,0.0,0.0,0.0,0.0,0.0,1.0,62.7
BES25-188,Badipa Elementary School,11,91.0,91.0,89.0,89.0,82.0,82.0,83.0,82.0,80.0,80.0,80.0,81.0,81.0,83,81,81,81,83,82.0,82,82,83,83,1,83.6,83.2,83.0,83.6,81.66666666666667,1.0,0.0,0.0,0.0,0.0,1.0,0.0,0.0,0.0,0.0,0.0,1.0,0.0,0.0,0.0,0.0,80.54
UICS24-010,Urdaneta I Central School,11,92.0,90.0,90.0,90.0,89.0,90.0,89.0,89.0,89.0,89.0,89.0,88.0,87.0,91,91,92,92,92,92.0,92,90,91,92,0,90.6,90.4,90.0,90.0,90.33333333333333,0.0,1.0,0.0,0.0,0.0,1.0,0.0,0.0,0.0,0.0,0.0,1.0,0.0,0.0,0.0,0.0,74.03
DAFSIS25-022,Don Alipio Fernandez Sr. Integrated School,11,82.0,81.0,81.0,82.0,78.0,78.0,77.0,78.0,84.0,81.0,81.0,81.0,84.0,82,81,83,83,84,80.0,78,82,79,80,1,81.2,79.8,80.8,81.6,81.0,1.0,0.0,0.0,0.0,0.0,1.0,0.0,0.0,0.0,0.0,0.0,0.0,0.0,0.0,0.0,1.0,73.08
BES25-068,Badipa Elementary School,12,82.0,83.0,83.0,84.0,85.0,84.0,84.0,84.0,84.0,84.0,84.0,83.0,83.0,84,83,83,83,83,85.0,84,84,85,84,1,84.0,83.6,83.6,83.6,83.66666666666667,0.0,1.0,0.0,0.0,0.0,0.0,0.0,0.0,0.0,0.0,1.0,1.0,0.0,0.0,0.0,0.0,80.54
DAFSIS24-007,Don Alipio Fernandez Sr. Integrated School,11,85.0,85.0,85.0,85.0,86.0,86.0,86.0,87.0,86.0,85.0,86.0,86.0,87.0,85,85,84,85,85,81.0,84,80,83,83,0,84.6,85.0,84.2,85.4,84.66666666666667,1.0,0.0,0.0,0.0,0.0,1.0,0.0,0.0,0.0,0.0,0.0,1.0,0.0,0.0,0.0,0.0,74.93
NAN25-038,Nancayasan Elementary School,11,88.0,87.0,86.0,87.0,88.0,87.0,87.0,88.0,91.0,91.0,90.0,91.0,92.0,91,90,91,92,91,94.0,93,94,93,92,1,90.4,89.6,89.6,90.0,92.0,0.0,1.0,0.0,0.0,0.0,0.0,0.0,0.0,0.0,0.0,1.0,1.0,0.0,0.0,0.0,0.0,58.64
BES25-001,Badipa Elementary School,11,84.0,83.0,87.0,91.0,86.0,85.0,87.0,87.0,88.0,88.0,88.0,87.0,87.0,88,88,87,87,86,89.0,85,88,88,86,1,87.0,85.8,87.4,87.4,87.33333333333333,0.0,1.0,0.0,0.0,0.0,1.0,0.0,0.0,0.0,0.0,0.0,1.0,0.0,0.0,0.0,0.0,80.54
UICS24-056,Urdaneta I Central School,11,80.0,80.0,81.0,81.0,83.0,81.0,81.0,83.0,82.0,81.0,81.0,81.0,82.0,83,82,81,81,82,87.0,86,87,83,84,0,83.0,82.0,82.2,82.4,81.66666666666667,1.0,0.0,0.0,0.0,0.0,1.0,0.0,0.0,0.0,0.0,0.0,1.0,0.0,0.0,0.0,0.0,74.03
NAN25-013,Nancayasan Elementary School,11,86.0,84.0,82.0,86.0,87.0,86.0,85.0,85.0,80.0,79.0,78.0,77.0,80.0,85,85,86,89,84,89.0,87,87,87,87,1,85.4,84.2,83.6,84.4,84.33333333333333,1.0,0.0,0.0,0.0,0.0,1.0,0.0,0.0,0.0,0.0,0.0,1.0,0.0,0.0,0.0,0.0,58.64
LANES25-097,Lananpin Elementary School,11,80.0,79.0,77.0,80.0,82.0,82.0,82.0,82.0,82.0,83.0,84.0,81.0,83.0,81,83,82,80,81,83.0,81,81,82,83,1,81.6,81.6,81.2,81.8,81.0,1.0,0.0,0.0,0.0,0.0,1.0,0.0,0.0,0.0,0.0,0.0,1.0,0.0,0.0,0.0,0.0,62.7
UICS25-083,Urdaneta I Central School,11,90.0,84.0,85.0,84.0,88.0,86.0,87.0,87.0,86.0,83.0,83.0,86.0,85.0,88,87,86,86,87,87.0,85,85,86,87,1,87.8,85.0,85.2,86.0,86.0,1.0,0.0,0.0,0.0,0.0,1.0,0.0,0.0,0.0,0.0,0.0,1.0,0.0,0.0,0.0,0.0,66.82
BES25-162,Badipa Elementary School,11,92.0,92.0,88.0,91.0,90.0,90.0,90.0,90.0,92.0,92.0,91.0,91.0,92.0,89,88,88,88,88,88.0,89,88,88,88,1,90.2,90.2,89.0,89.8,89.0,0.0,1.0,0.0,0.0,0.0,0.0,0.0,0.0,0.0,0.0,1.0,1.0,0.0,0.0,0.0,0.0,80.54
UICS25-062,Urdaneta I Central School,11,84.0,83.0,84.0,84.0,89.0,88.0,88.0,88.0,89.0,88.0,87.0,88.0,87.0,85,84,85,84,84,88.0,90,86,88,87,1,87.0,86.6,86.0,86.0,86.66666666666667,1.0,0.0,0.0,0.0,0.0,1.0,0.0,0.0,0.0,0.0,0.0,1.0,0.0,0.0,0.0,0.0,66.82
UISC25-103,Urdaneta City SPED Center,11,92.0,92.0,90.0,95.0,93.0,93.0,93.0,93.0,93.0,92.0,93.0,93.0,93.0,92,93,92,93,88,91.0,93,88,82,91,1,92.2,92.6,91.2,92.0,89.33333333333333,1.0,0.0,0.0,1.0,0.0,0.0,0.0,0.0,0.0,0.0,0.0,1.0,0.0,0.0,0.0,0.0,72.08
UICS25-207,Urdaneta I Central School,12,87.0,86.0,86.0,86.0,86.0,86.0,86.0,86.0,84.91689751,86.0,84.0,83.0,82.0,82,83,85,86,88,86.0,84,87,86,87,1,85.18337950200001,85.0,85.6,85.8,85.0,1.0,0.0,0.0,0.0,0.0,0.0,0.0,0.0,0.0,0.0,1.0,1.0,0.0,0.0,0.0,0.0,66.82
DCBMES24-004,Don Clemente Blanco Memorial Elementary School,13,87.0,86.0,89.0,89.0,85.0,86.0,87.0,86.0,86.0,84.0,84.0,85.0,85.0,88,85,87,86,85,85.0,87,86,86,86,0,86.2,85.6,86.6,86.2,85.66666666666667,0.0,1.0,0.0,0.0,0.0,1.0,0.0,0.0,0.0,0.0,0.0,1.0,0.0,0.0,0.0,0.0,45.71
BES25-073,Badipa Elementary School,11,93.0,92.0,91.0,91.0,89.0,90.0,89.0,89.0,79.0,78.0,78.0,79.0,78.0,85,84,84,84,84,86.0,85,85,85,86,1,86.4,85.8,85.4,85.6,82.66666666666667,1.0,0.0,0.0,0.0,0.0,1.0,0.0,0.0,0.0,0.0,0.0,1.0,0.0,0.0,0.0,0.0,80.54
BES25-113,Badipa Elementary School,11,76.0,76.0,77.0,78.0,79.0,76.0,78.0,79.0,78.0,78.0,78.0,78.0,78.0,81,80,80,80,80,80.0,79,79,78,79,1,78.8,77.8,78.4,78.8,78.66666666666667,1.0,0.0,0.0,0.0,0.0,1.0,0.0,0.0,0.0,0.0,0.0,1.0,0.0,0.0,0.0,0.0,80.54
LANES25-022,Lananpin Elementary School,11,94.0,91.0,91.0,91.0,92.0,91.0,91.0,92.0,91.0,90.0,91.0,91.0,91.0,93,91,92,92,91,87.0,87,89,88,88,1,91.4,90.0,90.8,90.6,90.33333333333333,1.0,0.0,0.0,0.0,0.0,0.0,0.0,0.0,0.0,0.0,1.0,1.0,0.0,0.0,0.0,0.0,62.7
UICS25-292,Urdaneta I Central School,11,85.0,83.0,84.0,86.0,86.0,88.0,85.0,86.0,88.0,87.0,86.0,87.0,86.0,89,83,85,88,85,85.0,85,84,85,86,1,86.6,85.2,84.8,85.8,86.66666666666667,1.0,0.0,0.0,0.0,0.0,0.0,0.0,0.0,0.0,0.0,1.0,1.0,0.0,0.0,0.0,0.0,66.82
BES25-031,Badipa Elementary School,11,85.0,88.0,94.0,91.0,90.0,90.0,91.0,90.0,91.0,89.0,91.0,91.0,91.0,88,87,88,88,89,88.0,88,89,90,88,1,88.4,88.4,90.6,89.8,89.66666666666667,1.0,0.0,0.0,0.0,0.0,1.0,0.0,0.0,0.0,0.0,0.0,1.0,0.0,0.0,0.0,0.0,80.54
UICS25-357,Urdaneta I Central School,11,75.0,75.0,76.0,76.0,75.0,75.0,75.0,75.0,78.0,78.0,78.0,78.0,78.0,77,76,77,76,76,77.0,77,77,77,76,1,76.4,76.2,76.6,76.2,77.0,1.0,0.0,0.0,0.0,0.0,0.0,0.0,0.0,0.0,0.0,1.0,1.0,0.0,0.0,0.0,0.0,66.82
BES25-095,Badipa Elementary School,12,75.0,75.0,75.0,75.0,85.0,84.0,84.0,85.0,77.0,77.0,77.0,77.0,77.0,79,79,79,79,79,75.0,75,75,75,75,1,78.2,78.0,78.0,78.2,77.0,0.0,1.0,0.0,0.0,0.0,1.0,0.0,0.0,0.0,0.0,0.0,1.0,0.0,0.0,0.0,0.0,80.54
UICS25-366,Urdaneta I Central School,12,76.0,76.0,76.0,80.0,82.0,80.0,82.0,83.0,85.0,85.0,86.0,85.0,86.0,79,79,78,79,80,82.0,82,82,82,83,1,80.8,80.4,80.8,82.4,82.0,0.0,1.0,1.0,0.0,0.0,0.0,0.0,0.0,0.0,0.0,0.0,1.0,0.0,0.0,0.0,0.0,66.82
UICS25-374,Urdaneta I Central School,11,80.0,75.0,80.0,80.0,75.0,75.0,75.0,75.0,80.0,77.0,80.0,81.0,80.0,81,78,78,82,81,82.0,81,82,80,81,1,79.6,77.2,79.0,79.4,81.0,0.0,1.0,0.0,0.0,0.0,0.0,0.0,0.0,0.0,1.0,0.0,1.0,0.0,0.0,0.0,0.0,66.82
UICS25-125,Urdaneta I Central School,11,86.0,86.0,85.0,86.0,87.0,86.0,86.0,86.0,87.0,86.0,86.0,86.0,87.0,85,84,83,86,83,86.0,86,86,85,85,1,86.2,85.6,85.2,85.4,85.66666666666667,1.0,0.0,0.0,0.0,0.0,1.0,0.0,0.0,0.0,0.0,0.0,1.0,0.0,0.0,0.0,0.0,66.82
UICS25-385,Urdaneta I Central School,11,90.0,86.0,84.0,88.0,90.0,90.0,90.0,91.0,90.0,89.0,89.0,90.0,91.0,89,88,89,86,88,90.0,90,92,90,91,1,89.8,88.6,88.8,89.8,88.66666666666667,1.0,0.0,0.0,0.0,0.0,1.0,0.0,0.0,0.0,0.0,0.0,1.0,0.0,0.0,0.0,0.0,66.82
LANES25-144,Lananpin Elementary School,11,79.0,77.0,79.0,79.0,79.0,79.0,79.0,79.0,81.0,81.0,81.0,80.0,81.0,82,81,85,79,82,82.0,80,81,79,81,1,80.6,79.6,81.0,80.4,79.33333333333333,0.0,1.0,0.0,0.0,0.0,1.0,0.0,0.0,0.0,0.0,0.0,1.0,0.0,0.0,0.0,0.0,62.7
BES25-145,Badipa Elementary School,11,83.0,81.0,82.0,82.0,82.0,81.0,83.0,82.0,80.0,79.0,80.0,80.0,80.0,81,80,79,79,81,82.0,82,82,82,82,1,81.6,80.6,81.2,81.4,80.33333333333333,0.0,1.0,0.0,0.0,0.0,0.0,0.0,0.0,0.0,0.0,1.0,1.0,0.0,0.0,0.0,0.0,80.54
UICS25-149,Urdaneta I Central School,13,76.0,75.0,76.0,76.0,78.0,76.0,76.0,77.0,87.0,85.0,86.0,87.0,80.0,80,80,81,80,83,86.0,84,83,84,85,1,81.4,80.0,80.4,80.2,83.66666666666667,0.0,1.0,0.0,0.0,0.0,1.0,0.0,0.0,0.0,0.0,0.0,1.0,0.0,0.0,0.0,0.0,66.82
LANES25-149,Lananpin Elementary School,12,85.0,84.0,84.0,84.0,83.0,83.0,83.0,83.0,84.0,84.0,84.0,83.0,83.0,83,81,80,82,82,85.0,84,84,83,85,1,84.0,83.2,83.0,83.4,82.66666666666667,1.0,0.0,0.0,0.0,0.0,1.0,0.0,0.0,0.0,0.0,0.0,1.0,0.0,0.0,0.0,0.0,62.7
UISC24-008,Urdaneta City SPED Center,12,90.0,90.0,88.0,90.0,88.0,91.0,89.0,89.0,91.0,92.0,91.0,91.0,91.0,91,94,95,94,93,90.0,90,90,92,90,0,90.0,91.4,90.6,90.6,92.33333333333333,1.0,0.0,0.0,0.0,0.0,1.0,0.0,0.0,0.0,0.0,0.0,1.0,0.0,0.0,0.0,0.0,76.93
UICS25-242,Urdaneta I Central School,12,84.0,81.0,82.0,83.0,88.0,87.0,88.0,86.0,85.0,83.0,82.0,82.0,83.0,85,84,84,84,84,85.0,83,81,82,84,1,85.4,83.6,83.4,84.0,82.66666666666667,1.0,0.0,0.0,0.0,0.0,1.0,0.0,0.0,0.0,0.0,0.0,1.0,0.0,0.0,0.0,0.0,66.82
UICS25-393,Urdaneta I Central School,11,82.0,79.0,81.0,83.0,85.0,82.0,82.0,85.0,82.0,80.0,80.0,80.0,81.0,85,84,85,84,85,84.0,83,81,81,84,1,83.6,81.6,81.8,83.6,81.66666666666667,1.0,0.0,0.0,0.0,0.0,1.0,0.0,0.0,0.0,0.0,0.0,1.0,0.0,0.0,0.0,0.0,66.82
BES25-061,Badipa Elementary School,12,79.0,78.0,82.0,85.0,85.0,83.0,80.0,87.0,80.0,80.0,80.0,80.0,80.0,85,84,82,84,85,82.0,81,82,83,82,1,82.2,81.2,81.2,83.8,82.33333333333333,0.0,1.0,0.0,0.0,0.0,0.0,0.0,0.0,0.0,0.0,1.0,1.0,0.0,0.0,0.0,0.0,80.54
LANES25-008,Lananpin Elementary School,12,83.0,81.0,81.0,81.0,84.0,84.0,82.0,81.0,83.0,83.0,84.0,83.0,84.0,84,84,85,84,84,84.0,84,82,83,83,1,83.6,83.2,82.8,82.6,83.33333333333333,1.0,0.0,0.0,0.0,0.0,1.0,0.0,0.0,0.0,0.0,0.0,1.0,0.0,0.0,0.0,0.0,62.7
BES25-200,Badipa Elementary School,11,91.0,86.0,87.0,87.0,87.0,87.0,87.0,87.0,91.0,91.0,91.0,91.0,91.0,82,81,83,82,82,85.0,83,84,83,84,1,87.2,85.6,86.4,86.2,85.33333333333333,0.0,1.0,0.0,0.0,0.0,1.0,0.0,0.0,0.0,0.0,0.0,1.0,0.0,0.0,0.0,0.0,80.54
BES24-004,Badipa Elementary School,12,88.0,87.0,91.0,88.0,84.0,86.0,85.0,87.0,82.0,82.0,82.0,82.0,82.0,80,79,79,79,80,87.0,84,84,85,86,0,84.2,83.6,84.2,84.6,82.0,1.0,0.0,0.0,0.0,0.0,1.0,0.0,0.0,0.0,0.0,0.0,1.0,0.0,0.0,0.0,0.0,75.7
UICS25-204,Urdaneta I Central School,11,76.0,76.0,77.0,77.0,77.0,80.0,79.0,79.0,84.91689751,81.0,78.0,76.0,76.0,76,76,84,82,81,82.0,83,80,79,79,1,79.18337950200001,79.2,79.6,78.4,79.0,1.0,0.0,0.0,0.0,0.0,0.0,0.0,0.0,0.0,0.0,1.0,1.0,0.0,0.0,0.0,0.0,66.82
UICS24-057,Urdaneta I Central School,11,81.0,79.0,82.0,81.0,82.0,82.0,82.0,82.0,82.0,82.0,81.0,81.0,83.0,82,82,82,82,81,85.0,84,85,83,84,0,82.4,81.8,82.4,82.2,82.0,0.0,1.0,0.0,0.0,0.0,0.0,0.0,0.0,0.0,0.0,1.0,1.0,0.0,0.0,0.0,0.0,74.03
UISC24-001,Urdaneta City SPED Center,11,89.0,87.0,90.0,87.0,88.0,90.0,86.0,87.0,91.0,91.0,91.0,90.0,90.0,89,90,92,89,94,89.0,89,91,89,89,0,89.2,89.4,90.0,89.4,89.33333333333333,0.0,1.0,0.0,0.0,0.0,1.0,0.0,0.0,0.0,0.0,0.0,1.0,0.0,0.0,0.0,0.0,76.93
UICS24-026,Urdaneta I Central School,12,82.0,80.0,83.0,82.0,81.0,81.0,80.0,80.0,80.0,81.0,81.0,80.0,80.0,81,80,79,80,80,78.0,78,77,77,77,0,80.4,80.0,80.0,79.8,79.0,0.0,1.0,0.0,0.0,0.0,1.0,0.0,0.0,0.0,0.0,0.0,1.0,0.0,0.0,0.0,0.0,74.03
UICS25-003,Urdaneta I Central School,12,79.0,78.0,78.0,77.0,78.0,78.0,78.0,78.0,80.0,79.0,79.0,79.0,79.0,81,81,81,80,83,82.0,90,89,90,90,1,80.0,81.2,81.0,81.4,83.0,0.0,1.0,0.0,0.0,0.0,0.0,0.0,0.0,0.0,0.0,1.0,1.0,0.0,0.0,0.0,0.0,66.82
UISC24-017,Urdaneta City SPED Center,12,95.0,94.0,95.0,93.0,96.0,92.0,95.0,92.0,93.0,93.0,94.0,94.0,92.0,97,95,98,95,98,95.0,95,95,94,95,0,95.2,93.8,95.4,94.0,94.33333333333333,0.0,1.0,0.0,0.0,0.0,0.0,0.0,0.0,0.0,0.0,1.0,0.0,0.0,1.0,0.0,0.0,76.93
BES25-019,Badipa Elementary School,11,85.0,82.0,86.0,86.0,85.0,85.0,85.0,84.0,81.0,81.0,81.0,81.0,81.0,89,87,90,87,88,91.0,88,91,89,89,1,86.2,84.6,86.6,85.6,85.66666666666667,1.0,0.0,0.0,0.0,0.0,1.0,0.0,0.0,0.0,0.0,0.0,1.0,0.0,0.0,0.0,0.0,80.54
UICS24-072,Urdaneta I Central School,11,88.0,87.0,89.0,90.0,86.0,87.0,86.0,89.0,87.0,87.0,89.0,89.0,88.0,90,87,90,89,89,89.0,88,87,87,87,0,88.0,87.2,88.2,88.6,88.33333333333333,1.0,0.0,0.0,0.0,0.0,1.0,0.0,0.0,0.0,0.0,0.0,1.0,0.0,0.0,0.0,0.0,74.03
UICS24-041,Urdaneta I Central School,12,86.0,82.0,85.0,86.0,83.0,81.0,84.0,82.0,86.0,83.0,85.0,83.0,86.0,85,88,86,85,83,85.0,84,85,86,86,0,85.0,83.6,85.0,84.6,84.66666666666667,1.0,0.0,0.0,0.0,0.0,1.0,0.0,0.0,0.0,0.0,0.0,1.0,0.0,0.0,0.0,0.0,74.03
UISC25-006,Urdaneta City SPED Center,11,87.0,87.0,85.0,86.0,87.0,87.0,87.0,86.0,87.0,86.0,86.0,87.0,87.0,89,91,88,88,89,90.0,90,89,90,90,1,88.0,88.2,87.0,87.6,88.33333333333333,0.0,1.0,0.0,0.0,0.0,1.0,0.0,0.0,0.0,0.0,0.0,1.0,0.0,0.0,0.0,0.0,72.08
UICS25-035,Urdaneta I Central School,12,87.0,90.0,88.0,80.0,84.0,86.0,85.0,86.0,85.0,85.0,85.0,86.0,86.0,85,85,84,87,86,85.0,85,85,85,85,1,85.2,86.2,85.4,84.6,86.0,0.0,1.0,0.0,0.0,0.0,1.0,0.0,0.0,0.0,0.0,0.0,0.0,0.0,1.0,0.0,0.0,66.82
LANES25-042,Lananpin Elementary School,11,82.0,82.0,80.0,82.0,83.0,84.0,85.0,86.0,86.0,85.0,85.0,85.0,85.0,84,82,82,84,85,86.0,86,85,86,86,1,84.2,83.8,83.4,84.8,85.0,1.0,0.0,0.0,0.0,0.0,1.0,0.0,0.0,0.0,0.0,0.0,1.0,0.0,0.0,0.0,0.0,62.7
UISC24-011,Urdaneta City SPED Center,12,89.0,87.0,90.0,91.0,91.0,91.0,91.0,91.0,92.0,91.0,90.0,90.0,91.0,89,91,89,90,91,89.0,90,89,89,88,0,90.0,90.0,89.8,90.4,89.66666666666667,1.0,0.0,0.0,0.0,0.0,1.0,0.0,0.0,0.0,0.0,0.0,1.0,0.0,0.0,0.0,0.0,76.93
DCBMES24-002,Don Clemente Blanco Memorial Elementary School,11,90.0,90.0,93.0,92.0,91.0,92.0,93.0,94.0,91.0,91.0,90.0,93.0,91.0,91,91,90,92,90,94.0,94,92,95,90,0,91.4,91.6,91.6,91.4,93.33333333333333,1.0,0.0,0.0,0.0,0.0,1.0,0.0,0.0,0.0,0.0,0.0,1.0,0.0,0.0,0.0,0.0,45.71
UISC25-037,Urdaneta City SPED Center,12,82.0,82.0,82.0,84.0,86.0,83.0,84.0,83.0,87.0,84.0,85.0,85.0,85.0,86,85,85,88,86,88.0,89,89,90,88,1,85.8,84.6,85.0,85.2,87.66666666666667,0.0,1.0,0.0,0.0,0.0,1.0,0.0,0.0,0.0,0.0,0.0,1.0,0.0,0.0,0.0,0.0,72.08
UICS25-061,Urdaneta I Central School,11,87.0,86.0,88.0,91.0,92.0,92.0,92.0,92.0,92.0,91.0,91.0,91.0,92.0,91,92,89,89,88,88.0,88,87,89,90,1,90.0,89.8,89.4,90.6,89.66666666666667,1.0,0.0,0.0,0.0,0.0,0.0,0.0,0.0,0.0,0.0,1.0,1.0,0.0,0.0,0.0,0.0,66.82
UICS24-030,Urdaneta I Central School,12,83.0,81.0,83.0,83.0,81.0,81.0,81.0,82.0,83.0,82.0,81.0,81.0,82.0,83,83,83,84,84,77.0,76,76,76,76,0,81.4,80.6,80.8,81.4,80.33333333333333,0.0,1.0,0.0,0.0,0.0,1.0,0.0,0.0,0.0,0.0,0.0,1.0,0.0,0.0,0.0,0.0,74.03
LANES25-002,Lananpin Elementary School,11,83.0,80.0,78.0,81.0,85.0,85.0,81.0,84.0,80.0,78.0,78.0,79.0,79.0,84,85,82,81,81,82.0,80,80,80,83,1,82.8,81.6,79.8,81.6,80.0,1.0,0.0,0.0,0.0,0.0,0.0,0.0,0.0,0.0,0.0,1.0,1.0,0.0,0.0,0.0,0.0,62.7
NAN25-066,Nancayasan Elementary School,14,93.0,80.0,91.0,87.0,76.0,86.0,91.0,90.0,95.0,87.0,90.0,76.0,82.0,75,91,83,86,79,75.0,79,82,76,95,1,82.8,84.6,87.4,86.6,79.33333333333333,0.0,1.0,0.0,0.0,0.0,1.0,0.0,0.0,0.0,0.0,0.0,0.0,0.0,1.0,0.0,0.0,58.64
UICS25-224,Urdaneta I Central School,11,81.0,80.0,81.0,82.0,82.0,86.0,85.0,86.0,84.91689751,86.0,86.0,85.0,87.0,86,85,84,83,82,82.0,84,84,81,80,1,83.18337950200001,84.2,84.0,83.4,83.0,0.0,1.0,0.0,0.0,0.0,0.0,0.0,0.0,0.0,0.0,1.0,0.0,0.0,1.0,0.0,0.0,66.82
LANES25-123,Lananpin Elementary School,11,82.0,80.0,84.0,84.0,86.0,85.0,85.0,85.0,82.0,82.0,82.0,82.0,82.0,85,85,84,83,83,83.0,83,83,84,84,1,83.6,83.0,83.6,83.6,83.0,0.0,1.0,0.0,0.0,0.0,1.0,0.0,0.0,0.0,0.0,0.0,1.0,0.0,0.0,0.0,0.0,62.7
LANES25-061,Lananpin Elementary School,11,86.0,83.0,87.0,85.0,86.0,83.0,87.0,87.0,86.0,83.0,85.0,83.0,85.0,88,86,89,90,87,89.0,88,86,88,86,1,87.0,84.6,86.8,86.0,87.0,0.0,1.0,0.0,0.0,0.0,0.0,0.0,0.0,0.0,0.0,1.0,1.0,0.0,0.0,0.0,0.0,62.7
NAN25-014,Nancayasan Elementary School,11,86.0,84.0,83.0,86.0,92.0,89.0,92.0,90.0,89.0,89.0,88.0,88.0,88.0,89,89,89,90,90,92.0,89,89,91,91,1,89.6,88.0,88.2,89.0,89.66666666666667,1.0,0.0,0.0,0.0,0.0,0.0,0.0,0.0,0.0,0.0,1.0,1.0,0.0,0.0,0.0,0.0,58.64
BES25-021,Badipa Elementary School,11,84.0,83.0,84.0,85.0,77.0,77.0,77.0,78.0,78.0,78.0,78.0,78.0,78.0,88,88,89,88,88,85.0,83,84,85,85,1,82.4,81.8,82.4,82.8,83.66666666666667,1.0,0.0,0.0,0.0,0.0,1.0,0.0,0.0,0.0,0.0,0.0,1.0,0.0,0.0,0.0,0.0,80.54
DAPSMECSE25-014,Don Amadeo Perez Sr. Memorial Elementary School - East,10,82.0,81.0,85.0,86.0,85.0,84.0,84.0,85.0,85.0,83.0,86.0,86.0,87.0,87,86,85,85,86,85.0,85,84,89,85,1,84.8,83.8,84.8,85.8,86.66666666666667,0.0,1.0,0.0,0.0,0.0,1.0,0.0,0.0,0.0,0.0,0.0,1.0,0.0,0.0,0.0,0.0,75.71
UICS25-223,Urdaneta I Central School,11,76.0,76.0,76.0,76.0,76.0,81.0,80.0,81.0,84.91689751,82.0,81.0,80.0,80.0,80,82,83,82,81,81.0,83,82,82,81,1,79.583379502,80.8,80.4,79.8,81.33333333333333,0.0,1.0,0.0,0.0,0.0,1.0,0.0,0.0,0.0,0.0,0.0,0.0,0.0,1.0,0.0,0.0,66.82
DAFSIS25-017,Don Alipio Fernandez Sr. Integrated School,11,88.0,87.0,87.0,87.0,88.0,87.0,87.0,87.0,90.0,89.0,89.0,89.0,90.0,90,89,90,90,90,97.0,94,92,93,94,1,90.6,89.2,89.0,89.6,90.66666666666667,1.0,0.0,0.0,0.0,0.0,1.0,0.0,0.0,0.0,0.0,0.0,1.0,0.0,0.0,0.0,0.0,73.08
UISC25-020,Urdaneta City SPED Center,11,89.0,88.0,89.0,90.0,91.0,90.0,90.0,91.0,92.0,92.0,92.0,92.0,93.0,90,91,88,88,86,91.0,91,89,90,90,1,90.6,90.4,89.6,90.0,90.0,1.0,0.0,0.0,0.0,0.0,0.0,0.0,0.0,0.0,0.0,1.0,0.0,0.0,1.0,0.0,0.0,72.08
NAN25-068,Nancayasan Elementary School,13,75.0,93.0,88.0,92.0,87.0,93.0,79.0,77.0,85.0,77.0,79.0,79.0,87.0,90,84,95,77,84,78.0,75,82,88,80,1,83.0,84.4,84.6,84.0,81.33333333333333,1.0,0.0,0.0,0.0,0.0,0.0,0.0,0.0,0.0,0.0,1.0,1.0,0.0,0.0,0.0,0.0,58.64
BES24-012,Badipa Elementary School,11,75.0,75.0,76.0,79.0,79.0,80.0,82.0,80.0,79.0,78.0,79.0,80.0,80.0,82,80,79,79,81,84.0,81,82,84,84,0,79.8,78.8,79.6,80.8,81.0,1.0,0.0,0.0,0.0,0.0,1.0,0.0,0.0,0.0,0.0,0.0,1.0,0.0,0.0,0.0,0.0,75.7
DAFSIS25-028,Don Alipio Fernandez Sr. Integrated School,12,84.0,85.0,85.0,85.0,86.0,86.0,84.0,84.0,86.0,86.0,86.0,86.0,86.0,82,81,82,82,82,85.0,84,87,84,86,1,84.6,84.4,84.8,84.6,84.0,1.0,0.0,0.0,0.0,0.0,1.0,0.0,0.0,0.0,0.0,0.0,1.0,0.0,0.0,0.0,0.0,73.08
DCBMES25-018,Don Clemente Blanco Memorial Elementary School,11,84.0,83.0,86.0,83.0,84.0,83.0,85.0,86.0,85.0,85.0,84.0,84.0,84.0,85,86,84,84,87,87.0,88,89,87,87,1,85.0,85.0,85.6,85.4,85.0,1.0,0.0,0.0,0.0,0.0,1.0,0.0,0.0,0.0,0.0,0.0,1.0,0.0,0.0,0.0,0.0,33.59
UICS24-048,Urdaneta I Central School,12,92.0,92.0,91.0,94.0,90.0,89.0,89.0,88.0,87.0,86.0,86.0,86.0,86.0,85,84,84,83,84,82.0,82,82,82,82,0,87.2,86.6,86.4,86.8,83.66666666666667,1.0,0.0,0.0,0.0,0.0,0.0,0.0,0.0,0.0,0.0,1.0,1.0,0.0,0.0,0.0,0.0,74.03
UICS25-303,Urdaneta I Central School,11,84.0,84.0,83.0,84.0,85.0,84.0,84.0,85.0,83.0,82.0,82.0,81.0,82.0,84,83,83,82,86,86.0,86,85,85,85,1,84.4,83.8,83.4,84.4,82.66666666666667,1.0,0.0,0.0,0.0,0.0,1.0,0.0,0.0,0.0,0.0,0.0,0.0,0.0,0.0,0.0,1.0,66.82
UISC24-004,Urdaneta City SPED Center,11,90.0,89.0,90.0,90.0,90.0,91.0,90.0,91.0,91.0,90.0,90.0,90.0,91.0,89,90,93,88,93,89.0,90,89,89,90,0,89.8,90.0,90.4,91.0,89.0,0.0,1.0,0.0,0.0,0.0,1.0,0.0,0.0,0.0,0.0,0.0,1.0,0.0,0.0,0.0,0.0,76.93
UICS25-117,Urdaneta I Central School,11,85.0,83.0,84.0,87.0,88.0,86.0,86.0,87.0,88.0,86.0,86.0,88.0,88.0,84,84,84,84,85,84.0,84,85,84,83,1,85.8,84.6,85.0,86.0,85.33333333333333,0.0,1.0,0.0,0.0,0.0,0.0,0.0,0.0,0.0,0.0,1.0,1.0,0.0,0.0,0.0,0.0,66.82
DAFSIS25-046,Don Alipio Fernandez Sr. Integrated School,11,87.0,86.0,86.0,86.0,86.0,86.0,84.0,86.0,84.0,88.0,87.0,88.0,89.0,89,88,90,88,89,96.0,93,92,94,93,1,88.4,88.2,87.8,88.6,90.0,1.0,0.0,0.0,0.0,0.0,1.0,0.0,0.0,0.0,0.0,0.0,1.0,0.0,0.0,0.0,0.0,73.08
DAFSIS25-010,Don Alipio Fernandez Sr. Integrated School,11,80.0,80.0,79.0,79.0,84.0,84.0,84.0,85.0,87.0,87.0,87.0,87.0,87.0,76,75,75,75,76,77.0,81,79,79,77,1,80.8,81.4,80.8,80.8,80.33333333333333,0.0,1.0,0.0,0.0,0.0,1.0,0.0,0.0,0.0,0.0,0.0,1.0,0.0,0.0,0.0,0.0,73.08
UICS25-225,Urdaneta I Central School,11,81.0,80.0,84.0,83.0,83.0,84.0,84.0,85.0,84.91689751,85.0,85.0,84.0,85.0,84,84,80,84,84,85.0,85,86,85,84,1,83.583379502,83.6,83.8,84.2,84.33333333333333,0.0,1.0,0.0,0.0,0.0,0.0,0.0,0.0,0.0,0.0,1.0,0.0,0.0,1.0,0.0,0.0,66.82
UISC25-069,Urdaneta City SPED Center,11,95.0,93.0,95.0,97.0,95.0,95.0,94.0,95.0,95.0,95.0,95.0,94.0,96.0,96,96,95,94,96,93.0,95,94,95,94,1,94.8,94.8,94.6,95.6,94.33333333333333,0.0,1.0,0.0,0.0,0.0,0.0,0.0,0.0,0.0,0.0,1.0,1.0,0.0,0.0,0.0,0.0,72.08
UISC25-010,Urdaneta City SPED Center,11,83.0,83.0,80.0,82.0,93.0,93.0,93.0,93.0,93.0,92.0,93.0,92.0,93.0,95,94,93,91,91,92.0,93,93,91,91,1,91.2,91.0,90.4,90.0,91.33333333333333,1.0,0.0,0.0,0.0,0.0,1.0,0.0,0.0,0.0,0.0,0.0,1.0,0.0,0.0,0.0,0.0,72.08
DAPSMECSE25-001,Don Amadeo Perez Sr. Memorial Elementary School - East,11,92.0,91.0,93.0,93.0,92.0,92.0,94.0,94.0,93.0,93.0,94.0,94.0,93.0,93,94,93,94,92,95.0,94,94,96,92,1,93.0,92.8,93.6,92.8,94.66666666666667,0.0,1.0,0.0,0.0,0.0,1.0,0.0,0.0,0.0,0.0,0.0,1.0,0.0,0.0,0.0,0.0,75.71
DAFSIS25-014,Don Alipio Fernandez Sr. Integrated School,11,78.0,79.0,77.0,78.0,80.0,77.0,78.0,78.0,81.0,80.0,80.0,80.0,80.0,77,77,77,77,78,76.0,79,79,78,79,1,78.4,78.4,78.2,78.6,78.33333333333333,1.0,0.0,0.0,0.0,0.0,1.0,0.0,0.0,0.0,0.0,0.0,1.0,0.0,0.0,0.0,0.0,73.08
NAN25-070,Nancayasan Elementary School,13,78.0,93.0,95.0,87.0,86.0,75.0,80.0,78.0,81.0,93.0,92.0,80.0,77.0,75,91,93,81,85,94.0,78,78,79,94,1,82.8,86.0,87.6,84.2,80.0,1.0,0.0,0.0,0.0,0.0,0.0,0.0,0.0,0.0,0.0,1.0,1.0,0.0,0.0,0.0,0.0,58.64
DAPSMECSE25-009,Don Amadeo Perez Sr. Memorial Elementary School - East,11,78.0,77.0,78.0,80.0,82.0,82.0,80.0,84.0,86.0,84.0,85.0,86.0,87.0,83,81,80,81,81,83.0,83,84,85,85,1,82.4,81.4,81.4,83.4,84.0,1.0,0.0,0.0,0.0,0.0,1.0,0.0,0.0,0.0,0.0,0.0,1.0,0.0,0.0,0.0,0.0,75.71
NAN24-003,Nancayasan Elementary School,11,85.0,87.0,85.0,85.0,84.0,82.0,84.0,84.0,80.0,80.0,80.0,80.0,80.0,80,79,79,79,80,84.0,83,82,85,84,0,82.6,82.2,82.0,82.6,81.33333333333333,0.0,1.0,0.0,0.0,0.0,1.0,0.0,0.0,0.0,0.0,0.0,0.0,0.0,0.0,1.0,0.0,65.57
LANES25-004,Lananpin Elementary School,11,79.0,77.0,77.0,79.0,79.0,77.0,79.0,79.0,79.0,78.0,78.0,78.0,79.0,78,77,77,80,78,80.0,83,86,80,85,1,79.0,78.4,79.4,80.0,79.33333333333333,0.0,1.0,0.0,0.0,0.0,1.0,0.0,0.0,0.0,0.0,0.0,1.0,0.0,0.0,0.0,0.0,62.7
NAN25-069,Nancayasan Elementary School,13,76.0,93.0,75.0,80.0,94.0,84.0,89.0,81.0,94.0,86.0,87.0,88.0,86.0,81,87,88,86,88,80.0,78,85,90,86,1,85.0,85.6,84.8,84.2,88.0,0.0,1.0,0.0,0.0,0.0,0.0,0.0,0.0,0.0,0.0,1.0,1.0,0.0,0.0,0.0,0.0,58.64
BES25-059,Badipa Elementary School,11,92.0,91.0,88.0,90.0,89.0,90.0,89.0,89.0,81.0,81.0,81.0,82.0,81.0,86,85,84,84,85,84.0,84,85,85,84,1,86.4,86.2,85.4,85.8,83.66666666666667,0.0,1.0,0.0,0.0,0.0,1.0,0.0,0.0,0.0,0.0,0.0,1.0,0.0,0.0,0.0,0.0,80.54
NAN25-025,Nancayasan Elementary School,11,92.0,88.0,86.0,89.0,93.0,92.0,94.0,93.0,94.0,92.0,95.0,94.0,94.0,90,88,88,89,90,93.0,94,94,93,92,1,92.4,90.8,91.4,91.6,92.0,0.0,1.0,0.0,0.0,0.0,1.0,0.0,0.0,0.0,0.0,0.0,1.0,0.0,0.0,0.0,0.0,58.64
UICS25-182,Urdaneta I Central School,11,88.0,83.0,83.0,89.0,92.0,92.0,92.0,92.0,92.0,92.0,91.0,90.0,91.0,91,89,87,86,89,90.0,89,87,89,90,1,90.6,89.0,88.0,90.2,88.33333333333333,1.0,0.0,0.0,0.0,0.0,0.0,0.0,0.0,0.0,0.0,1.0,1.0,0.0,0.0,0.0,0.0,66.82
DAPSMECSE25-010,Don Amadeo Perez Sr. Memorial Elementary School - East,11,86.0,85.0,86.0,87.0,87.0,86.0,85.0,88.0,84.0,85.0,85.0,87.0,85.0,87,86,86,85,86,87.0,86,89,90,88,1,86.2,85.6,86.2,86.8,87.33333333333333,1.0,0.0,0.0,0.0,0.0,1.0,0.0,0.0,0.0,0.0,0.0,1.0,0.0,0.0,0.0,0.0,75.71
UICS25-045,Urdaneta I Central School,11,88.0,91.0,87.0,88.0,85.0,85.0,85.0,85.0,82.0,82.0,82.0,82.0,82.0,85,85,86,85,83,88.0,85,85,86,84,1,85.6,85.6,85.0,84.4,84.33333333333333,1.0,0.0,0.0,0.0,0.0,0.0,0.0,0.0,0.0,0.0,1.0,1.0,0.0,0.0,0.0,0.0,66.82
BES24-028,Badipa Elementary School,11,76.0,75.0,77.0,78.0,78.0,76.0,76.0,78.0,79.0,78.0,79.0,78.0,80.0,79,79,79,78,79,81.0,79,80,79,78,0,78.6,77.4,78.2,78.6,78.33333333333333,1.0,0.0,0.0,0.0,0.0,1.0,0.0,0.0,0.0,0.0,0.0,1.0,0.0,0.0,0.0,0.0,75.7
UICS25-131,Urdaneta I Central School,11,85.0,85.0,85.0,85.0,88.0,88.0,88.0,89.0,87.0,86.0,87.0,87.0,87.0,84,84,85,84,84,87.0,86,86,88,86,1,86.2,85.8,86.2,86.2,86.33333333333333,1.0,0.0,0.0,0.0,0.0,0.0,0.0,0.0,0.0,1.0,0.0,1.0,0.0,0.0,0.0,0.0,66.82
BES25-105,Badipa Elementary School,11,76.0,75.0,76.0,76.0,83.0,82.0,81.0,82.0,77.0,77.0,77.0,76.0,77.0,76,75,76,76,78,79.0,79,79,79,79,1,78.2,77.6,77.8,78.4,77.0,0.0,1.0,0.0,0.0,0.0,1.0,0.0,0.0,0.0,0.0,0.0,1.0,0.0,0.0,0.0,0.0,80.54
UICS25-359,Urdaneta I Central School,12,78.0,77.0,79.0,79.0,80.0,80.0,81.0,82.0,81.0,81.0,79.0,79.0,81.0,81,79,79,80,79,81.0,79,79,79,81,1,80.2,79.2,79.4,80.4,79.33333333333333,0.0,1.0,0.0,0.0,0.0,1.0,0.0,0.0,0.0,0.0,0.0,0.0,0.0,1.0,0.0,0.0,66.82
UICS25-227,Urdaneta I Central School,11,78.0,79.0,81.0,82.0,82.0,84.0,84.0,83.0,84.91689751,84.0,80.0,79.0,80.0,80,80,76,77,77,76.0,76,76,76,76,1,80.18337950200001,80.6,79.4,79.6,77.33333333333333,0.0,1.0,0.0,0.0,0.0,1.0,0.0,0.0,0.0,0.0,0.0,1.0,0.0,0.0,0.0,0.0,66.82
UISC25-090,Urdaneta City SPED Center,13,84.0,84.0,84.0,85.0,88.0,83.0,84.0,85.0,87.0,85.0,85.0,87.0,87.0,93,90,91,91,90,92.0,92,91,91,93,1,88.8,86.8,87.0,88.0,89.66666666666667,1.0,0.0,0.0,0.0,0.0,1.0,0.0,0.0,0.0,0.0,0.0,1.0,0.0,0.0,0.0,0.0,72.08
UISC25-101,Urdaneta City SPED Center,11,91.0,88.0,88.0,90.0,92.0,90.0,90.0,90.0,92.0,92.0,92.0,92.0,93.0,91,93,88,88,89,93.0,93,91,91,91,1,91.8,91.2,89.8,90.6,90.33333333333333,1.0,0.0,0.0,0.0,0.0,0.0,0.0,0.0,0.0,0.0,1.0,1.0,0.0,0.0,0.0,0.0,72.08
BES25-170,Badipa Elementary School,11,91.0,92.0,90.0,90.0,87.0,89.0,88.0,88.0,86.0,86.0,86.0,86.0,86.0,91,90,91,91,91,93.0,94,94,94,91,1,89.6,90.2,89.8,89.2,90.33333333333333,1.0,0.0,0.0,0.0,0.0,1.0,0.0,0.0,0.0,0.0,0.0,1.0,0.0,0.0,0.0,0.0,80.54
BES25-212,Badipa Elementary School,11,82.0,79.0,81.0,82.0,87.0,87.0,86.0,86.0,82.0,81.0,82.0,81.0,82.0,83,82,83,82,83,86.0,85,86,86,86,1,84.0,82.8,83.6,83.8,83.0,0.0,1.0,0.0,0.0,0.0,1.0,0.0,0.0,0.0,0.0,0.0,1.0,0.0,0.0,0.0,0.0,80.54
UICS24-028,Urdaneta I Central School,12,80.0,80.0,79.0,80.0,79.0,78.0,78.0,80.0,82.0,82.0,82.0,82.0,82.0,81,80,78,80,79,77.0,77,76,79,77,0,79.8,79.4,78.6,79.6,80.33333333333333,0.0,1.0,0.0,0.0,0.0,1.0,0.0,0.0,0.0,0.0,0.0,1.0,0.0,0.0,0.0,0.0,74.03
LANES25-119,Lananpin Elementary School,11,75.0,75.0,75.0,75.0,85.0,82.0,88.0,82.0,84.0,82.0,82.0,81.0,81.0,79,76,77,76,78,83.0,86,83,84,85,1,81.2,80.2,81.0,80.2,80.33333333333333,0.0,1.0,0.0,0.0,0.0,1.0,0.0,0.0,0.0,0.0,0.0,1.0,0.0,0.0,0.0,0.0,62.7
BES25-055,Badipa Elementary School,11,86.0,84.0,86.0,86.0,86.0,85.0,85.0,85.0,82.0,81.0,81.0,81.0,82.0,85,84,80,82,83,83.0,82,83,83,82,1,84.4,83.2,83.0,83.6,82.0,0.0,1.0,0.0,0.0,0.0,1.0,0.0,0.0,0.0,0.0,0.0,1.0,0.0,0.0,0.0,0.0,80.54
BES25-028,Badipa Elementary School,11,85.0,85.0,84.0,85.0,84.0,84.0,84.0,85.0,87.0,88.0,87.0,88.0,87.0,89,89,85,87,88,87.0,88,88,89,86,1,86.4,86.8,85.6,86.2,88.0,1.0,0.0,0.0,0.0,0.0,1.0,0.0,0.0,0.0,0.0,0.0,1.0,0.0,0.0,0.0,0.0,80.54
NAN25-023,Nancayasan Elementary School,11,85.0,87.0,85.0,85.0,89.0,89.0,90.0,89.0,91.0,89.0,89.0,88.0,89.0,90,89,90,90,90,92.0,90,92,90,90,1,89.4,88.8,89.2,88.6,89.33333333333333,0.0,1.0,0.0,0.0,0.0,1.0,0.0,0.0,0.0,0.0,0.0,1.0,0.0,0.0,0.0,0.0,58.64
UICS25-091,Urdaneta I Central School,11,86.0,85.0,85.0,86.0,88.0,89.0,88.0,89.0,87.0,86.0,87.0,87.0,87.0,86,86,85,85,86,85.0,85,85,84,86,1,86.4,86.2,86.0,86.8,85.33333333333333,1.0,0.0,0.0,0.0,0.0,0.0,0.0,0.0,0.0,0.0,1.0,1.0,0.0,0.0,0.0,0.0,66.82
DAPSMECSE24-003,Don Amadeo Perez Sr. Memorial Elementary School - East,12,86.0,86.0,88.0,84.0,83.0,84.0,83.0,85.0,89.0,88.0,89.0,92.0,91.0,87,86,86,86,86,85.0,87,87,87,87,0,86.0,86.2,86.6,86.6,88.33333333333333,1.0,0.0,0.0,0.0,0.0,1.0,0.0,0.0,0.0,0.0,0.0,1.0,0.0,0.0,0.0,0.0,78.17
UICS24-061,Urdaneta I Central School,11,80.0,79.0,80.0,80.0,81.0,80.0,80.0,80.0,80.0,81.0,79.0,79.0,80.0,82,82,81,82,83,82.0,82,82,81,82,0,81.0,80.8,80.4,81.0,80.66666666666667,1.0,0.0,0.0,0.0,0.0,1.0,0.0,0.0,0.0,0.0,0.0,0.0,0.0,1.0,0.0,0.0,74.03
UICS24-031,Urdaneta I Central School,12,90.0,89.0,87.0,91.0,93.0,92.0,88.0,89.0,93.0,94.0,92.0,93.0,94.0,93,93,92,92,92,78.0,78,78,79,78,0,89.4,89.2,87.4,88.8,88.0,1.0,0.0,0.0,0.0,0.0,1.0,0.0,0.0,0.0,0.0,0.0,0.0,0.0,0.0,0.0,1.0,74.03
DCBMES25-005,Don Clemente Blanco Memorial Elementary School,12,81.0,77.0,80.0,79.0,76.0,75.0,77.0,77.0,77.0,78.0,77.0,77.0,77.0,78,77,77,79,76,83.0,79,79,81,83,1,79.0,77.2,78.0,78.4,79.0,0.0,1.0,0.0,0.0,0.0,1.0,0.0,0.0,0.0,0.0,0.0,1.0,0.0,0.0,0.0,0.0,33.59
