learnerID,school_year,Age,Filipino 1,English 1,Math 1,Aral Pan 1,Filipino 2,English 2,Math 2,Aral Pan 2,Filipino 3,English 3,Math 3,Science 3,Aral Pan 3,Filipino 4,English 4,Math 4,Science 4,Aral Pan 4,Filipino 5,English 5,Math 5,Science 5,Aral Pan 5,Gender_F,Gender_M,Mother Tongue_Cebuano / Sinugbuanong Binisay,Mother Tongue_English,Mother Tongue_Hiligaynon,Mother Tongue_Ilocano,Mother Tongue_Kamayo,Mother Tongue_Kapampangan,Mother Tongue_Maranao,Mother Tongue_Pangasinan,Mother Tongue_Tagalog,Nutritional Status_Normal,Nutritional Status_Obese,Nutritional Status_Overweight,Nutritional Status_Severely Wasted,Nutritional Status_Wasted,MPS
UISC25-095,1,11,88.0,87.0,92.0,91.0,91.0,91.0,91.0,91.0,91.0,91.0,91.0,91.0,91.0,94,93,89,89,93,91.0,92,88,91,90,0.0,1.0,0.0,0.0,0.0,0.0,0.0,0.0,0.0,0.0,1.0,1.0,0.0,0.0,0.0,0.0,72.08
NAN25-011,1,11,97.0,98.0,95.0,96.0,96.0,96.0,96.0,96.0,97.0,97.0,98.0,97.0,97.0,94,94,94,94,94,96.0,95,96,95,95,1.0,0.0,0.0,0.0,0.0,1.0,0.0,0.0,0.0,0.0,0.0,1.0,0.0,0.0,0.0,0.0,58.64
UICS25-381,1,12,77.0,77.0,78.0,77.0,77.0,77.0,75.0,75.0,78.0,77.0,77.0,78.0,78.0,79,77,77,77,78,79.0,78,78,78,78,0.0,1.0,0.0,0.0,0.0,0.0,0.0,0.0,0.0,0.0,1.0,0.0,0.0,0.0,1.0,0.0,66.82
UICS25-335,1,11,83.90609137,94.0,93.0,93.0,94.0,91.0,91.0,90.0,92.0,94.0,94.0,92.0,93.0,90,90,89,88,88,87.0,88,87,87,86,0.0,1.0,0.0,0.0,0.0,0.0,0.0,0.0,0.0,0.0,1.0,1.0,0.0,0.0,0.0,0.0,66.82
LANES25-033,1,12,82.0,82.0,80.0,79.0,99.0,97.0,92.0,94.0,95.0,94.0,94.0,94.0,95.0,87,86,88,87,87,85.0,87,87,87,87,1.0,0.0,0.0,0.0,0.0,1.0,0.0,0.0,0.0,0.0,0.0,1.0,0.0,0.0,0.0,0.0,62.7
UISC25-107,1,11,89.0,86.0,88.0,91.0,92.0,92.0,92.0,92.0,92.0,91.0,92.0,92.0,92.0,95,94,94,92,92,92.0,93,93,92,91,0.0,1.0,0.0,0.0,0.0,0.0,0.0,0.0,0.0,0.0,1.0,0.0,1.0,0.0,0.0,0.0,72.08
UICS25-106,1,13,80.0,80.0,80.0,80.0,80.0,80.0,80.0,80.0,79.0,79.0,79.0,79.0,79.0,87,85,87,88,85,77.0,76,77,77,77,1.0,0.0,0.0,0.0,0.0,0.0,0.0,0.0,0.0,0.0,1.0,1.0,0.0,0.0,0.0,0.0,66.82
UICS25-069,1,11,89.0,87.0,90.0,90.0,86.0,85.0,86.0,87.0,86.0,83.0,84.0,86.0,86.0,90,91,91,91,90,87.0,87,86,86,90,0.0,1.0,0.0,0.0,0.0,0.0,0.0,0.0,0.0,0.0,1.0,1.0,0.0,0.0,0.0,0.0,66.82
DAFSIS25-005,1,11,91.0,92.0,90.0,89.0,91.0,90.0,90.0,89.0,91.0,90.0,90.0,91.0,90.0,90,90,91,90,90,97.0,95,92,94,93,0.0,1.0,0.0,0.0,0.0,1.0,0.0,0.0,0.0,0.0,0.0,1.0,0.0,0.0,0.0,0.0,73.08
UICS25-235,1,11,91.0,88.0,86.0,95.0,95.0,93.0,92.0,92.0,84.91689751,93.0,92.0,91.0,91.0,90,92,93,90,91,89.0,92,92,91,88,1.0,0.0,0.0,0.0,0.0,0.0,0.0,0.0,0.0,0.0,1.0,1.0,0.0,0.0,0.0,0.0,66.82
NAN25-032,1,11,92.0,90.0,91.0,93.0,91.0,88.0,92.0,91.0,82.0,81.0,82.0,82.0,82.0,85,84,83,83,85,92.0,89,91,89,90,0.0,1.0,0.0,0.0,0.0,0.0,0.0,0.0,0.0,1.0,0.0,1.0,0.0,0.0,0.0,0.0,58.64
BES24-003,0,11,81.0,80.0,80.0,82.0,81.0,81.0,81.0,80.0,82.0,82.0,83.0,81.0,82.0,84,82,84,82,83,85.0,81,82,83,85,0.0,1.0,0.0,0.0,0.0,1.0,0.0,0.0,0.0,0.0,0.0,1.0,0.0,0.0,0.0,0.0,75.7
LANES25-051,1,12,84.0,80.0,82.0,87.0,84.0,84.0,84.0,85.0,83.0,79.0,78.0,79.0,77.0,82,81,80,81,83,84.0,85,87,87,88,0.0,1.0,0.0,0.0,0.0,0.0,0.0,0.0,0.0,0.0,1.0,0.0,0.0,0.0,0.0,1.0,62.7
LANES25-064,1,11,85.0,85.0,88.0,87.0,88.0,87.0,90.0,88.0,86.0,85.0,85.0,86.0,86.0,85,84,83,85,84,88.0,89,89,88,90,0.0,1.0,0.0,0.0,0.0,1.0,0.0,0.0,0.0,0.0,0.0,1.0,0.0,0.0,0.0,0.0,62.7
UICS25-320,1,11,88.0,90.0,89.0,90.0,89.0,89.0,89.0,92.0,91.0,89.0,90.0,88.0,88.0,90,89,90,89,88,91.0,91,91,90,91,1.0,0.0,0.0,0.0,0.0,0.0,0.0,0.0,0.0,0.0,1.0,1.0,0.0,0.0,0.0,0.0,66.82
UICS24-018,0,11,81.0,81.0,81.0,80.0,83.0,82.0,82.0,82.0,81.0,81.0,80.0,81.0,81.0,81,81,81,80,81,80.0,80,82,80,81,0.0,1.0,0.0,0.0,0.0,1.0,0.0,0.0,0.0,0.0,0.0,0.0,0.0,0.0,1.0,0.0,74.03
UICS25-240,1,11,79.0,76.0,77.0,82.0,84.0,83.0,83.0,84.0,84.0,83.0,83.0,83.0,84.0,86,86,87,86,85,87.0,86,86,87,87,1.0,0.0,0.0,0.0,0.0,0.0,0.0,0.0,0.0,0.0,1.0,1.0,0.0,0.0,0.0,0.0,66.82
DAPSMECSE25-027,1,11,86.0,83.0,82.0,84.0,88.0,82.0,83.0,87.0,85.0,85.0,81.0,82.0,83.0,81,81,82,82,83,82.0,83,81,82,80,1.0,0.0,0.0,0.0,0.0,1.0,0.0,0.0,0.0,0.0,0.0,1.0,0.0,0.0,0.0,0.0,75.71
LANES25-058,1,11,83.0,82.0,78.0,77.0,77.0,77.0,77.0,77.0,80.0,78.0,80.0,78.0,78.0,77,78,77,78,79,77.0,76,75,76,77,0.0,1.0,0.0,0.0,0.0,1.0,0.0,0.0,0.0,0.0,0.0,1.0,0.0,0.0,0.0,0.0,62.7
NAN25-008,1,11,83.0,81.0,81.0,83.0,81.0,80.0,79.0,80.0,80.0,79.0,80.0,77.0,80.0,82,82,81,82,82,89.0,88,87,88,87,1.0,0.0,0.0,0.0,0.0,1.0,0.0,0.0,0.0,0.0,0.0,1.0,0.0,0.0,0.0,0.0,58.64
BES25-081,1,12,75.0,75.0,75.0,75.0,77.0,77.0,77.0,77.0,76.0,76.0,76.0,76.0,76.0,76,77,76,76,76,76.0,76,76,76,76,1.0,0.0,0.0,0.0,0.0,1.0,0.0,0.0,0.0,0.0,0.0,1.0,0.0,0.0,0.0,0.0,80.54
LANES25-009,1,11,90.0,90.0,89.0,90.0,89.0,88.0,89.0,89.0,90.0,90.0,90.0,90.0,90.0,92,91,92,91,91,89.0,88,89,89,89,1.0,0.0,0.0,0.0,0.0,1.0,0.0,0.0,0.0,0.0,0.0,1.0,0.0,0.0,0.0,0.0,62.7
UICS25-270,1,12,86.0,85.0,87.0,88.0,87.0,86.0,86.0,87.0,88.0,87.0,86.0,86.0,86.0,84,83,84,83,83,87.0,85,84,83,86,0.0,1.0,0.0,0.0,0.0,1.0,0.0,0.0,0.0,0.0,0.0,1.0,0.0,0.0,0.0,0.0,66.82
NAN24-009,0,12,81.0,79.0,79.0,80.0,80.0,79.0,80.0,79.0,81.0,78.0,78.0,81.0,81.0,81,80,81,80,80,77.0,76,76,76,76,0.0,1.0,0.0,0.0,0.0,1.0,0.0,0.0,0.0,0.0,0.0,1.0,0.0,0.0,0.0,0.0,65.57
UICS25-068,1,12,86.0,83.0,87.0,88.0,87.0,86.0,87.0,87.0,87.0,88.0,87.0,85.0,87.0,91,91,92,91,91,90.0,88,87,88,89,0.0,1.0,0.0,0.0,0.0,0.0,0.0,0.0,0.0,0.0,1.0,0.0,0.0,1.0,0.0,0.0,66.82
UISC25-054,1,11,93.0,93.0,95.0,93.0,96.0,95.0,96.0,96.0,94.0,95.0,94.0,93.0,94.0,93,94,91,91,92,91.0,92,93,93,90,1.0,0.0,0.0,0.0,0.0,0.0,0.0,0.0,0.0,0.0,1.0,1.0,0.0,0.0,0.0,0.0,72.08
NAN25-050,1,11,91.0,78.0,85.0,87.0,87.0,81.0,95.0,78.0,93.0,88.0,87.0,83.0,93.0,94,76,82,85,83,93.0,82,94,81,88,1.0,0.0,0.0,0.0,0.0,1.0,0.0,0.0,0.0,0.0,0.0,1.0,0.0,0.0,0.0,0.0,58.64
UICS25-102,1,11,87.0,86.0,87.0,86.0,88.0,88.0,88.0,87.0,86.0,86.0,85.0,86.0,86.0,80,78,79,78,79,81.0,81,80,81,82,0.0,1.0,0.0,0.0,0.0,0.0,0.0,0.0,0.0,0.0,1.0,1.0,0.0,0.0,0.0,0.0,66.82
UICS24-032,0,12,76.0,75.0,77.0,77.0,77.0,77.0,77.0,77.0,82.0,81.0,81.0,80.0,81.0,78,78,78,78,79,76.0,76,78,76,76,0.0,1.0,0.0,0.0,0.0,1.0,0.0,0.0,0.0,0.0,0.0,1.0,0.0,0.0,0.0,0.0,74.03
LANES25-112,1,11,78.0,77.0,80.0,80.0,81.0,81.0,81.0,81.0,82.0,81.0,80.0,82.0,82.0,80,80,81,81,80,83.0,84,83,83,84,0.0,1.0,0.0,0.0,0.0,1.0,0.0,0.0,0.0,0.0,0.0,1.0,0.0,0.0,0.0,0.0,62.7
BES25-084,1,12,75.0,75.0,75.0,75.0,79.0,79.0,79.0,79.0,76.0,76.0,76.0,76.0,76.0,75,75,75,75,75,76.0,76,76,76,76,0.0,1.0,0.0,0.0,0.0,1.0,0.0,0.0,0.0,0.0,0.0,1.0,0.0,0.0,0.0,0.0,80.54
UISC25-074,1,11,94.0,94.0,93.0,95.0,95.0,94.0,95.0,96.0,94.0,95.0,95.0,94.0,94.0,96,96,95,96,96,93.0,94,94,96,93,1.0,0.0,0.0,0.0,0.0,0.0,0.0,0.0,0.0,0.0,1.0,1.0,0.0,0.0,0.0,0.0,72.08
LANES25-037,1,11,90.0,90.0,86.0,89.0,92.0,91.0,92.0,91.0,90.0,90.0,90.0,90.0,90.0,87,85,84,87,86,87.0,85,84,86,86,1.0,0.0,0.0,0.0,0.0,1.0,0.0,0.0,0.0,0.0,0.0,1.0,0.0,0.0,0.0,0.0,62.7
UICS25-185,1,11,79.0,79.0,80.0,81.0,82.0,87.0,82.0,83.0,84.0,85.0,85.0,86.0,87.0,86,86,87,85,85,83.0,81,81,82,83,1.0,0.0,0.0,0.0,0.0,0.0,0.0,0.0,0.0,0.0,1.0,0.0,0.0,0.0,0.0,1.0,66.82
UICS24-058,0,11,84.0,84.0,86.0,87.0,87.0,86.0,87.0,86.0,86.0,86.0,88.0,86.0,86.0,85,84,85,85,85,86.0,86,87,83,85,0.0,1.0,0.0,0.0,0.0,0.0,0.0,0.0,0.0,0.0,1.0,0.0,0.0,1.0,0.0,0.0,74.03
UICS25-046,1,11,90.0,89.0,90.0,91.0,90.0,90.0,90.0,91.0,92.0,93.0,90.0,92.0,92.0,90,91,88,86,89,90.0,87,87,86,86,0.0,1.0,0.0,0.0,0.0,0.0,0.0,0.0,0.0,0.0,1.0,1.0,0.0,0.0,0.0,0.0,66.82
UISC25-023,1,11,90.0,87.0,88.0,91.0,91.0,90.0,90.0,90.0,92.0,91.0,92.0,92.0,91.0,94,94,88,91,90,90.0,91,87,91,90,0.0,1.0,0.0,0.0,0.0,0.0,0.0,0.0,0.0,0.0,1.0,1.0,0.0,0.0,0.0,0.0,72.08
UISC24-028,0,11,89.0,82.0,91.0,95.0,90.0,92.0,90.0,90.0,93.0,93.0,92.0,92.0,93.0,94,95,94,95,93,94.0,93,93,92,92,0.0,1.0,0.0,0.0,0.0,0.0,0.0,0.0,0.0,0.0,1.0,1.0,0.0,0.0,0.0,0.0,76.93
BES25-048,1,11,82.0,84.0,82.0,85.0,85.0,86.0,85.0,86.0,86.0,85.0,85.0,86.0,86.0,84,83,82,83,84,81.0,81,81,83,83,1.0,0.0,0.0,0.0,0.0,0.0,0.0,0.0,0.0,0.0,1.0,1.0,0.0,0.0,0.0,0.0,80.54
UICS25-047,1,11,87.0,87.0,86.0,86.0,88.0,88.0,89.0,89.0,87.0,87.0,88.0,87.0,87.0,83,82,82,82,83,89.0,89,88,88,90,1.0,0.0,0.0,0.0,0.0,0.0,0.0,0.0,0.0,0.0,1.0,1.0,0.0,0.0,0.0,0.0,66.82
UICS25-201,1,11,89.0,88.0,89.0,88.0,88.0,90.0,89.0,89.0,84.91689751,89.0,88.0,81.0,86.0,81,86,86,86,87,86.0,87,87,86,81,1.0,0.0,0.0,0.0,0.0,1.0,0.0,0.0,0.0,0.0,0.0,1.0,0.0,0.0,0.0,0.0,66.82
UICS25-037,1,11,82.0,80.0,83.0,85.0,81.0,89.0,89.0,95.0,83.0,82.0,82.0,82.0,84.0,89,88,88,87,87,90.0,87,87,87,88,1.0,0.0,0.0,0.0,0.0,0.0,0.0,0.0,0.0,0.0,1.0,1.0,0.0,0.0,0.0,0.0,66.82
LANES24-023,0,16,82.0,82.0,83.0,84.0,86.0,84.0,84.0,84.0,82.0,81.0,80.0,80.0,80.0,75,75,75,75,75,85.0,86,83,84,83,0.0,1.0,0.0,0.0,0.0,1.0,0.0,0.0,0.0,0.0,0.0,1.0,0.0,0.0,0.0,0.0,78.31
BES25-201,1,11,76.0,75.0,76.0,75.0,76.0,75.0,75.0,76.0,76.0,76.0,76.0,76.0,76.0,83,83,83,83,83,84.0,82,82,82,83,0.0,1.0,0.0,0.0,0.0,1.0,0.0,0.0,0.0,0.0,0.0,1.0,0.0,0.0,0.0,0.0,80.54
LANES24-024,0,12,82.0,81.0,82.0,83.0,82.0,81.0,82.0,82.0,82.0,80.0,82.0,81.0,79.0,84,83,83,84,84,87.0,86,86,86,86,1.0,0.0,0.0,0.0,0.0,1.0,0.0,0.0,0.0,0.0,0.0,1.0,0.0,0.0,0.0,0.0,78.31
BES25-199,1,11,87.0,85.0,89.0,91.0,89.0,89.0,90.0,90.0,86.0,84.0,84.0,84.0,83.0,83,81,81,81,83,88.0,88,87,88,89,1.0,0.0,0.0,0.0,0.0,1.0,0.0,0.0,0.0,0.0,0.0,1.0,0.0,0.0,0.0,0.0,80.54
LANES25-013,1,11,81.0,82.0,81.0,80.0,84.0,83.0,84.0,84.0,82.0,82.0,82.0,83.0,84.0,83,83,81,81,80,83.0,83,83,84,83,1.0,0.0,0.0,0.0,0.0,1.0,0.0,0.0,0.0,0.0,0.0,0.0,0.0,1.0,0.0,0.0,62.7
NAN24-021,0,11,83.0,83.0,82.0,82.0,79.0,80.0,80.0,80.0,83.0,82.0,82.0,82.0,82.0,82,82,82,82,82,86.0,85,85,86,85,0.0,1.0,0.0,0.0,0.0,1.0,0.0,0.0,0.0,0.0,0.0,1.0,0.0,0.0,0.0,0.0,65.57
BES25-138,1,11,84.0,82.0,86.0,86.0,87.0,87.0,88.0,87.0,90.0,91.0,89.0,89.0,90.0,81,79,80,80,81,81.0,81,81,81,81,0.0,1.0,0.0,0.0,0.0,0.0,0.0,0.0,0.0,0.0,1.0,1.0,0.0,0.0,0.0,0.0,80.54
NAN25-063,1,11,77.0,91.0,91.0,89.0,93.0,88.0,80.0,93.0,75.0,94.0,89.0,80.0,93.0,93,84,91,95,76,92.0,89,76,85,90,1.0,0.0,0.0,0.0,0.0,0.0,0.0,0.0,0.0,0.0,1.0,1.0,0.0,0.0,0.0,0.0,58.64
DAFSIS25-007,1,11,85.0,83.0,84.0,85.0,86.0,82.0,84.0,84.0,87.0,86.0,86.0,87.0,87.0,84,82,84,84,83,83.0,86,78,87,86,0.0,1.0,0.0,0.0,0.0,1.0,0.0,0.0,0.0,0.0,0.0,1.0,0.0,0.0,0.0,0.0,73.08
UISC25-004,1,11,95.0,92.0,94.0,91.0,86.0,89.0,89.0,89.0,87.0,89.0,87.0,87.0,86.0,91,93,92,92,91,89.0,91,88,91,91,1.0,0.0,0.0,0.0,0.0,0.0,0.0,0.0,0.0,0.0,1.0,1.0,0.0,0.0,0.0,0.0,72.08
NAN24-022,0,11,85.0,86.0,84.0,84.0,86.0,85.0,86.0,87.0,86.0,86.0,86.0,86.0,86.0,85,84,86,85,85,88.0,87,85,87,86,0.0,1.0,0.0,0.0,0.0,0.0,0.0,0.0,0.0,0.0,1.0,1.0,0.0,0.0,0.0,0.0,65.57
UISC25-001,1,11,89.0,87.0,88.0,87.0,91.0,90.0,94.0,90.0,87.0,89.0,87.0,87.0,90.0,90,89,90,90,89,90.0,90,90,90,90,0.0,1.0,0.0,0.0,0.0,0.0,0.0,0.0,0.0,0.0,1.0,1.0,0.0,0.0,0.0,0.0,72.08
LANES25-026,1,12,82.0,80.0,82.0,83.0,76.0,76.0,76.0,76.0,80.0,79.0,79.0,79.0,80.0,82,84,82,80,81,80.0,78,79,78,80,1.0,0.0,0.0,0.0,0.0,1.0,0.0,0.0,0.0,0.0,0.0,1.0,0.0,0.0,0.0,0.0,62.7
LANES25-111,1,12,82.0,80.0,83.0,82.0,84.0,83.0,85.0,82.0,85.0,84.0,84.0,84.0,84.0,84,84,84,83,84,86.0,86,84,85,87,0.0,1.0,0.0,0.0,0.0,1.0,0.0,0.0,0.0,0.0,0.0,1.0,0.0,0.0,0.0,0.0,62.7
BES24-006,0,11,84.0,84.0,84.0,84.0,89.0,85.0,87.0,89.0,83.0,83.0,85.0,86.0,85.0,91,90,90,90,91,87.0,87,84,84,87,1.0,0.0,0.0,0.0,0.0,0.0,1.0,0.0,0.0,0.0,0.0,1.0,0.0,0.0,0.0,0.0,75.7
BES25-025,1,11,83.0,85.0,83.0,83.0,84.0,84.0,84.0,84.0,86.0,86.0,86.0,86.0,86.0,84,84,81,83,85,85.0,84,85,85,85,1.0,0.0,0.0,0.0,0.0,1.0,0.0,0.0,0.0,0.0,0.0,1.0,0.0,0.0,0.0,0.0,80.54
NAN25-031,1,11,87.0,85.0,83.0,89.0,87.0,85.0,85.0,87.0,81.0,81.0,80.0,80.0,81.0,87,86,86,86,87,91.0,90,89,89,89,0.0,1.0,0.0,0.0,0.0,1.0,0.0,0.0,0.0,0.0,0.0,1.0,0.0,0.0,0.0,0.0,58.64
UICS25-318,1,11,88.0,87.0,87.0,86.0,88.0,88.0,86.0,86.0,86.0,87.0,86.0,85.0,85.0,85,84,86,85,84,87.0,86,85,87,88,1.0,0.0,0.0,0.0,0.0,0.0,0.0,0.0,0.0,0.0,1.0,1.0,0.0,0.0,0.0,0.0,66.82
UICS25-085,1,12,89.0,87.0,87.0,87.0,88.0,84.0,87.0,87.0,84.0,83.0,83.0,84.0,85.0,91,91,91,91,92,92.0,89,87,88,90,1.0,0.0,0.0,0.0,0.0,0.0,0.0,0.0,0.0,0.0,1.0,1.0,0.0,0.0,0.0,0.0,66.82
UICS24-021,0,12,80.0,80.0,79.0,80.0,82.0,80.0,80.0,81.0,82.0,81.0,81.0,81.0,81.0,83,83,82,82,82,82.0,81,81,81,82,1.0,0.0,0.0,0.0,0.0,1.0,0.0,0.0,0.0,0.0,0.0,1.0,0.0,0.0,0.0,0.0,74.03
UICS25-379,1,11,80.0,79.0,80.0,79.0,84.0,81.0,81.0,81.0,81.0,80.0,80.0,79.0,80.0,81,80,79,79,79,80.0,79,79,79,80,0.0,1.0,0.0,0.0,0.0,0.0,0.0,0.0,0.0,0.0,1.0,1.0,0.0,0.0,0.0,0.0,66.82
UISC25-044,1,11,89.0,89.0,89.0,95.0,92.0,93.0,93.0,93.0,94.0,94.0,94.0,93.0,95.0,90,86,89,86,88,91.0,89,90,89,88,1.0,0.0,0.0,0.0,0.0,0.0,0.0,0.0,0.0,0.0,1.0,1.0,0.0,0.0,0.0,0.0,72.08
UICS25-356,1,11,80.0,76.0,79.0,82.0,84.0,82.0,82.0,84.0,82.0,80.0,80.0,80.0,81.0,80,78,77,77,78,79.0,79,78,79,79,1.0,0.0,0.0,0.0,0.0,1.0,0.0,0.0,0.0,0.0,0.0,1.0,0.0,0.0,0.0,0.0,66.82
LANES25-105,1,12,81.0,80.0,81.0,81.0,81.0,81.0,81.0,81.0,82.0,80.0,81.0,82.0,82.0,81,82,81,80,81,85.0,82,84,82,84,0.0,1.0,0.0,0.0,0.0,1.0,0.0,0.0,0.0,0.0,0.0,1.0,0.0,0.0,0.0,0.0,62.7
NAN25-059,1,14,95.0,94.0,76.0,83.0,93.0,92.0,80.0,85.0,76.0,87.0,87.0,93.0,77.0,77,95,77,77,87,80.0,92,90,77,81,1.0,0.0,0.0,0.0,0.0,1.0,0.0,0.0,0.0,0.0,0.0,1.0,0.0,0.0,0.0,0.0,58.64
UICS25-322,1,12,85.0,84.0,86.0,87.0,83.0,83.0,83.0,83.0,84.0,82.0,82.0,81.0,83.0,89,89,89,89,90,89.0,89,88,90,89,0.0,1.0,0.0,0.0,0.0,1.0,0.0,0.0,0.0,0.0,0.0,0.0,0.0,1.0,0.0,0.0,66.82
UICS25-286,1,11,81.0,81.0,82.0,84.0,88.0,86.0,87.0,87.0,86.0,85.0,86.0,86.0,86.0,84,83,86,83,83,85.0,81,81,81,83,0.0,1.0,0.0,0.0,0.0,0.0,0.0,0.0,0.0,0.0,1.0,0.0,0.0,1.0,0.0,0.0,66.82
UICS25-076,1,12,90.0,91.0,90.0,89.0,88.0,87.0,88.0,87.0,89.0,88.0,89.0,90.0,87.0,93,93,92,93,94,92.0,87,86,87,90,0.0,1.0,0.0,0.0,0.0,1.0,0.0,0.0,0.0,0.0,0.0,1.0,0.0,0.0,0.0,0.0,66.82
BES25-148,1,11,88.0,86.0,88.0,86.0,90.0,89.0,89.0,90.0,88.0,87.0,86.0,86.0,87.0,89,89,89,88,87,88.0,87,91,91,87,0.0,1.0,0.0,0.0,0.0,1.0,0.0,0.0,0.0,0.0,0.0,1.0,0.0,0.0,0.0,0.0,80.54
LANES25-134,1,11,76.0,76.0,75.0,76.0,82.0,80.0,83.0,82.0,81.0,79.0,90.0,80.0,79.0,84,80,81,82,81,82.0,81,81,81,82,1.0,0.0,0.0,0.0,0.0,1.0,0.0,0.0,0.0,0.0,0.0,1.0,0.0,0.0,0.0,0.0,62.7
UISC24-012,0,12,89.0,88.0,89.0,89.0,91.0,91.0,91.0,91.0,91.0,90.0,90.0,90.0,91.0,89,90,91,91,92,91.0,89,89,89,89,0.0,1.0,0.0,0.0,0.0,1.0,0.0,0.0,0.0,0.0,0.0,1.0,0.0,0.0,0.0,0.0,76.93
BES25-157,1,11,95.0,91.0,90.0,92.0,93.0,93.0,93.0,92.0,91.0,92.0,93.0,91.0,93.0,90,90,92,91,90,93.0,92,96,93,90,0.0,1.0,0.0,0.0,0.0,1.0,0.0,0.0,0.0,0.0,0.0,1.0,0.0,0.0,0.0,0.0,80.54
UICS25-005,1,11,87.0,87.0,87.0,86.0,88.0,87.0,88.0,89.0,87.0,86.0,87.0,86.0,87.0,86,85,84,88,85,85.0,86,85,87,91,1.0,0.0,0.0,0.0,0.0,1.0,0.0,0.0,0.0,0.0,0.0,1.0,0.0,0.0,0.0,0.0,66.82
LANES25-072,1,11,92.0,92.0,89.0,90.0,87.0,87.0,88.0,89.0,87.0,86.0,86.0,87.0,87.0,89,86,85,87,88,89.0,86,85,85,86,1.0,0.0,0.0,0.0,0.0,1.0,0.0,0.0,0.0,0.0,0.0,1.0,0.0,0.0,0.0,0.0,62.7
DAPSMECSE25-023,1,10,77.0,75.0,76.0,77.0,78.0,78.0,78.0,78.0,84.0,83.0,84.0,84.0,84.0,83,80,80,81,81,80.0,80,82,84,84,0.0,1.0,0.0,0.0,0.0,1.0,0.0,0.0,0.0,0.0,0.0,1.0,0.0,0.0,0.0,0.0,75.71
DCBMES24-003,0,12,91.0,93.0,92.0,90.0,92.0,90.0,93.0,91.0,89.0,89.0,89.0,89.0,88.0,84,85,84,84,84,93.0,89,89,80,87,0.0,1.0,0.0,0.0,0.0,1.0,0.0,0.0,0.0,0.0,0.0,1.0,0.0,0.0,0.0,0.0,45.71
UICS25-111,1,11,82.0,81.0,84.0,89.0,81.0,81.0,82.0,85.0,85.0,83.0,83.0,84.0,85.0,80,80,80,79,80,82.0,81,82,81,82,0.0,1.0,0.0,0.0,0.0,0.0,0.0,0.0,0.0,0.0,1.0,1.0,0.0,0.0,0.0,0.0,66.82
UICS25-176,1,11,81.0,80.0,82.0,82.0,80.0,80.0,83.0,82.0,85.0,81.0,84.0,81.0,84.0,81,80,80,80,81,79.0,78,78,78,78,0.0,1.0,0.0,0.0,0.0,1.0,0.0,0.0,0.0,0.0,0.0,1.0,0.0,0.0,0.0,0.0,66.82
UICS25-294,1,12,84.0,84.0,86.0,84.0,86.0,85.0,86.0,87.0,84.0,82.0,83.0,84.0,84.0,85,84,83,83,85,87.0,86,85,87,89,0.0,1.0,0.0,0.0,0.0,0.0,0.0,0.0,0.0,0.0,1.0,1.0,0.0,0.0,0.0,0.0,66.82
UICS25-323,1,12,82.0,83.0,82.0,84.0,85.0,84.0,83.0,85.0,90.0,90.0,90.0,82.0,90.0,91,89,89,89,88,87.0,86,86,88,89,1.0,0.0,0.0,0.0,0.0,1.0,0.0,0.0,0.0,0.0,0.0,1.0,0.0,0.0,0.0,0.0,66.82
UISC25-083,1,12,92.0,91.0,92.0,93.0,90.0,92.0,90.0,92.0,89.0,88.0,89.0,89.0,89.0,93,92,92,91,89,92.0,93,90,92,91,1.0,0.0,0.0,0.0,0.0,0.0,0.0,0.0,0.0,0.0,1.0,1.0,0.0,0.0,0.0,0.0,72.08
UICS25-212,1,11,80.0,80.0,84.0,83.0,83.0,86.0,85.0,85.0,84.91689751,86.0,87.0,87.0,86.0,84,84,84,84,84,85.0,85,87,86,85,0.0,1.0,0.0,0.0,0.0,1.0,0.0,0.0,0.0,0.0,0.0,0.0,0.0,1.0,0.0,0.0,66.82
UICS24-001,0,12,93.0,90.0,90.0,91.0,94.0,90.0,90.0,94.0,89.0,88.0,89.0,88.0,89.0,86,86,86,85,85,89.0,86,86,87,87,0.0,1.0,0.0,0.0,0.0,1.0,0.0,0.0,0.0,0.0,0.0,0.0,0.0,1.0,0.0,0.0,74.03
LANES25-140,1,12,85.0,83.0,85.0,86.0,87.0,86.0,89.0,87.0,89.0,88.0,89.0,88.0,88.0,90,90,89,90,88,88.0,86,87,88,88,1.0,0.0,0.0,0.0,0.0,1.0,0.0,0.0,0.0,0.0,0.0,1.0,0.0,0.0,0.0,0.0,62.7
LANES25-092,1,11,92.0,90.0,91.0,92.0,90.0,90.0,90.0,91.0,93.0,92.0,92.0,92.0,91.0,94,91,89,89,93,92.0,89,86,89,89,1.0,0.0,0.0,0.0,0.0,0.0,0.0,0.0,0.0,0.0,1.0,1.0,0.0,0.0,0.0,0.0,62.7
NAN24-016,0,12,85.0,83.0,83.0,84.0,83.0,84.0,85.0,85.0,84.0,84.0,83.0,83.0,83.0,83,82,81,82,82,80.0,80,82,82,83,0.0,1.0,0.0,0.0,0.0,0.0,0.0,0.0,0.0,0.0,1.0,1.0,0.0,0.0,0.0,0.0,65.57
UISC25-111,1,12,91.0,88.0,88.0,91.0,91.0,90.0,90.0,91.0,91.0,91.0,91.0,91.0,91.0,91,91,92,88,88,92.0,88,91,90,90,0.0,1.0,0.0,0.0,0.0,0.0,0.0,0.0,0.0,0.0,1.0,0.0,0.0,0.0,0.0,1.0,72.08
LANES25-096,1,11,91.0,88.0,87.0,89.0,84.0,83.0,83.0,85.0,84.0,81.0,83.0,84.0,84.0,84,83,82,83,83,80.0,79,79,79,82,0.0,1.0,0.0,0.0,0.0,1.0,0.0,0.0,0.0,0.0,0.0,0.0,0.0,1.0,0.0,0.0,62.7
UICS25-057,1,12,86.0,85.0,82.0,84.0,90.0,89.0,88.0,90.0,90.0,90.0,89.0,89.0,90.0,91,92,92,91,92,90.0,90,86,90,90,0.0,1.0,0.0,0.0,0.0,0.0,0.0,0.0,0.0,0.0,1.0,1.0,0.0,0.0,0.0,0.0,66.82
LANES24-019,0,11,83.0,84.0,88.0,88.0,87.0,87.0,84.0,86.0,83.0,83.0,82.0,83.0,82.0,85,84,84,84,84,86.0,86,85,85,85,0.0,1.0,0.0,0.0,0.0,1.0,0.0,0.0,0.0,0.0,0.0,1.0,0.0,0.0,0.0,0.0,78.31
UICS24-038,0,12,81.0,81.0,83.0,82.0,81.0,81.0,83.0,82.0,81.0,81.0,83.0,81.0,82.0,79,78,78,80,80,87.0,87,86,86,86,1.0,0.0,0.0,0.0,0.0,1.0,0.0,0.0,0.0,0.0,0.0,1.0,0.0,0.0,0.0,0.0,74.03
LANES24-017,0,11,83.0,84.0,82.0,84.0,86.0,85.0,84.0,83.0,86.0,82.0,82.0,82.0,81.0,86,85,84,84,84,86.0,86,85,86,86,0.0,1.0,0.0,0.0,0.0,1.0,0.0,0.0,0.0,0.0,0.0,1.0,0.0,0.0,0.0,0.0,78.31
UICS25-253,1,11,87.0,88.0,87.0,86.0,88.0,88.0,89.0,89.0,87.0,87.0,87.0,87.0,87.0,83,82,83,83,82,82.0,81,81,81,81,1.0,0.0,0.0,0.0,0.0,0.0,0.0,0.0,0.0,0.0,1.0,1.0,0.0,0.0,0.0,0.0,66.82
DAFSIS25-015,1,11,85.0,84.0,85.0,84.0,88.0,86.0,86.0,85.0,90.0,89.0,89.0,89.0,89.0,86,85,86,86,86,92.0,92,86,91,93,1.0,0.0,0.0,0.0,0.0,1.0,0.0,0.0,0.0,0.0,0.0,1.0,0.0,0.0,0.0,0.0,73.08
UICS25-078,1,11,91.0,88.0,88.0,93.0,92.0,90.0,90.0,91.0,93.0,93.0,92.0,93.0,93.0,95,94,88,90,92,91.0,92,91,91,90,0.0,1.0,0.0,0.0,0.0,0.0,0.0,0.0,0.0,0.0,1.0,1.0,0.0,0.0,0.0,0.0,66.82
DAFSIS25-020,1,11,91.0,91.0,90.0,89.0,89.0,89.0,89.0,89.0,91.0,91.0,90.0,90.0,90.0,94,95,94,94,94,98.0,97,94,96,96,1.0,0.0,0.0,0.0,0.0,1.0,0.0,0.0,0.0,0.0,0.0,1.0,0.0,0.0,0.0,0.0,73.08
UICS25-198,1,11,89.0,86.0,83.0,88.0,88.0,80.0,88.0,89.0,86.0,87.0,87.0,86.0,87.0,88,88,87,79,85,86.0,85,86,86,85,1.0,0.0,0.0,0.0,0.0,0.0,0.0,0.0,0.0,0.0,1.0,1.0,0.0,0.0,0.0,0.0,66.82
LANES25-067,1,11,87.0,85.0,84.0,85.0,88.0,87.0,88.0,89.0,87.0,86.0,87.0,86.0,87.0,84,83,82,84,84,88.0,87,85,86,87,1.0,0.0,0.0,0.0,0.0,0.0,0.0,0.0,0.0,0.0,1.0,1.0,0.0,0.0,0.0,0.0,62.7
DAFSIS24-008,0,11,87.0,87.0,85.0,85.0,85.0,84.0,83.0,84.0,86.0,85.0,86.0,85.0,84.0,84,83,84,83,84,85.0,85,82,84,83,1.0,0.0,0.0,0.0,0.0,1.0,0.0,0.0,0.0,0.0,0.0,1.0,0.0,0.0,0.0,0.0,74.93
DCBMES25-012,1,12,85.0,84.0,82.0,82.0,75.0,75.0,75.0,75.0,77.0,76.0,78.0,77.0,77.0,83,84,83,84,88,90.0,89,88,88,86,1.0,0.0,0.0,0.0,0.0,1.0,0.0,0.0,0.0,0.0,0.0,1.0,0.0,0.0,0.0,0.0,33.59
DAFSIS24-005,0,11,89.0,88.0,89.0,89.0,85.0,85.0,86.0,84.0,88.0,89.0,88.0,89.0,88.0,85,86,86,84,84,89.0,92,87,85,90,0.0,1.0,0.0,0.0,0.0,1.0,0.0,0.0,0.0,0.0,0.0,1.0,0.0,0.0,0.0,0.0,74.93
NAN25-007,1,11,92.0,93.0,91.0,91.0,95.0,94.0,96.0,94.0,95.0,95.0,96.0,95.0,95.0,92,92,92,92,91,94.0,95,95,93,92,1.0,0.0,0.0,0.0,0.0,1.0,0.0,0.0,0.0,0.0,0.0,0.0,1.0,0.0,0.0,0.0,58.64
UICS25-162,1,12,75.0,75.0,76.0,76.0,77.0,76.0,75.0,76.0,82.0,81.0,82.0,82.0,82.0,83,81,81,81,82,75.0,75,76,76,76,0.0,1.0,0.0,0.0,0.0,0.0,0.0,0.0,0.0,0.0,1.0,1.0,0.0,0.0,0.0,0.0,66.82
UISC24-010,0,11,92.0,89.0,91.0,91.0,91.0,90.0,90.0,91.0,92.0,92.0,92.0,92.0,92.0,94,93,92,93,89,90.0,90,90,92,91,1.0,0.0,0.0,0.0,0.0,1.0,0.0,0.0,0.0,0.0,0.0,1.0,0.0,0.0,0.0,0.0,76.93
UICS25-044,1,11,82.0,82.0,84.0,84.0,83.0,83.0,83.0,84.0,84.0,82.0,82.0,83.0,83.0,84,85,86,85,83,84.0,85,86,85,85,0.0,1.0,0.0,0.0,0.0,0.0,0.0,0.0,0.0,0.0,1.0,1.0,0.0,0.0,0.0,0.0,66.82
UISC25-093,1,11,96.0,94.0,95.0,93.0,97.0,95.0,95.0,96.0,90.0,90.0,90.0,88.0,88.0,91,91,91,91,91,89.0,89,87,88,89,0.0,1.0,0.0,0.0,0.0,0.0,0.0,0.0,0.0,0.0,1.0,0.0,0.0,1.0,0.0,0.0,72.08
UICS25-052,1,11,90.0,85.0,85.0,88.0,89.0,88.0,88.0,89.0,90.0,89.0,90.0,90.0,89.0,89,88,87,88,86,91.0,92,91,91,92,1.0,0.0,0.0,0.0,0.0,0.0,0.0,0.0,0.0,0.0,1.0,0.0,0.0,1.0,0.0,0.0,66.82
UICS25-060,1,11,80.0,79.0,79.0,79.0,88.0,87.0,87.0,88.0,87.0,87.0,86.0,86.0,87.0,85,86,85,84,84,79.0,77,77,77,77,0.0,1.0,0.0,0.0,0.0,0.0,0.0,0.0,0.0,0.0,1.0,1.0,0.0,0.0,0.0,0.0,66.82
UISC25-116,1,11,86.0,90.0,92.0,89.0,93.0,92.0,93.0,92.0,92.0,91.0,92.0,92.0,92.0,88,91,92,88,89,90.0,90,89,90,91,0.0,1.0,0.0,0.0,0.0,0.0,0.0,0.0,0.0,0.0,1.0,0.0,0.0,1.0,0.0,0.0,72.08
UICS24-067,0,12,85.0,83.0,85.0,84.0,86.0,87.0,86.0,86.0,85.0,85.0,85.0,84.0,85.0,86,85,86,84,86,85.0,85,84,84,84,1.0,0.0,0.0,0.0,0.0,0.0,0.0,0.0,0.0,0.0,1.0,1.0,0.0,0.0,0.0,0.0,74.03
NAN25-062,1,14,79.0,91.0,85.0,77.0,75.0,84.0,80.0,93.0,81.0,93.0,75.0,78.0,76.0,88,78,84,87,86,75.0,91,75,81,76,0.0,1.0,0.0,0.0,0.0,1.0,0.0,0.0,0.0,0.0,0.0,1.0,0.0,0.0,0.0,0.0,58.64
UICS25-030,1,11,87.0,86.0,85.0,85.0,85.0,82.0,84.0,84.0,88.0,88.0,87.0,88.0,88.0,91,92,91,92,91,89.0,87,86,88,88,0.0,1.0,0.0,0.0,0.0,0.0,0.0,0.0,0.0,0.0,1.0,1.0,0.0,0.0,0.0,0.0,66.82
UICS24-036,0,11,87.0,89.0,88.0,88.0,89.0,88.0,87.0,88.0,90.0,91.0,87.0,88.0,89.0,87,89,86,86,88,89.0,78,88,89,88,0.0,1.0,0.0,0.0,0.0,1.0,0.0,0.0,0.0,0.0,0.0,1.0,0.0,0.0,0.0,0.0,74.03
LANES25-029,1,11,76.0,76.0,80.0,82.0,83.0,84.0,82.0,83.0,82.0,79.0,80.0,79.0,81.0,78,78,78,78,84,80.0,81,79,82,82,0.0,1.0,0.0,0.0,0.0,1.0,0.0,0.0,0.0,0.0,0.0,0.0,0.0,0.0,0.0,1.0,62.7
UISC25-050,1,11,90.0,89.0,91.0,92.0,94.0,94.0,94.0,94.0,94.0,94.0,94.0,94.0,95.0,91,90,91,89,88,91.0,92,91,90,88,0.0,1.0,0.0,0.0,0.0,0.0,0.0,0.0,0.0,0.0,1.0,1.0,0.0,0.0,0.0,0.0,72.08
UICS25-283,1,11,86.0,86.0,87.0,88.0,89.0,88.0,90.0,89.0,89.0,88.0,88.0,87.0,87.0,89,90,88,90,89,88.0,88,88,88,89,1.0,0.0,0.0,0.0,0.0,0.0,0.0,0.0,0.0,0.0,1.0,1.0,0.0,0.0,0.0,0.0,66.82
BES25-074,1,10,80.0,80.0,80.0,82.0,86.0,86.0,86.0,86.0,83.0,82.0,82.0,82.0,82.0,82,81,82,82,82,82.0,76,76,79,78,1.0,0.0,0.0,0.0,0.0,1.0,0.0,0.0,0.0,0.0,0.0,1.0,0.0,0.0,0.0,0.0,80.54
UICS25-352,1,11,77.0,76.0,76.0,77.0,80.0,79.0,80.0,82.0,80.0,79.0,80.0,79.0,80.0,79,78,77,76,77,78.0,78,78,78,78,1.0,0.0,0.0,0.0,0.0,1.0,0.0,0.0,0.0,0.0,0.0,1.0,0.0,0.0,0.0,0.0,66.82
BES25-064,1,11,81.0,78.0,75.0,76.0,80.0,78.0,81.0,81.0,83.0,83.0,84.0,83.0,84.0,82,82,80,82,83,81.0,80,80,81,81,0.0,1.0,0.0,0.0,0.0,1.0,0.0,0.0,0.0,0.0,0.0,1.0,0.0,0.0,0.0,0.0,80.54
LANES24-011,0,11,90.0,90.0,91.0,92.0,95.0,94.0,94.0,95.0,93.0,93.0,92.0,92.0,93.0,93,92,92,92,93,95.0,93,94,94,93,1.0,0.0,0.0,0.0,0.0,1.0,0.0,0.0,0.0,0.0,0.0,1.0,0.0,0.0,0.0,0.0,78.31
UICS25-311,1,11,86.0,86.0,87.0,85.0,87.0,86.0,86.0,87.0,87.0,86.0,85.0,86.0,87.0,86,86,85,85,86,85.0,84,83,85,84,0.0,1.0,0.0,0.0,0.0,0.0,0.0,0.0,0.0,0.0,1.0,1.0,0.0,0.0,0.0,0.0,66.82
BES25-050,1,12,79.0,77.0,78.0,81.0,84.0,83.0,83.0,83.0,79.0,79.0,79.0,79.0,79.0,87,86,86,86,86,89.0,86,89,89,86,1.0,0.0,0.0,0.0,0.0,1.0,0.0,0.0,0.0,0.0,0.0,1.0,0.0,0.0,0.0,0.0,80.54
UICS25-067,1,11,81.0,81.0,81.0,82.0,83.0,83.0,83.0,84.0,84.0,83.0,83.0,82.0,83.0,84,83,83,83,84,87.0,86,85,85,85,1.0,0.0,0.0,0.0,0.0,0.0,0.0,0.0,0.0,0.0,1.0,1.0,0.0,0.0,0.0,0.0,66.82
LANES25-017,1,11,82.0,81.0,83.0,83.0,82.0,82.0,82.0,82.0,86.0,85.0,85.0,85.0,86.0,82,81,80,82,82,86.0,85,86,85,87,0.0,1.0,0.0,0.0,0.0,1.0,0.0,0.0,0.0,0.0,0.0,1.0,0.0,0.0,0.0,0.0,62.7
UISC24-019,0,11,92.0,90.0,88.0,92.0,92.0,91.0,91.0,92.0,92.0,91.0,92.0,92.0,94.0,96,94,95,95,95,94.0,94,94,92,94,1.0,0.0,0.0,0.0,0.0,1.0,0.0,0.0,0.0,0.0,0.0,1.0,0.0,0.0,0.0,0.0,76.93
UICS25-181,1,11,82.0,76.0,77.0,80.0,82.0,82.0,82.0,85.0,82.0,82.0,82.0,82.0,82.0,86,86,85,85,86,81.0,81,82,81,83,1.0,0.0,0.0,0.0,0.0,1.0,0.0,0.0,0.0,0.0,0.0,0.0,0.0,0.0,0.0,1.0,66.82
BES25-137,1,12,86.0,83.0,84.0,86.0,78.0,78.0,78.0,78.0,76.0,76.0,76.0,76.0,81.0,79,80,80,80,79,80.0,79,79,79,80,0.0,1.0,0.0,0.0,0.0,1.0,0.0,0.0,0.0,0.0,0.0,1.0,0.0,0.0,0.0,0.0,80.54
UICS25-074,1,11,78.0,78.0,78.0,79.0,78.0,78.0,78.0,80.0,83.0,82.0,82.0,83.0,83.0,82,81,80,81,81,87.0,87,87,87,87,0.0,1.0,0.0,0.0,0.0,0.0,0.0,0.0,0.0,0.0,1.0,0.0,0.0,1.0,0.0,0.0,66.82
UISC25-088,1,11,88.0,90.0,87.0,93.0,93.0,92.0,92.0,93.0,92.0,92.0,94.0,91.0,91.0,93,91,93,90,90,90.0,92,89,92,90,0.0,1.0,0.0,0.0,0.0,0.0,0.0,0.0,0.0,0.0,1.0,1.0,0.0,0.0,0.0,0.0,72.08
LANES25-070,1,12,76.0,75.0,78.0,76.0,80.0,79.0,79.0,80.0,81.0,81.0,80.0,80.0,81.0,76,76,78,77,79,76.0,76,76,76,76,0.0,1.0,0.0,0.0,0.0,1.0,0.0,0.0,0.0,0.0,0.0,1.0,0.0,0.0,0.0,0.0,62.7
DAFSIS25-027,1,12,86.0,87.0,85.0,85.0,85.0,83.0,83.0,85.0,85.0,83.0,84.0,85.0,85.0,83,82,82,83,83,81.0,84,90,84,83,1.0,0.0,0.0,0.0,0.0,1.0,0.0,0.0,0.0,0.0,0.0,1.0,0.0,0.0,0.0,0.0,73.08
NAN25-036,1,10,85.0,85.0,84.0,86.0,89.0,88.0,84.0,89.0,84.0,82.0,82.0,84.0,84.0,84,84,84,85,84,85.0,87,87,88,86,0.0,1.0,0.0,0.0,0.0,1.0,0.0,0.0,0.0,0.0,0.0,1.0,0.0,0.0,0.0,0.0,58.64
UISC25-019,1,11,86.0,86.0,86.0,86.0,83.0,83.0,82.0,82.0,86.0,86.0,83.0,83.0,84.0,91,90,89,86,88,91.0,91,90,90,90,1.0,0.0,0.0,0.0,0.0,0.0,0.0,0.0,0.0,0.0,1.0,1.0,0.0,0.0,0.0,0.0,72.08
LANES24-002,0,11,82.0,81.0,82.0,82.0,83.0,83.0,83.0,82.0,83.0,81.0,82.0,82.0,82.0,83,82,82,82,82,78.0,77,77,76,79,1.0,0.0,0.0,0.0,0.0,1.0,0.0,0.0,0.0,0.0,0.0,1.0,0.0,0.0,0.0,0.0,78.31
BES25-014,1,11,91.0,91.0,90.0,90.0,88.0,88.0,88.0,88.0,87.0,87.0,87.0,86.0,86.0,87,88,87,88,88,88.0,84,86,86,86,1.0,0.0,0.0,0.0,0.0,1.0,0.0,0.0,0.0,0.0,0.0,1.0,0.0,0.0,0.0,0.0,80.54
UISC25-026,1,11,89.0,91.0,93.0,95.0,93.0,92.0,92.0,93.0,91.0,90.0,90.0,90.0,91.0,93,93,94,93,93,90.0,92,93,93,93,1.0,0.0,0.0,0.0,0.0,0.0,0.0,0.0,0.0,0.0,1.0,1.0,0.0,0.0,0.0,0.0,72.08
LANES25-118,1,11,92.0,90.0,93.0,95.0,95.0,95.0,91.0,94.0,90.0,90.0,90.0,90.0,90.0,92,91,89,91,90,91.0,91,92,91,92,0.0,1.0,0.0,0.0,0.0,1.0,0.0,0.0,0.0,0.0,0.0,1.0,0.0,0.0,0.0,0.0,62.7
LANES25-151,1,12,81.0,79.0,81.0,81.0,79.0,79.0,79.0,79.0,81.0,80.0,81.0,80.0,81.0,83,82,84,77,82,85.0,83,85,82,83,0.0,1.0,0.0,0.0,0.0,1.0,0.0,0.0,0.0,0.0,0.0,1.0,0.0,0.0,0.0,0.0,62.7
UICS25-172,1,12,81.0,81.0,81.0,82.0,83.0,83.0,82.0,83.0,86.0,86.0,86.0,84.0,86.0,86,85,85,85,87,86.0,86,86,87,84,1.0,0.0,0.0,0.0,0.0,0.0,0.0,0.0,0.0,0.0,1.0,1.0,0.0,0.0,0.0,0.0,66.82
UICS25-312,1,11,89.0,86.0,88.0,89.0,83.0,83.0,83.0,83.0,84.0,83.0,83.0,83.0,84.0,83,83,82,83,83,84.0,82,81,81,83,0.0,1.0,0.0,0.0,0.0,0.0,0.0,0.0,0.0,0.0,1.0,1.0,0.0,0.0,0.0,0.0,66.82
LANES25-010,1,13,90.0,90.0,91.0,90.0,82.0,80.0,81.0,82.0,84.0,83.0,81.0,81.0,83.0,84,83,83,83,84,83.0,82,83,82,84,0.0,1.0,0.0,0.0,0.0,1.0,0.0,0.0,0.0,0.0,0.0,1.0,0.0,0.0,0.0,0.0,62.7
UISC25-011,1,11,83.0,81.0,83.0,84.0,87.0,86.0,87.0,87.0,87.0,86.0,86.0,86.0,86.0,88,88,88,88,87,89.0,90,90,89,91,0.0,1.0,0.0,0.0,0.0,1.0,0.0,0.0,0.0,0.0,0.0,1.0,0.0,0.0,0.0,0.0,72.08
BES25-169,1,11,92.0,96.0,95.0,94.0,91.0,91.0,91.0,91.0,84.0,83.0,83.0,83.0,83.0,91,92,91,91,91,92.0,94,92,93,90,1.0,0.0,0.0,0.0,0.0,1.0,0.0,0.0,0.0,0.0,0.0,1.0,0.0,0.0,0.0,0.0,80.54
DCBMES25-003,1,11,82.0,81.0,80.0,79.0,78.0,76.0,77.0,79.0,80.0,81.0,82.0,80.0,80.0,86,82,82,84,84,87.0,85,86,86,85,0.0,1.0,0.0,0.0,0.0,1.0,0.0,0.0,0.0,0.0,0.0,1.0,0.0,0.0,0.0,0.0,33.59
UISC24-005,0,12,91.0,89.0,89.0,91.0,90.0,91.0,89.0,90.0,91.0,92.0,91.0,91.0,91.0,90,93,91,92,94,90.0,90,90,89,89,0.0,1.0,0.0,0.0,0.0,1.0,0.0,0.0,0.0,0.0,0.0,1.0,0.0,0.0,0.0,0.0,76.93
UISC25-060,1,12,91.0,92.0,89.0,95.0,95.0,94.0,94.0,95.0,94.0,93.0,94.0,93.0,95.0,93,95,90,92,93,93.0,94,93,93,91,1.0,0.0,0.0,0.0,0.0,0.0,0.0,0.0,0.0,0.0,1.0,1.0,0.0,0.0,0.0,0.0,72.08
UICS25-090,1,11,82.0,84.0,81.0,82.0,86.0,86.0,84.0,84.0,80.0,80.0,79.0,79.0,81.0,90,90,91,91,90,89.0,88,86,87,90,1.0,0.0,0.0,0.0,0.0,0.0,0.0,0.0,0.0,0.0,1.0,1.0,0.0,0.0,0.0,0.0,66.82
BES25-024,1,12,83.0,83.0,83.0,84.0,77.0,76.0,75.0,77.0,81.0,77.0,76.0,78.0,78.0,87,86,88,83,86,88.0,88,87,89,87,1.0,0.0,0.0,0.0,0.0,1.0,0.0,0.0,0.0,0.0,0.0,1.0,0.0,0.0,0.0,0.0,80.54
UICS25-314,1,11,83.0,82.0,82.0,83.0,88.0,87.0,88.0,89.0,87.0,86.0,87.0,87.0,88.0,84,83,82,88,85,85.0,85,84,84,84,1.0,0.0,0.0,0.0,0.0,0.0,0.0,0.0,0.0,0.0,1.0,1.0,0.0,0.0,0.0,0.0,66.82
UISC25-108,1,11,88.0,87.0,86.0,85.0,88.0,87.0,88.0,87.0,88.0,87.0,87.0,88.0,87.0,90,89,89,87,89,90.0,91,91,90,90,1.0,0.0,0.0,0.0,0.0,1.0,0.0,0.0,0.0,0.0,0.0,1.0,0.0,0.0,0.0,0.0,72.08
UICS24-050,0,14,87.0,85.0,87.0,87.0,86.0,85.0,86.0,86.0,84.0,84.0,83.0,83.0,82.0,84,84,84,85,85,86.0,84,84,86,87,1.0,0.0,0.0,0.0,0.0,1.0,0.0,0.0,0.0,0.0,0.0,1.0,0.0,0.0,0.0,0.0,74.03
UICS25-132,1,11,85.0,84.0,85.0,85.0,88.0,86.0,87.0,88.0,88.0,86.0,86.0,87.0,88.0,84,84,85,83,84,88.0,87,86,88,88,0.0,1.0,0.0,0.0,0.0,0.0,0.0,0.0,0.0,0.0,1.0,1.0,0.0,0.0,0.0,0.0,66.82
UICS25-115,1,11,92.0,94.0,93.0,92.0,89.0,87.0,87.0,89.0,86.0,85.0,85.0,85.0,86.0,86,85,86,84,83,83.0,82,81,82,80,1.0,0.0,0.0,0.0,0.0,0.0,0.0,0.0,0.0,0.0,1.0,1.0,0.0,0.0,0.0,0.0,66.82
BES25-042,1,11,76.0,75.0,75.0,77.0,79.0,82.0,82.0,80.0,86.0,85.0,86.0,86.0,88.0,86,85,83,85,85,88.0,84,87,87,86,1.0,0.0,0.0,0.0,0.0,1.0,0.0,0.0,0.0,0.0,0.0,1.0,0.0,0.0,0.0,0.0,80.54
LANES25-046,1,12,85.0,84.0,86.0,85.0,89.0,88.0,88.0,88.0,88.0,88.0,88.0,88.0,88.0,89,86,91,88,89,88.0,89,89,88,90,0.0,1.0,0.0,0.0,0.0,1.0,0.0,0.0,0.0,0.0,0.0,0.0,0.0,1.0,0.0,0.0,62.7
UICS25-302,1,12,86.0,78.0,82.0,80.0,86.0,85.0,84.0,84.0,84.0,84.0,82.0,82.0,83.0,86,86,87,86,87,86.0,86,86,86,86,1.0,0.0,0.0,0.0,0.0,0.0,0.0,0.0,0.0,0.0,1.0,1.0,0.0,0.0,0.0,0.0,66.82
UISC25-100,1,12,95.0,95.0,94.0,93.0,89.0,89.0,90.0,90.0,89.0,89.0,87.0,87.0,88.0,89,91,89,90,89,89.0,89,86,90,91,1.0,0.0,0.0,0.0,0.0,0.0,0.0,0.0,0.0,0.0,1.0,1.0,0.0,0.0,0.0,0.0,72.08
UICS25-173,1,12,75.0,75.0,75.0,75.0,76.0,76.0,75.0,76.0,77.0,77.0,77.0,78.0,79.0,80,79,79,78,77,80.0,80,80,79,81,0.0,1.0,0.0,0.0,0.0,1.0,0.0,0.0,0.0,0.0,0.0,1.0,0.0,0.0,0.0,0.0,66.82
UISC25-064,1,12,88.0,89.0,88.0,91.0,95.0,94.0,94.0,95.0,93.0,93.0,94.0,94.0,95.0,91,91,89,88,89,91.0,91,90,88,88,1.0,0.0,0.0,0.0,0.0,0.0,0.0,0.0,0.0,0.0,1.0,1.0,0.0,0.0,0.0,0.0,72.08
UICS25-023,1,11,90.0,89.0,91.0,89.0,89.0,89.0,90.0,88.0,86.0,85.0,85.0,85.0,86.0,87,87,88,86,86,86.0,89,90,89,90,1.0,0.0,0.0,0.0,0.0,1.0,0.0,0.0,0.0,0.0,0.0,1.0,0.0,0.0,0.0,0.0,66.82
BES25-075,1,11,75.0,75.0,75.0,75.0,75.0,76.0,75.0,77.0,77.0,76.0,76.0,77.0,78.0,75,75,75,75,75,79.0,79,79,79,79,1.0,0.0,0.0,0.0,0.0,1.0,0.0,0.0,0.0,0.0,0.0,1.0,0.0,0.0,0.0,0.0,80.54
UICS24-012,0,11,86.0,84.0,85.0,84.0,87.0,86.0,86.0,87.0,86.0,84.0,84.0,85.0,85.0,86,86,84,84,85,91.0,90,89,90,90,0.0,1.0,0.0,0.0,0.0,1.0,0.0,0.0,0.0,0.0,0.0,0.0,0.0,1.0,0.0,0.0,74.03
UICS24-069,0,12,78.0,77.0,78.0,77.0,77.0,77.0,77.0,79.0,78.0,77.0,77.0,77.0,77.0,78,77,76,78,78,80.0,80,79,80,81,0.0,1.0,0.0,0.0,0.0,0.0,0.0,0.0,0.0,1.0,0.0,1.0,0.0,0.0,0.0,0.0,74.03
LANES25-141,1,11,87.0,85.0,87.0,87.0,87.0,87.0,87.0,87.0,90.0,90.0,90.0,90.0,90.0,88,89,87,88,88,87.0,80,88,87,87,1.0,0.0,0.0,0.0,0.0,1.0,0.0,0.0,0.0,0.0,0.0,1.0,0.0,0.0,0.0,0.0,62.7
UICS25-050,1,11,90.0,94.0,90.0,90.0,89.0,88.0,87.0,87.0,85.0,86.0,85.0,84.0,84.0,90,90,90,90,90,88.0,88,88,88,87,0.0,1.0,0.0,0.0,0.0,0.0,0.0,1.0,0.0,0.0,0.0,1.0,0.0,0.0,0.0,0.0,66.82
BES25-210,1,11,90.0,89.0,88.0,90.0,86.0,87.0,87.0,87.0,87.0,86.0,86.0,86.0,87.0,83,83,83,83,83,86.0,84,84,84,84,0.0,1.0,0.0,0.0,0.0,1.0,0.0,0.0,0.0,0.0,0.0,1.0,0.0,0.0,0.0,0.0,80.54
UICS25-013,1,11,90.0,91.0,90.0,89.0,90.0,89.0,89.0,88.0,87.0,87.0,88.0,88.0,88.0,91,92,91,93,91,91.0,89,89,89,89,1.0,0.0,0.0,0.0,0.0,0.0,0.0,0.0,0.0,0.0,1.0,1.0,0.0,0.0,0.0,0.0,66.82
NAN25-029,1,11,85.0,85.0,85.0,87.0,86.0,86.0,86.0,86.0,90.0,88.0,88.0,89.0,89.0,89,89,89,90,89,92.0,92,92,93,92,0.0,1.0,0.0,0.0,0.0,1.0,0.0,0.0,0.0,0.0,0.0,1.0,0.0,0.0,0.0,0.0,58.64
UISC25-017,1,11,92.0,90.0,91.0,92.0,92.0,90.0,91.0,91.0,93.0,92.0,92.0,93.0,93.0,95,95,94,93,94,94.0,94,93,93,93,1.0,0.0,0.0,0.0,0.0,0.0,0.0,0.0,0.0,0.0,1.0,1.0,0.0,0.0,0.0,0.0,72.08
NAN25-009,1,11,89.0,84.0,86.0,87.0,90.0,90.0,92.0,92.0,90.0,91.0,90.0,91.0,91.0,92,92,91,92,92,94.0,95,94,93,92,1.0,0.0,0.0,0.0,0.0,1.0,0.0,0.0,0.0,0.0,0.0,1.0,0.0,0.0,0.0,0.0,58.64
LANES25-025,1,12,87.0,88.0,86.0,88.0,87.0,86.0,87.0,87.0,90.0,90.0,90.0,90.0,90.0,93,89,91,91,91,90.0,90,90,90,90,0.0,1.0,0.0,0.0,0.0,1.0,0.0,0.0,0.0,0.0,0.0,1.0,0.0,0.0,0.0,0.0,62.7
UICS25-369,1,11,78.0,76.0,78.0,78.0,75.0,75.0,75.0,75.0,78.0,78.0,78.0,78.0,78.0,80,78,78,79,80,78.0,78,78,78,79,1.0,0.0,0.0,0.0,0.0,1.0,0.0,0.0,0.0,0.0,0.0,1.0,0.0,0.0,0.0,0.0,66.82
UICS25-367,1,11,77.0,77.0,77.0,78.0,78.0,78.0,78.0,79.0,79.0,79.0,79.0,78.0,79.0,78,77,77,77,79,76.0,76,76,76,78,0.0,1.0,0.0,0.0,0.0,0.0,0.0,0.0,0.0,0.0,1.0,1.0,0.0,0.0,0.0,0.0,66.82
LANES25-101,1,12,87.0,85.0,87.0,87.0,87.0,86.0,85.0,85.0,87.0,86.0,86.0,87.0,87.0,88,87,89,87,86,86.0,87,87,88,88,1.0,0.0,0.0,0.0,0.0,1.0,0.0,0.0,0.0,0.0,0.0,0.0,0.0,0.0,0.0,1.0,62.7
BES25-088,1,14,76.0,75.0,75.0,75.0,77.0,77.0,78.0,77.0,79.0,78.0,78.0,78.0,79.0,76,75,76,76,78,75.0,75,75,75,76,0.0,1.0,0.0,0.0,0.0,1.0,0.0,0.0,0.0,0.0,0.0,1.0,0.0,0.0,0.0,0.0,80.54
UICS25-140,1,11,78.0,85.0,79.0,87.0,87.0,84.0,86.0,87.0,83.0,86.0,87.0,85.0,86.0,82,78,76,78,83,77.0,77,76,76,77,0.0,1.0,0.0,0.0,0.0,1.0,0.0,0.0,0.0,0.0,0.0,1.0,0.0,0.0,0.0,0.0,66.82
LANES25-089,1,11,79.0,79.0,77.0,78.0,82.0,81.0,81.0,82.0,82.0,82.0,80.0,82.0,83.0,80,80,80,80,81,78.0,75,79,77,80,0.0,1.0,0.0,0.0,0.0,1.0,0.0,0.0,0.0,0.0,0.0,1.0,0.0,0.0,0.0,0.0,62.7
BES25-115,1,11,76.0,76.0,76.0,78.0,84.0,84.0,85.0,84.0,82.0,81.0,81.0,80.0,80.0,81,79,75,76,79,80.0,79,76,80,78,1.0,0.0,0.0,0.0,0.0,1.0,0.0,0.0,0.0,0.0,0.0,1.0,0.0,0.0,0.0,0.0,80.54
LANES25-056,1,12,77.0,76.0,78.0,79.0,79.0,78.0,79.0,79.0,80.0,78.0,80.0,78.0,78.0,80,78,78,80,80,81.0,81,82,81,82,0.0,1.0,0.0,0.0,0.0,1.0,0.0,0.0,0.0,0.0,0.0,1.0,0.0,0.0,0.0,0.0,62.7
BES25-090,1,11,75.0,75.0,75.0,75.0,84.0,81.0,82.0,85.0,80.0,79.0,79.0,78.0,78.0,76,75,76,75,76,76.0,76,76,76,76,0.0,1.0,0.0,0.0,0.0,1.0,0.0,0.0,0.0,0.0,0.0,1.0,0.0,0.0,0.0,0.0,80.54
UICS25-065,1,11,94.0,93.0,91.0,95.0,92.0,90.0,90.0,91.0,93.0,93.0,93.0,93.0,92.0,88,89,88,86,88,91.0,90,91,90,90,0.0,1.0,0.0,0.0,0.0,0.0,0.0,0.0,0.0,0.0,1.0,1.0,0.0,0.0,0.0,0.0,66.82
UISC25-016,1,11,89.0,87.0,89.0,90.0,89.0,92.0,89.0,90.0,93.0,93.0,92.0,92.0,93.0,91,94,92,91,91,89.0,92,87,92,90,0.0,1.0,0.0,0.0,0.0,0.0,0.0,0.0,0.0,0.0,1.0,1.0,0.0,0.0,0.0,0.0,72.08
UICS24-019,0,12,86.0,86.0,85.0,85.0,84.0,83.0,84.0,84.0,84.0,84.0,85.0,84.0,84.0,84,83,82,83,83,84.0,84,85,85,85,0.0,1.0,0.0,0.0,0.0,1.0,0.0,0.0,0.0,0.0,0.0,1.0,0.0,0.0,0.0,0.0,74.03
BES24-025,0,11,80.0,79.0,80.0,80.0,82.0,80.0,80.0,82.0,82.0,80.0,81.0,80.0,82.0,82,84,84,81,83,86.0,82,84,84,85,1.0,0.0,0.0,0.0,0.0,1.0,0.0,0.0,0.0,0.0,0.0,1.0,0.0,0.0,0.0,0.0,75.7
UISC25-051,1,11,88.0,89.0,87.0,92.0,94.0,95.0,94.0,93.0,94.0,95.0,94.0,95.0,95.0,91,88,89,88,90,91.0,91,90,90,88,0.0,1.0,0.0,0.0,0.0,0.0,0.0,0.0,0.0,0.0,1.0,1.0,0.0,0.0,0.0,0.0,72.08
LANES25-081,1,11,82.0,84.0,82.0,85.0,91.0,90.0,90.0,90.0,90.0,90.0,90.0,90.0,90.0,88,86,87,87,87,86.0,85,84,85,86,1.0,0.0,0.0,0.0,0.0,1.0,0.0,0.0,0.0,0.0,0.0,1.0,0.0,0.0,0.0,0.0,62.7
NAN24-004,0,11,89.0,83.0,87.0,89.0,82.0,81.0,82.0,80.0,79.0,77.0,77.0,78.0,79.0,76,76,75,75,76,88.0,87,86,87,87,0.0,1.0,0.0,0.0,0.0,1.0,0.0,0.0,0.0,0.0,0.0,1.0,0.0,0.0,0.0,0.0,65.57
DCBMES25-017,1,11,85.0,82.0,82.0,82.0,84.0,83.0,82.0,84.0,84.0,82.0,82.0,83.0,83.0,88,87,83,87,86,87.0,86,87,87,86,1.0,0.0,0.0,0.0,0.0,1.0,0.0,0.0,0.0,0.0,0.0,1.0,0.0,0.0,0.0,0.0,33.59
UICS25-234,1,11,87.0,88.0,87.0,87.0,87.0,86.0,86.0,86.0,84.91689751,86.0,86.0,85.0,85.0,86,85,85,84,86,84.0,86,89,88,87,1.0,0.0,0.0,0.0,0.0,0.0,0.0,0.0,0.0,0.0,1.0,1.0,0.0,0.0,0.0,0.0,66.82
BES25-079,1,11,81.0,80.0,78.0,80.0,79.0,79.0,81.0,79.0,77.0,77.0,77.0,77.0,77.0,82,82,82,82,83,78.0,78,78,78,78,1.0,0.0,0.0,0.0,0.0,1.0,0.0,0.0,0.0,0.0,0.0,1.0,0.0,0.0,0.0,0.0,80.54
UICS25-139,1,12,78.0,78.0,78.0,78.0,79.0,78.0,78.0,79.0,79.0,77.0,76.0,77.0,78.0,81,80,79,79,79,80.0,79,79,79,80,0.0,1.0,0.0,0.0,0.0,0.0,0.0,0.0,0.0,0.0,1.0,0.0,0.0,0.0,1.0,0.0,66.82
UISC24-026,0,11,87.0,91.0,87.0,87.0,88.0,85.0,89.0,87.0,88.0,86.0,87.0,89.0,93.0,95,94,93,91,91,92.0,93,93,91,91,0.0,1.0,0.0,0.0,0.0,0.0,0.0,0.0,0.0,0.0,1.0,0.0,0.0,1.0,0.0,0.0,76.93
UICS25-307,1,11,90.0,90.0,90.0,90.0,90.0,89.0,89.0,89.0,87.0,87.0,88.0,86.0,87.0,85,83,83,83,84,84.0,85,83,84,83,1.0,0.0,0.0,0.0,0.0,1.0,0.0,0.0,0.0,0.0,0.0,1.0,0.0,0.0,0.0,0.0,66.82
UICS25-236,1,11,86.0,85.0,85.0,84.0,84.0,87.0,86.0,86.0,84.91689751,87.0,85.0,85.0,85.0,85,86,86,85,85,85.0,87,87,86,85,1.0,0.0,0.0,0.0,0.0,1.0,0.0,0.0,0.0,0.0,0.0,1.0,0.0,0.0,0.0,0.0,66.82
UISC25-055,1,11,89.0,90.0,88.0,91.0,92.0,93.0,93.0,93.0,92.0,93.0,93.0,93.0,94.0,92,94,88,92,90,92.0,94,93,92,92,1.0,0.0,0.0,0.0,0.0,0.0,0.0,0.0,0.0,0.0,1.0,0.0,0.0,1.0,0.0,0.0,72.08
NAN24-008,0,13,77.0,76.0,77.0,79.0,79.0,78.0,79.0,79.0,80.0,77.0,77.0,79.0,79.0,77,76,77,76,77,77.0,79,79,79,81,1.0,0.0,0.0,0.0,0.0,1.0,0.0,0.0,0.0,0.0,0.0,0.0,0.0,1.0,0.0,0.0,65.57
UISC25-056,1,11,91.0,89.0,90.0,93.0,94.0,93.0,94.0,94.0,94.0,94.0,94.0,92.0,94.0,89,89,89,88,90,91.0,89,89,88,88,0.0,1.0,0.0,0.0,0.0,0.0,0.0,0.0,0.0,0.0,1.0,1.0,0.0,0.0,0.0,0.0,72.08
UISC25-040,1,12,88.0,85.0,89.0,89.0,88.0,88.0,88.0,88.0,89.0,87.0,87.0,87.0,88.0,89,89,89,88,88,89.0,89,89,90,90,0.0,1.0,0.0,0.0,0.0,0.0,0.0,0.0,0.0,0.0,1.0,1.0,0.0,0.0,0.0,0.0,72.08
UISC25-042,1,11,94.0,94.0,93.0,94.0,95.0,96.0,95.0,95.0,95.0,96.0,94.0,95.0,95.0,95,95,96,96,95,94.0,94,95,96,93,0.0,1.0,0.0,0.0,0.0,0.0,0.0,0.0,0.0,0.0,1.0,1.0,0.0,0.0,0.0,0.0,72.08
UICS25-099,1,11,79.0,80.0,80.0,81.0,80.0,81.0,81.0,82.0,83.0,82.0,84.0,82.0,83.0,79,78,79,79,80,80.0,80,80,80,80,1.0,0.0,0.0,0.0,0.0,1.0,0.0,0.0,0.0,0.0,0.0,1.0,0.0,0.0,0.0,0.0,66.82
UICS25-145,1,11,81.0,80.0,81.0,81.0,84.0,84.0,84.0,84.0,83.0,81.0,83.0,83.0,83.0,79,78,79,78,79,81.0,81,81,82,82,0.0,1.0,0.0,0.0,0.0,1.0,0.0,0.0,0.0,0.0,0.0,1.0,0.0,0.0,0.0,0.0,66.82
BES24-010,0,11,81.0,76.0,82.0,85.0,81.0,81.0,83.0,80.0,85.0,83.0,85.0,84.0,85.0,81,81,81,81,81,82.0,82,83,81,83,0.0,1.0,0.0,0.0,0.0,1.0,0.0,0.0,0.0,0.0,0.0,1.0,0.0,0.0,0.0,0.0,75.7
LANES25-040,1,11,81.0,77.0,79.0,81.0,79.0,78.0,79.0,80.0,80.0,78.0,80.0,78.0,78.0,76,80,80,78,80,81.0,79,78,78,80,0.0,1.0,0.0,0.0,0.0,1.0,0.0,0.0,0.0,0.0,0.0,1.0,0.0,0.0,0.0,0.0,62.7
UICS24-054,0,11,88.0,86.0,88.0,87.0,88.0,87.0,88.0,87.0,86.0,86.0,84.0,87.0,88.0,85,85,84,84,85,89.0,88,89,88,85,1.0,0.0,0.0,0.0,0.0,1.0,0.0,0.0,0.0,0.0,0.0,1.0,0.0,0.0,0.0,0.0,74.03
UICS25-327,1,12,84.0,84.0,85.0,85.0,83.0,83.0,83.0,83.0,85.0,83.0,82.0,82.0,84.0,88,87,86,87,86,87.0,87,89,88,89,0.0,1.0,0.0,0.0,0.0,0.0,0.0,0.0,0.0,0.0,1.0,1.0,0.0,0.0,0.0,0.0,66.82
DAFSIS25-034,1,12,84.0,82.0,84.0,84.0,84.0,82.0,83.0,83.0,86.0,85.0,86.0,86.0,86.0,84,83,87,82,83,87.0,86,87,86,84,0.0,1.0,0.0,0.0,0.0,1.0,0.0,0.0,0.0,0.0,0.0,1.0,0.0,0.0,0.0,0.0,73.08
UICS25-084,1,11,92.0,89.0,91.0,92.0,90.0,89.0,89.0,90.0,92.0,91.0,89.0,88.0,87.0,97,96,95,94,95,93.0,95,92,93,92,1.0,0.0,0.0,0.0,0.0,1.0,0.0,0.0,0.0,0.0,0.0,1.0,0.0,0.0,0.0,0.0,66.82
UICS25-009,1,11,90.0,90.0,90.0,92.0,89.0,89.0,92.0,90.0,91.0,90.0,89.0,87.0,87.0,91,91,91,92,91,92.0,89,88,89,90,1.0,0.0,0.0,0.0,0.0,0.0,0.0,0.0,0.0,0.0,1.0,1.0,0.0,0.0,0.0,0.0,66.82
BES25-015,1,12,87.0,90.0,88.0,87.0,89.0,88.0,88.0,90.0,86.0,87.0,86.0,87.0,87.0,85,85,83,86,86,86.0,85,86,87,85,0.0,1.0,0.0,0.0,0.0,1.0,0.0,0.0,0.0,0.0,0.0,1.0,0.0,0.0,0.0,0.0,80.54
DAFSIS25-037,1,12,89.0,89.0,89.0,91.0,84.0,83.0,84.0,84.0,91.0,91.0,90.0,91.0,91.0,93,94,91,92,94,94.0,95,92,93,91,0.0,1.0,0.0,0.0,0.0,1.0,0.0,0.0,0.0,0.0,0.0,1.0,0.0,0.0,0.0,0.0,73.08
BES24-007,0,12,86.0,86.0,87.0,87.0,86.0,84.0,83.0,85.0,81.0,80.0,80.0,80.0,81.0,88,87,86,86,87,91.0,90,91,91,90,1.0,0.0,0.0,0.0,0.0,1.0,0.0,0.0,0.0,0.0,0.0,1.0,0.0,0.0,0.0,0.0,75.7
LANES25-113,1,12,87.0,86.0,85.0,85.0,90.0,86.0,87.0,89.0,84.0,85.0,84.0,84.0,83.0,90,89,86,88,88,91.0,89,89,89,89,1.0,0.0,0.0,0.0,0.0,1.0,0.0,0.0,0.0,0.0,0.0,0.0,0.0,1.0,0.0,0.0,62.7
UICS24-071,0,11,82.0,81.0,81.0,82.0,82.0,80.0,82.0,82.0,84.0,81.0,82.0,83.0,83.0,84,83,83,84,84,82.0,81,81,85,83,0.0,1.0,0.0,0.0,0.0,1.0,0.0,0.0,0.0,0.0,0.0,1.0,0.0,0.0,0.0,0.0,74.03
BES24-041,0,11,92.0,92.0,90.0,93.0,86.0,86.0,88.0,89.0,89.0,89.0,89.0,88.0,91.0,91,90,90,90,91,88.0,87,88,88,87,0.0,1.0,0.0,0.0,0.0,1.0,0.0,0.0,0.0,0.0,0.0,1.0,0.0,0.0,0.0,0.0,75.7
UICS25-255,1,11,84.0,84.0,84.0,85.0,88.0,87.0,87.0,89.0,87.0,86.0,87.0,87.0,87.0,83,80,77,83,84,82.0,81,81,81,81,1.0,0.0,0.0,0.0,0.0,0.0,0.0,0.0,0.0,0.0,1.0,1.0,0.0,0.0,0.0,0.0,66.82
UICS25-143,1,12,81.0,81.0,81.0,82.0,87.0,85.0,86.0,87.0,87.0,86.0,86.0,86.0,87.0,82,82,82,81,82,81.0,79,79,80,80,0.0,1.0,0.0,0.0,0.0,1.0,0.0,0.0,0.0,0.0,0.0,0.0,0.0,1.0,0.0,0.0,66.82
UISC25-063,1,12,92.0,95.0,93.0,94.0,96.0,95.0,95.0,95.0,94.0,94.0,94.0,94.0,95.0,92,96,91,92,91,91.0,94,93,93,89,1.0,0.0,0.0,0.0,0.0,0.0,0.0,0.0,0.0,0.0,1.0,1.0,0.0,0.0,0.0,0.0,72.08
UICS24-051,0,12,79.0,78.0,82.0,80.0,79.0,78.0,79.0,80.0,80.0,79.0,79.0,79.0,80.0,79,78,80,79,80,81.0,80,81,79,82,0.0,1.0,0.0,0.0,0.0,0.0,0.0,0.0,0.0,0.0,1.0,1.0,0.0,0.0,0.0,0.0,74.03
LANES25-121,1,11,82.0,82.0,80.0,81.0,81.0,80.0,81.0,82.0,81.0,80.0,80.0,80.0,81.0,78,77,79,77,80,81.0,80,79,79,80,0.0,1.0,0.0,0.0,0.0,1.0,0.0,0.0,0.0,0.0,0.0,0.0,0.0,0.0,0.0,1.0,62.7
UICS25-249,1,12,82.0,82.0,81.0,81.0,82.0,82.0,82.0,82.0,81.0,80.0,79.0,79.0,80.0,83,83,86,84,86,85.0,84,85,84,85,1.0,0.0,0.0,0.0,0.0,0.0,0.0,0.0,1.0,0.0,0.0,1.0,0.0,0.0,0.0,0.0,66.82
UICS25-066,1,12,94.0,89.0,93.0,91.0,93.0,92.0,92.0,92.0,91.0,90.0,90.0,90.0,92.0,91,89,88,88,88,90.0,90,91,90,90,1.0,0.0,0.0,0.0,0.0,0.0,0.0,0.0,0.0,0.0,1.0,1.0,0.0,0.0,0.0,0.0,66.82
UICS25-211,1,11,82.0,81.0,81.0,81.0,81.0,83.0,83.0,83.0,84.91689751,83.0,83.0,83.0,82.0,82,82,82,81,81,81.0,82,78,78,78,1.0,0.0,0.0,0.0,0.0,0.0,0.0,0.0,0.0,0.0,1.0,1.0,0.0,0.0,0.0,0.0,66.82
UICS25-015,1,11,78.0,76.0,77.0,80.0,83.0,82.0,83.0,83.0,83.0,82.0,81.0,80.0,83.0,83,82,82,83,83,90.0,83,84,84,85,0.0,1.0,0.0,0.0,0.0,0.0,0.0,0.0,0.0,0.0,1.0,1.0,0.0,0.0,0.0,0.0,66.82
UISC24-032,0,11,89.0,84.0,90.0,86.0,92.0,90.0,80.0,91.0,92.0,92.0,92.0,92.0,93.0,91,94,92,91,91,89.0,92,87,92,90,1.0,0.0,0.0,0.0,0.0,1.0,0.0,0.0,0.0,0.0,0.0,0.0,0.0,1.0,0.0,0.0,76.93
NAN25-043,1,11,84.0,91.0,75.0,83.0,95.0,80.0,86.0,94.0,82.0,76.0,76.0,75.0,79.0,92,80,87,92,81,81.0,84,75,77,88,1.0,0.0,0.0,0.0,0.0,0.0,0.0,0.0,0.0,0.0,1.0,0.0,1.0,0.0,0.0,0.0,58.64
UICS25-355,1,11,80.0,80.0,79.0,80.0,84.0,84.0,81.0,85.0,81.0,80.0,79.0,81.0,81.0,79,78,79,79,80,79.0,79,78,79,80,0.0,1.0,0.0,0.0,0.0,0.0,0.0,0.0,0.0,0.0,1.0,1.0,0.0,0.0,0.0,0.0,66.82
LANES24-005,0,11,85.0,83.0,82.0,85.0,81.0,79.0,79.0,80.0,87.0,86.0,86.0,87.0,87.0,86,83,84,85,85,80.0,79,79,80,80,1.0,0.0,0.0,0.0,0.0,1.0,0.0,0.0,0.0,0.0,0.0,1.0,0.0,0.0,0.0,0.0,78.31
UICS25-395,1,11,91.0,87.0,89.0,90.0,88.0,87.0,86.0,86.0,83.0,85.0,83.0,84.0,82.0,84,84,86,84,84,85.0,83,84,83,84,1.0,0.0,0.0,0.0,0.0,0.0,0.0,0.0,0.0,0.0,1.0,1.0,0.0,0.0,0.0,0.0,66.82
UICS25-276,1,11,78.0,75.0,78.0,77.0,80.0,80.0,80.0,80.0,80.0,79.0,79.0,80.0,80.0,81,80,80,81,82,75.0,75,76,75,76,1.0,0.0,0.0,0.0,0.0,0.0,0.0,0.0,0.0,0.0,1.0,0.0,0.0,0.0,1.0,0.0,66.82
UICS25-257,1,11,81.0,81.0,81.0,86.0,82.0,82.0,82.0,87.0,83.0,82.0,82.0,84.0,83.0,81,80,77,78,78,79.0,79,78,78,79,1.0,0.0,0.0,0.0,0.0,0.0,0.0,0.0,0.0,0.0,1.0,1.0,0.0,0.0,0.0,0.0,66.82
UICS24-022,0,12,81.0,82.0,81.0,81.0,81.0,80.0,81.0,80.0,80.0,79.0,79.0,80.0,80.0,77,77,77,77,77,82.0,81,81,81,83,1.0,0.0,0.0,0.0,0.0,1.0,0.0,0.0,0.0,0.0,0.0,1.0,0.0,0.0,0.0,0.0,74.03
UISC25-091,1,11,89.0,89.0,91.0,90.0,90.0,89.0,89.0,90.0,90.0,88.0,89.0,87.0,87.0,91,91,91,90,91,91.0,89,86,88,91,1.0,0.0,0.0,0.0,0.0,0.0,0.0,0.0,0.0,0.0,1.0,1.0,0.0,0.0,0.0,0.0,72.08
LANES25-145,1,12,81.0,82.0,79.0,82.0,90.0,89.0,88.0,88.0,88.0,88.0,88.0,87.0,87.0,87,84,86,85,86,86.0,85,85,85,86,0.0,1.0,0.0,0.0,0.0,1.0,0.0,0.0,0.0,0.0,0.0,1.0,0.0,0.0,0.0,0.0,62.7
LANES25-094,1,11,81.0,80.0,80.0,81.0,78.0,79.0,78.0,78.0,83.0,81.0,82.0,81.0,82.0,84,83,82,83,82,85.0,83,84,82,84,1.0,0.0,0.0,0.0,0.0,1.0,0.0,0.0,0.0,0.0,0.0,1.0,0.0,0.0,0.0,0.0,62.7
NAN25-040,1,11,83.0,82.0,83.0,83.0,83.0,82.0,83.0,83.0,84.0,78.0,80.0,78.0,82.0,86,84,86,84,85,90.0,91,92,89,89,0.0,1.0,0.0,0.0,0.0,1.0,0.0,0.0,0.0,0.0,0.0,1.0,0.0,0.0,0.0,0.0,58.64
BES25-131,1,11,79.0,80.0,79.0,79.0,77.0,77.0,77.0,77.0,77.0,77.0,78.0,76.0,78.0,81,81,81,81,81,80.0,80,81,81,81,0.0,1.0,0.0,0.0,0.0,1.0,0.0,0.0,0.0,0.0,0.0,1.0,0.0,0.0,0.0,0.0,80.54
LANES25-011,1,11,83.0,82.0,82.0,83.0,84.0,84.0,83.0,85.0,86.0,87.0,86.0,86.0,86.0,84,82,81,84,84,84.0,82,82,82,83,0.0,1.0,0.0,0.0,0.0,1.0,0.0,0.0,0.0,0.0,0.0,1.0,0.0,0.0,0.0,0.0,62.7
UICS25-007,1,11,84.0,83.0,83.0,84.0,83.0,84.0,83.0,82.0,84.0,84.0,85.0,85.0,84.0,84,83,83,82,86,86.0,86,87,86,89,1.0,0.0,0.0,0.0,0.0,1.0,0.0,0.0,0.0,0.0,0.0,1.0,0.0,0.0,0.0,0.0,66.82
DCBMES25-010,1,11,96.0,96.0,97.0,97.0,96.0,95.0,96.0,96.0,82.0,89.0,84.0,82.0,82.0,91,93,89,89,91,86.0,85,86,86,85,0.0,1.0,0.0,0.0,0.0,1.0,0.0,0.0,0.0,0.0,0.0,0.0,0.0,1.0,0.0,0.0,33.59
UISC25-102,1,12,91.0,88.0,89.0,90.0,91.0,90.0,91.0,90.0,90.0,88.0,87.0,87.0,89.0,97,96,94,93,94,95.0,94,91,94,94,1.0,0.0,0.0,0.0,0.0,0.0,0.0,0.0,0.0,0.0,1.0,1.0,0.0,0.0,0.0,0.0,72.08
BES25-093,1,13,75.0,75.0,75.0,75.0,75.0,75.0,75.0,75.0,75.0,75.0,75.0,75.0,75.0,76,76,76,76,76,75.0,75,75,75,75,0.0,1.0,0.0,0.0,0.0,1.0,0.0,0.0,0.0,0.0,0.0,1.0,0.0,0.0,0.0,0.0,80.54
BES25-183,1,11,79.0,79.0,79.0,79.0,75.0,75.0,75.0,75.0,76.0,76.0,76.0,76.0,76.0,80,79,80,79,81,84.0,82,83,83,84,1.0,0.0,0.0,0.0,0.0,1.0,0.0,0.0,0.0,0.0,0.0,1.0,0.0,0.0,0.0,0.0,80.54
NAN25-001,1,11,91.0,91.0,93.0,91.0,92.0,89.0,87.0,92.0,91.0,93.0,80.0,92.0,90.0,93,94,93,93,93,95.0,94,94,94,94,0.0,1.0,0.0,0.0,0.0,1.0,0.0,0.0,0.0,0.0,0.0,1.0,0.0,0.0,0.0,0.0,58.64
LANES25-050,1,11,89.0,89.0,89.0,88.0,84.0,83.0,83.0,83.0,84.0,83.0,83.0,85.0,84.0,83,83,82,83,83,82.0,83,83,83,83,0.0,1.0,0.0,0.0,0.0,1.0,0.0,0.0,0.0,0.0,0.0,1.0,0.0,0.0,0.0,0.0,62.7
LANES25-138,1,11,81.0,81.0,80.0,81.0,80.0,80.0,80.0,80.0,81.0,81.0,80.0,81.0,81.0,81,79,78,80,81,81.0,80,80,80,83,0.0,1.0,0.0,0.0,0.0,1.0,0.0,0.0,0.0,0.0,0.0,1.0,0.0,0.0,0.0,0.0,62.7
UICS25-010,1,11,81.0,81.0,81.0,80.0,84.0,83.0,83.0,84.0,83.0,82.0,82.0,82.0,83.0,81,80,81,81,82,82.0,89,89,89,89,0.0,1.0,0.0,0.0,0.0,0.0,0.0,0.0,0.0,0.0,1.0,1.0,0.0,0.0,0.0,0.0,66.82
UICS25-188,1,11,80.0,79.0,79.0,82.0,82.0,89.0,81.0,82.0,81.0,81.0,81.0,82.0,82.0,81,83,80,80,81,80.0,79,79,80,80,0.0,1.0,0.0,0.0,0.0,0.0,0.0,0.0,0.0,0.0,1.0,1.0,0.0,0.0,0.0,0.0,66.82
BES25-067,1,11,82.0,80.0,84.0,85.0,86.0,85.0,84.0,85.0,81.0,81.0,81.0,81.0,81.0,86,84,82,83,84,83.0,81,82,81,82,0.0,1.0,0.0,0.0,0.0,1.0,0.0,0.0,0.0,0.0,0.0,1.0,0.0,0.0,0.0,0.0,80.54
BES24-036,0,11,81.0,80.0,80.0,82.0,83.0,81.0,83.0,82.0,83.0,82.0,82.0,83.0,82.0,83,81,81,81,82,79.0,79,79,79,79,0.0,1.0,0.0,0.0,0.0,1.0,0.0,0.0,0.0,0.0,0.0,1.0,0.0,0.0,0.0,0.0,75.7
LANES25-043,1,11,90.0,92.0,90.0,92.0,92.0,93.0,92.0,92.0,90.0,90.0,90.0,90.0,90.0,93,90,92,90,92,92.0,92,92,93,92,1.0,0.0,0.0,0.0,0.0,1.0,0.0,0.0,0.0,0.0,0.0,1.0,0.0,0.0,0.0,0.0,62.7
UICS25-268,1,11,79.0,79.0,79.0,79.0,80.0,79.0,79.0,80.0,82.0,82.0,81.0,82.0,80.0,79,78,76,80,78,79.0,78,77,78,78,0.0,1.0,0.0,0.0,0.0,1.0,0.0,0.0,0.0,0.0,0.0,1.0,0.0,0.0,0.0,0.0,66.82
UICS25-280,1,11,84.0,84.0,85.0,86.0,89.0,88.0,88.0,88.0,85.0,84.0,84.0,83.0,85.0,84,82,82,83,83,84.0,85,84,84,83,0.0,1.0,0.0,0.0,0.0,1.0,0.0,0.0,0.0,0.0,0.0,1.0,0.0,0.0,0.0,0.0,66.82
DAFSIS25-035,1,12,87.0,84.0,86.0,84.0,90.0,89.0,90.0,90.0,91.0,90.0,90.0,90.0,90.0,90,90,87,89,86,91.0,93,89,92,91,0.0,1.0,0.0,0.0,0.0,1.0,0.0,0.0,0.0,0.0,0.0,1.0,0.0,0.0,0.0,0.0,73.08
NAN25-024,1,11,83.0,82.0,83.0,84.0,83.0,82.0,83.0,83.0,81.0,78.0,80.0,78.0,81.0,86,84,86,84,85,90.0,90,92,89,89,0.0,1.0,0.0,0.0,0.0,1.0,0.0,0.0,0.0,0.0,0.0,1.0,0.0,0.0,0.0,0.0,58.64
UICS25-014,1,12,82.0,82.0,82.0,82.0,81.0,81.0,80.0,80.0,83.0,83.0,82.0,83.0,83.0,85,85,86,84,84,85.0,81,81,82,82,0.0,1.0,0.0,0.0,0.0,0.0,0.0,0.0,0.0,0.0,1.0,1.0,0.0,0.0,0.0,0.0,66.82
UISC24-030,0,11,87.0,87.0,86.0,82.0,88.0,88.0,86.0,89.0,89.0,87.0,88.0,87.0,87.0,94,92,92,92,90,91.0,92,91,91,90,1.0,0.0,0.0,0.0,0.0,0.0,0.0,0.0,0.0,0.0,1.0,1.0,0.0,0.0,0.0,0.0,76.93
BES25-040,1,13,91.0,91.0,92.0,91.0,77.0,77.0,77.0,78.0,75.0,75.0,75.0,75.0,75.0,86,86,86,85,86,90.0,84,88,87,87,1.0,0.0,0.0,0.0,0.0,1.0,0.0,0.0,0.0,0.0,0.0,1.0,0.0,0.0,0.0,0.0,80.54
BES25-159,1,11,90.0,89.0,89.0,89.0,91.0,91.0,90.0,92.0,88.0,88.0,88.0,87.0,87.0,90,90,91,90,90,92.0,93,93,92,90,0.0,1.0,0.0,0.0,0.0,1.0,0.0,0.0,0.0,0.0,0.0,1.0,0.0,0.0,0.0,0.0,80.54
BES25-083,1,12,75.0,78.0,77.0,76.0,80.0,80.0,80.0,80.0,81.0,80.0,80.0,80.0,81.0,80,79,79,79,81,80.0,79,80,82,82,0.0,1.0,0.0,0.0,0.0,1.0,0.0,0.0,0.0,0.0,0.0,1.0,0.0,0.0,0.0,0.0,80.54
BES25-026,1,11,88.0,87.0,88.0,87.0,87.0,86.0,86.0,88.0,87.0,86.0,85.0,87.0,87.0,83,81,82,82,84,84.0,82,84,83,84,1.0,0.0,0.0,0.0,0.0,1.0,0.0,0.0,0.0,0.0,0.0,1.0,0.0,0.0,0.0,0.0,80.54
LANES24-020,0,12,90.0,90.0,89.0,91.0,86.0,83.0,85.0,84.0,85.0,84.0,85.0,83.0,85.0,84,83,84,82,83,86.0,86,86,86,85,0.0,1.0,0.0,0.0,0.0,0.0,0.0,0.0,0.0,0.0,1.0,1.0,0.0,0.0,0.0,0.0,78.31
LANES25-137,1,12,82.0,80.0,82.0,82.0,82.0,82.0,82.0,83.0,83.0,82.0,82.0,83.0,83.0,83,82,81,83,83,82.0,81,81,80,84,0.0,1.0,0.0,0.0,0.0,1.0,0.0,0.0,0.0,0.0,0.0,1.0,0.0,0.0,0.0,0.0,62.7
LANES25-014,1,11,92.0,92.0,92.0,92.0,91.0,91.0,92.0,88.0,91.0,88.0,90.0,90.0,89.0,89,90,88,90,92,84.65789474,90,89,89,91,0.0,1.0,0.0,0.0,0.0,1.0,0.0,0.0,0.0,0.0,0.0,1.0,0.0,0.0,0.0,0.0,62.7
BES24-033,0,11,75.0,75.0,75.0,75.0,78.0,76.0,77.0,77.0,78.0,76.0,77.0,77.0,76.0,81,81,81,81,81,75.0,75,75,75,75,1.0,0.0,0.0,0.0,0.0,1.0,0.0,0.0,0.0,0.0,0.0,1.0,0.0,0.0,0.0,0.0,75.7
UICS25-301,1,12,85.0,86.0,84.0,84.0,86.0,84.0,84.0,87.0,85.0,83.0,83.0,85.0,86.0,84,84,84,84,84,86.0,84,84,84,84,1.0,0.0,0.0,0.0,0.0,0.0,0.0,0.0,0.0,0.0,1.0,0.0,0.0,0.0,0.0,1.0,66.82
NAN25-071,1,14,83.0,95.0,95.0,75.0,95.0,92.0,88.0,88.0,92.0,89.0,75.0,83.0,77.0,75,84,88,83,76,87.0,77,75,82,80,0.0,1.0,0.0,0.0,0.0,1.0,0.0,0.0,0.0,0.0,0.0,1.0,0.0,0.0,0.0,0.0,58.64
UICS25-328,1,12,87.0,84.0,88.0,88.0,88.0,88.0,88.0,88.0,89.0,88.0,89.0,87.0,87.0,88,88,89,88,87,92.0,92,92,91,92,1.0,0.0,0.0,0.0,0.0,1.0,0.0,0.0,0.0,0.0,0.0,1.0,0.0,0.0,0.0,0.0,66.82
UICS25-289,1,11,88.0,88.0,88.0,90.0,87.0,89.0,88.0,86.0,89.0,85.0,85.0,85.0,85.0,82,81,78,84,86,81.0,80,80,80,81,1.0,0.0,0.0,0.0,0.0,0.0,0.0,0.0,0.0,0.0,1.0,1.0,0.0,0.0,0.0,0.0,66.82
UISC24-020,0,12,90.0,88.0,89.0,91.0,91.0,91.0,91.0,91.0,92.0,92.0,93.0,93.0,93.0,91,95,93,96,93,92.0,93,93,91,90,1.0,0.0,0.0,0.0,0.0,1.0,0.0,0.0,0.0,0.0,0.0,1.0,0.0,0.0,0.0,0.0,76.93
BES25-080,1,11,81.0,79.0,79.0,81.0,75.0,75.0,76.0,76.0,76.0,76.0,76.0,76.0,76.0,78,78,78,78,76,77.0,77,77,77,77,1.0,0.0,0.0,0.0,0.0,1.0,0.0,0.0,0.0,0.0,0.0,1.0,0.0,0.0,0.0,0.0,80.54
UICS25-309,1,11,91.0,91.0,89.0,88.0,89.0,89.0,88.0,87.0,87.0,86.0,86.0,86.0,86.0,91,91,91,92,92,90.0,90,89,90,90,1.0,0.0,0.0,0.0,0.0,0.0,0.0,0.0,0.0,0.0,1.0,1.0,0.0,0.0,0.0,0.0,66.82
UICS25-218,1,11,80.0,83.0,85.0,84.0,84.0,92.0,89.0,92.0,84.91689751,90.0,87.0,86.0,88.0,90,89,83,82,82,82.0,84,81,81,81,1.0,0.0,0.0,0.0,0.0,1.0,0.0,0.0,0.0,0.0,0.0,1.0,0.0,0.0,0.0,0.0,66.82
UICS24-044,0,12,88.0,90.0,86.0,88.0,88.0,89.0,87.0,89.0,89.0,89.0,87.0,87.0,88.0,92,92,90,90,90,87.0,86,85,85,83,1.0,0.0,0.0,0.0,0.0,1.0,0.0,0.0,0.0,0.0,0.0,0.0,0.0,1.0,0.0,0.0,74.03
BES24-001,0,11,81.0,79.0,80.0,86.0,83.0,81.0,81.0,83.0,82.0,82.0,82.0,81.0,81.0,84,83,83,82,82,86.0,82,85,84,86,0.0,1.0,0.0,0.0,0.0,1.0,0.0,0.0,0.0,0.0,0.0,1.0,0.0,0.0,0.0,0.0,75.7
UICS25-058,1,11,89.0,89.0,89.0,91.0,90.0,89.0,89.0,90.0,89.0,88.0,88.0,87.0,87.0,88,88,88,86,86,86.0,86,86,87,87,1.0,0.0,0.0,0.0,0.0,0.0,0.0,0.0,0.0,0.0,1.0,1.0,0.0,0.0,0.0,0.0,66.82
DCBMES25-002,1,12,87.0,86.0,86.0,87.0,82.0,78.0,82.0,81.0,80.0,81.0,81.0,80.0,80.0,90,87,83,89,88,88.0,87,88,87,87,0.0,1.0,0.0,0.0,0.0,1.0,0.0,0.0,0.0,0.0,0.0,1.0,0.0,0.0,0.0,0.0,33.59
UICS25-290,1,13,76.0,77.0,76.0,76.0,81.0,80.0,80.0,81.0,77.0,76.0,76.0,77.0,77.0,81,81,81,81,85,87.0,86,80,83,86,0.0,1.0,0.0,0.0,0.0,0.0,0.0,0.0,0.0,0.0,1.0,1.0,0.0,0.0,0.0,0.0,66.82
UICS25-337,1,12,81.0,80.0,84.0,83.0,83.0,83.0,85.0,83.0,83.0,82.0,83.0,82.0,83.0,87,87,88,86,86,86.0,88,88,86,86,1.0,0.0,0.0,0.0,0.0,0.0,0.0,0.0,0.0,0.0,1.0,1.0,0.0,0.0,0.0,0.0,66.82
UICS25-194,1,11,85.0,83.0,85.0,84.0,86.0,90.0,84.0,85.0,83.0,82.0,82.0,82.0,83.0,83,82,84,82,83,81.0,81,80,80,81,0.0,1.0,0.0,0.0,0.0,0.0,0.0,0.0,0.0,0.0,1.0,1.0,0.0,0.0,0.0,0.0,66.82
LANES25-132,1,11,82.0,81.0,83.0,83.0,82.0,82.0,82.0,82.0,85.0,85.0,85.0,85.0,85.0,84,82,81,84,84,84.0,85,83,85,85,1.0,0.0,0.0,0.0,0.0,1.0,0.0,0.0,0.0,0.0,0.0,1.0,0.0,0.0,0.0,0.0,62.7
NAN25-057,1,14,88.0,76.0,85.0,76.0,83.0,88.0,91.0,95.0,94.0,84.0,83.0,75.0,93.0,81,76,82,76,84,82.0,88,80,84,87,0.0,1.0,0.0,0.0,0.0,0.0,0.0,0.0,0.0,0.0,1.0,1.0,0.0,0.0,0.0,0.0,58.64
UISC25-081,1,11,98.0,97.0,98.0,97.0,92.0,91.0,91.0,92.0,90.0,93.0,93.0,93.0,92.0,87,94,93,91,89,91.0,90,92,90,90,0.0,1.0,0.0,0.0,0.0,0.0,0.0,0.0,0.0,0.0,1.0,1.0,0.0,0.0,0.0,0.0,72.08
BES25-124,1,11,81.0,80.0,80.0,79.0,80.0,80.0,80.0,80.0,77.0,77.0,77.0,77.0,77.0,80,78,77,77,80,79.0,78,78,78,79,0.0,1.0,0.0,0.0,0.0,1.0,0.0,0.0,0.0,0.0,0.0,1.0,0.0,0.0,0.0,0.0,80.54
UICS25-313,1,11,85.0,82.0,84.0,87.0,88.0,88.0,89.0,89.0,87.0,88.0,88.0,87.0,87.0,85,81,85,85,85,88.0,88,90,89,89,1.0,0.0,0.0,0.0,0.0,0.0,0.0,0.0,0.0,0.0,1.0,1.0,0.0,0.0,0.0,0.0,66.82
UISC25-119,1,11,94.0,94.0,93.0,95.0,95.0,94.0,95.0,96.0,94.0,95.0,95.0,94.0,94.0,96,96,95,96,96,93.0,94,94,96,93,0.0,1.0,0.0,0.0,0.0,0.0,0.0,0.0,0.0,0.0,1.0,0.0,0.0,1.0,0.0,0.0,72.08
UICS24-042,0,11,86.0,85.0,87.0,86.0,87.0,86.0,86.0,86.0,85.0,84.0,85.0,84.0,85.0,86,85,85,85,86,85.0,86,84,84,84,1.0,0.0,0.0,0.0,0.0,1.0,0.0,0.0,0.0,0.0,0.0,1.0,0.0,0.0,0.0,0.0,74.03
UICS25-059,1,11,90.0,91.0,88.0,87.0,89.0,88.0,86.0,85.0,87.0,87.0,87.0,86.0,86.0,91,92,91,91,91,91.0,90,86,88,90,1.0,0.0,0.0,0.0,0.0,0.0,0.0,0.0,0.0,0.0,1.0,1.0,0.0,0.0,0.0,0.0,66.82
UISC25-007,1,11,94.0,94.0,94.0,94.0,94.0,94.0,94.0,93.0,93.0,94.0,93.0,93.0,92.0,93,94,95,94,93,93.0,92,93,92,90,1.0,0.0,0.0,0.0,0.0,0.0,0.0,0.0,0.0,0.0,1.0,1.0,0.0,0.0,0.0,0.0,72.08
BES25-034,1,12,91.0,87.0,89.0,90.0,84.0,82.0,83.0,84.0,81.0,81.0,81.0,81.0,81.0,85,84,85,83,85,87.0,84,86,86,85,1.0,0.0,0.0,0.0,0.0,1.0,0.0,0.0,0.0,0.0,0.0,1.0,0.0,0.0,0.0,0.0,80.54
UICS25-088,1,12,90.0,90.0,90.0,90.0,91.0,89.0,91.0,90.0,87.0,87.0,88.0,87.0,87.0,91,92,91,92,91,89.0,89,90,89,93,1.0,0.0,0.0,0.0,0.0,0.0,0.0,0.0,0.0,0.0,1.0,1.0,0.0,0.0,0.0,0.0,66.82
BES25-013,1,11,86.0,86.0,86.0,86.0,92.0,92.0,92.0,91.0,92.0,92.0,91.0,92.0,92.0,92,89,94,91,89,90.0,89,91,90,89,0.0,1.0,0.0,0.0,0.0,0.0,0.0,0.0,0.0,0.0,1.0,1.0,0.0,0.0,0.0,0.0,80.54
BES24-044,0,11,88.0,88.0,87.0,87.0,86.0,86.0,85.0,88.0,86.0,86.0,85.0,84.0,86.0,88,87,87,88,87,88.0,90,90,88,87,1.0,0.0,0.0,0.0,0.0,1.0,0.0,0.0,0.0,0.0,0.0,1.0,0.0,0.0,0.0,0.0,75.7
BES25-108,1,11,84.0,82.0,86.0,83.0,83.0,83.0,83.0,84.0,82.0,82.0,81.0,82.0,82.0,81,80,80,80,82,87.0,86,87,87,86,1.0,0.0,0.0,0.0,0.0,1.0,0.0,0.0,0.0,0.0,0.0,0.0,0.0,1.0,0.0,0.0,80.54
LANES25-147,1,12,85.0,85.0,81.0,84.0,77.0,77.0,77.0,77.0,79.0,77.0,79.0,78.0,77.0,81,82,76,79,82,83.0,82,84,83,82,0.0,1.0,0.0,0.0,0.0,1.0,0.0,0.0,0.0,0.0,0.0,1.0,0.0,0.0,0.0,0.0,62.7
NAN25-015,1,11,89.0,88.0,89.0,89.0,85.0,85.0,85.0,84.0,80.0,81.0,78.0,77.0,80.0,86,86,86,93,87,88.0,88,88,88,87,1.0,0.0,0.0,0.0,0.0,1.0,0.0,0.0,0.0,0.0,0.0,0.0,0.0,1.0,0.0,0.0,58.64
UICS25-101,1,12,79.0,78.0,78.0,77.0,77.0,76.0,77.0,79.0,82.0,81.0,81.0,81.0,82.0,84,83,81,79,83,81.0,81,81,82,82,0.0,1.0,0.0,0.0,0.0,0.0,0.0,0.0,0.0,0.0,1.0,1.0,0.0,0.0,0.0,0.0,66.82
LANES25-139,1,11,76.0,78.0,76.0,77.0,86.0,85.0,88.0,86.0,89.0,89.0,89.0,89.0,89.0,87,84,85,86,85,84.0,86,86,85,85,0.0,1.0,0.0,0.0,0.0,1.0,0.0,0.0,0.0,0.0,0.0,0.0,0.0,1.0,0.0,0.0,62.7
UISC25-109,1,11,79.0,79.0,79.0,80.0,84.0,83.0,83.0,85.0,84.0,86.0,83.0,84.0,84.0,87,90,89,86,89,90.0,90,88,89,89,1.0,0.0,0.0,0.0,0.0,0.0,0.0,0.0,0.0,0.0,1.0,1.0,0.0,0.0,0.0,0.0,72.08
DAPSMECSE25-012,1,11,76.0,75.0,76.0,76.0,79.0,79.0,78.0,83.0,83.0,84.0,84.0,86.0,84.0,80,79,79,79,80,83.0,81,82,80,84,1.0,0.0,0.0,0.0,0.0,1.0,0.0,0.0,0.0,0.0,0.0,1.0,0.0,0.0,0.0,0.0,75.71
NAN25-016,1,11,88.0,89.0,88.0,87.0,90.0,88.0,89.0,91.0,92.0,92.0,91.0,91.0,92.0,91,90,89,90,90,95.0,92,91,91,91,1.0,0.0,0.0,0.0,0.0,1.0,0.0,0.0,0.0,0.0,0.0,1.0,0.0,0.0,0.0,0.0,58.64
LANES25-133,1,12,87.0,86.0,82.0,84.0,87.0,86.0,88.0,86.0,86.0,86.0,85.0,85.0,86.0,86,83,83,85,85,90.0,89,90,90,92,1.0,0.0,0.0,0.0,0.0,1.0,0.0,0.0,0.0,0.0,0.0,0.0,0.0,0.0,0.0,1.0,62.7
UICS25-298,1,12,87.0,87.0,89.0,89.0,90.0,89.0,89.0,89.0,87.0,86.0,87.0,86.0,86.0,82,81,80,80,80,84.0,82,82,82,83,0.0,1.0,0.0,0.0,0.0,0.0,0.0,0.0,0.0,0.0,1.0,1.0,0.0,0.0,0.0,0.0,66.82
DCBMES25-013,1,11,87.0,85.0,85.0,85.0,92.0,90.0,89.0,91.0,89.0,89.0,89.0,90.0,90.0,88,89,87,90,89,91.0,91,92,91,90,1.0,0.0,0.0,0.0,0.0,1.0,0.0,0.0,0.0,0.0,0.0,1.0,0.0,0.0,0.0,0.0,33.59
LANES25-128,1,11,80.0,79.0,81.0,82.0,77.0,76.0,77.0,78.0,80.0,79.0,79.0,78.0,78.0,80,80,81,77,80,81.0,79,79,79,81,0.0,1.0,0.0,0.0,0.0,1.0,0.0,0.0,0.0,0.0,0.0,1.0,0.0,0.0,0.0,0.0,62.7
DAPSMECSE25-011,1,12,88.0,88.0,86.0,87.0,88.0,88.0,88.0,87.0,95.0,87.0,87.0,89.0,89.0,88,88,87,87,87,90.0,89,86,90,88,1.0,0.0,0.0,0.0,0.0,1.0,0.0,0.0,0.0,0.0,0.0,1.0,0.0,0.0,0.0,0.0,75.71
UICS25-209,1,11,88.0,88.0,88.0,87.0,87.0,84.0,84.0,83.0,84.91689751,83.0,85.0,84.0,86.0,84,84,80,80,80,80.0,81,86,82,81,1.0,0.0,0.0,0.0,0.0,1.0,0.0,0.0,0.0,0.0,0.0,1.0,0.0,0.0,0.0,0.0,66.82
UICS25-079,1,12,83.90609137,82.97468354,83.60759494,84.18387909,91.0,90.0,90.0,90.0,93.0,92.0,91.0,91.0,92.0,91,90,87,87,87,89.0,90,89,89,90,0.0,1.0,0.0,0.0,0.0,0.0,0.0,0.0,0.0,0.0,1.0,0.0,0.0,1.0,0.0,0.0,66.82
LANES24-014,0,13,83.0,82.0,84.0,85.0,88.0,87.0,88.0,86.0,87.0,83.0,84.0,84.0,84.0,85,84,84,84,84,87.0,87,87,87,86,1.0,0.0,0.0,0.0,0.0,1.0,0.0,0.0,0.0,0.0,0.0,1.0,0.0,0.0,0.0,0.0,78.31
NAN25-056,1,11,81.0,81.0,76.0,77.0,84.0,75.0,84.0,89.0,88.0,90.0,83.0,75.0,81.0,88,91,82,94,91,87.0,75,94,91,81,1.0,0.0,0.0,0.0,0.0,0.0,0.0,0.0,0.0,0.0,1.0,1.0,0.0,0.0,0.0,0.0,58.64
BES24-026,0,12,81.0,80.0,83.0,86.0,83.0,82.0,82.0,84.0,82.0,82.0,84.0,81.0,83.0,84,83,84,83,85,88.0,83,84,84,84,1.0,0.0,0.0,0.0,0.0,1.0,0.0,0.0,0.0,0.0,0.0,1.0,0.0,0.0,0.0,0.0,75.7
LANES25-131,1,12,79.0,80.0,80.0,79.0,76.0,76.0,76.0,76.0,78.0,78.0,79.0,78.0,79.0,82,81,82,80,81,76.0,76,76,76,77,1.0,0.0,0.0,0.0,0.0,1.0,0.0,0.0,0.0,0.0,0.0,1.0,0.0,0.0,0.0,0.0,62.7
UICS25-229,1,13,83.90609137,82.97468354,83.60759494,92.0,92.0,89.0,91.0,91.0,84.91689751,91.0,90.0,88.0,89.0,88,91,87,85,87,81.0,89,87,89,88,1.0,0.0,0.0,0.0,0.0,0.0,0.0,0.0,1.0,0.0,0.0,1.0,0.0,0.0,0.0,0.0,66.82
UICS24-047,0,12,88.0,84.0,86.0,87.0,87.0,87.0,88.0,87.0,87.0,87.0,86.0,86.0,86.0,84,83,83,83,84,87.0,86,83,85,83,0.0,1.0,0.0,0.0,0.0,1.0,0.0,0.0,0.0,0.0,0.0,1.0,0.0,0.0,0.0,0.0,74.03
UISC25-046,1,12,93.0,92.0,91.0,95.0,96.0,95.0,95.0,94.0,95.0,95.0,95.0,95.0,96.0,95,96,93,94,95,93.0,96,94,95,92,1.0,0.0,0.0,0.0,0.0,0.0,0.0,0.0,0.0,0.0,1.0,1.0,0.0,0.0,0.0,0.0,72.08
BES25-140,1,11,78.0,83.0,76.0,77.0,76.0,76.0,76.0,76.0,76.0,76.0,76.0,76.0,76.0,81,80,80,80,80,81.0,80,81,81,81,0.0,1.0,0.0,0.0,0.0,1.0,0.0,0.0,0.0,0.0,0.0,1.0,0.0,0.0,0.0,0.0,80.54
UICS25-287,1,12,84.0,83.0,84.0,83.0,88.0,86.0,86.0,87.0,87.0,85.0,85.0,86.0,87.0,91,91,92,91,91,89.0,87,86,87,91,0.0,1.0,0.0,0.0,0.0,0.0,0.0,0.0,0.0,0.0,1.0,1.0,0.0,0.0,0.0,0.0,66.82
UICS25-082,1,11,87.0,87.0,89.0,89.0,90.0,89.0,89.0,89.0,90.0,89.0,88.0,87.0,87.0,93,93,91,89,90,92.0,92,89,91,92,1.0,0.0,0.0,0.0,0.0,0.0,0.0,0.0,0.0,0.0,1.0,1.0,0.0,0.0,0.0,0.0,66.82
DAFSIS25-008,1,11,86.0,87.0,86.0,85.0,84.0,85.0,84.0,85.0,87.0,87.0,87.0,86.0,87.0,84,84,84,83,84,82.0,83,80,82,79,0.0,1.0,0.0,0.0,0.0,1.0,0.0,0.0,0.0,0.0,0.0,1.0,0.0,0.0,0.0,0.0,73.08
UISC25-085,1,11,91.0,89.0,90.0,90.0,91.0,90.0,90.0,91.0,93.0,92.0,93.0,92.0,93.0,88,91,91,92,90,93.0,93,93,91,92,1.0,0.0,0.0,0.0,0.0,0.0,0.0,0.0,0.0,0.0,1.0,1.0,0.0,0.0,0.0,0.0,72.08
BES25-198,1,11,90.0,92.0,89.0,89.0,85.0,84.0,84.0,84.0,84.0,84.0,84.0,82.0,84.0,83,81,79,79,83,84.0,83,84,83,83,1.0,0.0,0.0,0.0,0.0,1.0,0.0,0.0,0.0,0.0,0.0,1.0,0.0,0.0,0.0,0.0,80.54
BES24-023,0,11,83.0,82.0,84.0,85.0,87.0,88.0,87.0,88.0,85.0,86.0,86.0,83.0,84.0,85,84,84,84,85,89.0,88,88,89,88,1.0,0.0,0.0,0.0,0.0,1.0,0.0,0.0,0.0,0.0,0.0,1.0,0.0,0.0,0.0,0.0,75.7
UICS25-399,1,12,78.0,78.0,78.0,79.0,85.0,84.0,83.0,84.0,82.0,81.0,81.0,81.0,83.0,84,84,86,84,84,84.0,84,82,84,84,0.0,1.0,0.0,0.0,0.0,1.0,0.0,0.0,0.0,0.0,0.0,1.0,0.0,0.0,0.0,0.0,66.82
BES25-139,1,11,77.0,75.0,76.0,77.0,79.0,79.0,79.0,79.0,77.0,76.0,76.0,76.0,76.0,79,79,79,79,79,80.0,79,80,79,80,0.0,1.0,0.0,0.0,0.0,1.0,0.0,0.0,0.0,0.0,0.0,1.0,0.0,0.0,0.0,0.0,80.54
BES25-107,1,11,91.0,92.0,90.0,91.0,87.0,88.0,88.0,89.0,87.0,87.0,87.0,87.0,87.0,87,86,87,86,87,88.0,84,89,87,87,1.0,0.0,0.0,0.0,0.0,1.0,0.0,0.0,0.0,0.0,0.0,1.0,0.0,0.0,0.0,0.0,80.54
LANES25-060,1,11,86.0,85.0,81.0,81.0,81.0,81.0,81.0,81.0,84.0,83.0,82.0,82.0,81.0,84,83,82,82,82,85.0,84,83,84,84,1.0,0.0,0.0,0.0,0.0,1.0,0.0,0.0,0.0,0.0,0.0,0.0,0.0,1.0,0.0,0.0,62.7
UICS25-378,1,12,83.0,84.0,85.0,85.0,86.0,84.0,84.0,84.0,86.0,86.0,87.0,85.0,87.0,85,83,83,83,84,82.0,82,79,80,82,0.0,1.0,0.0,0.0,0.0,0.0,0.0,0.0,0.0,1.0,0.0,1.0,0.0,0.0,0.0,0.0,66.82
BES25-119,1,11,77.0,76.0,77.0,78.0,79.0,77.0,79.0,79.0,77.0,77.0,77.0,77.0,78.0,82,82,83,82,82,81.0,80,80,81,82,1.0,0.0,0.0,0.0,0.0,1.0,0.0,0.0,0.0,0.0,0.0,1.0,0.0,0.0,0.0,0.0,80.54
BES25-072,1,11,83.0,83.0,83.0,85.0,83.0,85.0,85.0,85.0,85.0,84.0,84.0,84.0,85.0,85,83,83,83,85,83.0,82,83,82,83,1.0,0.0,0.0,0.0,0.0,1.0,0.0,0.0,0.0,0.0,0.0,1.0,0.0,0.0,0.0,0.0,80.54
DAFSIS25-036,1,12,80.0,79.0,81.0,82.0,85.0,83.0,84.0,85.0,81.0,81.0,81.0,81.0,81.0,78,78,79,77,78,81.0,80,81,79,79,0.0,1.0,0.0,0.0,0.0,1.0,0.0,0.0,0.0,0.0,0.0,1.0,0.0,0.0,0.0,0.0,73.08
BES25-213,1,11,77.0,76.0,75.0,76.0,82.0,81.0,82.0,82.0,77.0,77.0,77.0,77.0,78.0,82,80,81,82,82,82.0,81,81,82,83,0.0,1.0,0.0,0.0,0.0,1.0,0.0,0.0,0.0,0.0,0.0,1.0,0.0,0.0,0.0,0.0,80.54
NAN25-012,1,11,90.0,91.0,90.0,89.0,91.0,88.0,90.0,90.0,93.0,89.0,90.0,90.0,90.0,91,91,91,92,91,93.0,93,93,92,91,1.0,0.0,0.0,0.0,0.0,1.0,0.0,0.0,0.0,0.0,0.0,1.0,0.0,0.0,0.0,0.0,58.64
LANES25-136,1,11,91.0,92.0,92.0,92.0,92.0,92.0,92.0,93.0,90.0,90.0,90.0,90.0,90.0,92,91,91,92,90,91.0,91,91,90,92,0.0,1.0,0.0,0.0,0.0,1.0,0.0,0.0,0.0,0.0,0.0,1.0,0.0,0.0,0.0,0.0,62.7
BES24-005,0,11,80.0,80.0,80.0,80.0,78.0,77.0,77.0,78.0,82.0,82.0,82.0,83.0,83.0,83,82,81,82,82,85.0,84,84,85,83,1.0,0.0,0.0,0.0,0.0,1.0,0.0,0.0,0.0,0.0,0.0,1.0,0.0,0.0,0.0,0.0,75.7
LANES25-103,1,11,83.0,79.0,76.0,78.0,77.0,77.0,77.0,77.0,81.0,79.0,81.0,79.0,80.0,84,84,81,82,81,86.0,85,82,84,83,1.0,0.0,0.0,0.0,0.0,1.0,0.0,0.0,0.0,0.0,0.0,1.0,0.0,0.0,0.0,0.0,62.7
UICS25-051,1,12,86.0,86.0,85.0,89.0,91.0,90.0,90.0,90.0,92.0,92.0,92.0,91.0,92.0,88,86,87,85,86,90.0,90,90,89,91,1.0,0.0,0.0,0.0,0.0,0.0,0.0,0.0,0.0,0.0,1.0,1.0,0.0,0.0,0.0,0.0,66.82
UISC24-015,0,11,93.0,90.0,91.0,91.0,92.0,92.0,92.0,92.0,93.0,93.0,93.0,94.0,93.0,95,95,96,94,94,95.0,93,93,93,93,1.0,0.0,0.0,0.0,0.0,1.0,0.0,0.0,0.0,0.0,0.0,1.0,0.0,0.0,0.0,0.0,76.93
UICS24-049,0,12,81.0,80.0,80.0,80.0,84.0,82.0,82.0,83.0,84.0,82.0,82.0,84.0,84.0,82,82,82,82,81,84.0,84,84,84,84,1.0,0.0,0.0,0.0,0.0,1.0,0.0,0.0,0.0,0.0,0.0,1.0,0.0,0.0,0.0,0.0,74.03
UICS24-039,0,12,81.0,81.0,81.0,81.0,83.0,81.0,81.0,82.0,82.0,81.0,80.0,79.0,81.0,83,83,82,83,84,86.0,86,86,86,86,1.0,0.0,0.0,0.0,0.0,1.0,0.0,0.0,0.0,0.0,0.0,1.0,0.0,0.0,0.0,0.0,74.03
BES25-089,1,11,76.0,76.0,76.0,76.0,77.0,77.0,77.0,77.0,78.0,78.0,78.0,78.0,78.0,78,78,78,78,78,77.0,77,77,77,77,0.0,1.0,0.0,0.0,0.0,1.0,0.0,0.0,0.0,0.0,0.0,1.0,0.0,0.0,0.0,0.0,80.54
LANES24-016,0,11,81.0,80.0,81.0,82.0,82.0,82.0,82.0,82.0,82.0,82.0,81.0,82.0,81.0,83,83,82,83,83,86.0,84,84,84,86,1.0,0.0,0.0,0.0,0.0,1.0,0.0,0.0,0.0,0.0,0.0,1.0,0.0,0.0,0.0,0.0,78.31
DCBMES25-020,1,11,82.0,78.0,80.0,78.0,81.0,79.0,79.0,82.0,83.0,82.0,80.0,81.0,83.0,85,80,82,83,79,86.0,84,86,83,84,1.0,0.0,0.0,0.0,0.0,1.0,0.0,0.0,0.0,0.0,0.0,1.0,0.0,0.0,0.0,0.0,33.59
BES25-156,1,11,90.0,91.0,91.0,91.0,87.0,87.0,87.0,86.0,87.0,86.0,86.0,87.0,87.0,89,90,87,89,89,90.0,90,91,90,88,0.0,1.0,0.0,0.0,0.0,1.0,0.0,0.0,0.0,0.0,0.0,1.0,0.0,0.0,0.0,0.0,80.54
LANES24-028,0,11,86.0,84.0,87.0,87.0,85.0,85.0,85.0,83.0,86.0,85.0,86.0,86.0,86.0,86,85,85,87,86,87.0,86,87,87,86,0.0,1.0,0.0,0.0,0.0,1.0,0.0,0.0,0.0,0.0,0.0,1.0,0.0,0.0,0.0,0.0,78.31
UISC25-087,1,11,92.0,94.0,94.0,95.0,91.0,92.0,91.0,92.0,92.0,93.0,92.0,92.0,93.0,96,95,93,94,92,94.0,94,90,94,92,1.0,0.0,0.0,0.0,0.0,0.0,0.0,0.0,0.0,0.0,1.0,1.0,0.0,0.0,0.0,0.0,72.08
UISC24-029,0,11,92.0,89.0,81.0,87.0,87.0,90.0,89.0,91.0,93.0,92.0,92.0,93.0,93.0,91,90,89,89,90,91.0,90,89,90,90,0.0,1.0,0.0,0.0,0.0,0.0,0.0,0.0,0.0,0.0,1.0,0.0,0.0,1.0,0.0,0.0,76.93
BES24-013,0,11,81.0,81.0,80.0,81.0,78.0,76.0,76.0,77.0,83.0,83.0,81.0,80.0,82.0,85,85,83,83,85,83.0,83,84,83,83,1.0,0.0,0.0,0.0,0.0,1.0,0.0,0.0,0.0,0.0,0.0,1.0,0.0,0.0,0.0,0.0,75.7
UICS25-144,1,12,87.0,81.0,85.0,87.0,86.0,85.0,88.0,86.0,89.0,86.0,87.0,89.0,87.0,86,88,83,88,84,87.0,81,77,80,80,0.0,1.0,0.0,0.0,1.0,0.0,0.0,0.0,0.0,0.0,0.0,1.0,0.0,0.0,0.0,0.0,66.82
BES25-164,1,11,90.0,90.0,90.0,89.0,90.0,89.0,89.0,89.0,92.0,93.0,93.0,92.0,92.0,91,90,92,91,91,91.0,91,90,91,89,0.0,1.0,0.0,0.0,0.0,0.0,0.0,0.0,0.0,0.0,1.0,1.0,0.0,0.0,0.0,0.0,80.54
NAN25-020,1,12,85.0,84.0,83.0,84.0,83.0,82.0,82.0,84.0,81.0,79.0,79.0,79.0,80.0,81,80,79,79,80,87.0,86,85,86,84,1.0,0.0,0.0,0.0,0.0,1.0,0.0,0.0,0.0,0.0,0.0,1.0,0.0,0.0,0.0,0.0,58.64
LANES24-022,0,11,81.0,80.0,80.0,80.0,81.0,81.0,81.0,81.0,83.0,82.0,82.0,81.0,81.0,85,84,83,89,83,86.0,85,84,86,87,1.0,0.0,0.0,0.0,0.0,1.0,0.0,0.0,0.0,0.0,0.0,1.0,0.0,0.0,0.0,0.0,78.31
UICS25-016,1,11,87.0,86.0,85.0,83.0,86.0,85.0,84.0,83.0,84.0,84.0,83.0,83.0,84.0,86,85,84,84,85,83.0,91,89,90,90,0.0,1.0,0.0,0.0,0.0,1.0,0.0,0.0,0.0,0.0,0.0,1.0,0.0,0.0,0.0,0.0,66.82
LANES25-122,1,11,80.0,79.0,80.0,79.0,80.0,79.0,79.0,79.0,81.0,80.0,80.0,80.0,81.0,76,77,77,76,80,81.0,79,79,80,81,0.0,1.0,0.0,0.0,0.0,1.0,0.0,0.0,0.0,0.0,0.0,1.0,0.0,0.0,0.0,0.0,62.7
UICS25-380,1,11,79.0,77.0,82.0,84.0,80.0,80.0,81.0,82.0,80.0,80.0,80.0,80.0,80.0,80,79,78,79,81,80.0,79,79,79,80,0.0,1.0,0.0,0.0,0.0,0.0,0.0,0.0,0.0,0.0,1.0,1.0,0.0,0.0,0.0,0.0,66.82
NAN25-034,1,10,81.0,80.0,80.0,81.0,82.0,80.0,82.0,83.0,79.0,78.0,77.0,77.0,79.0,80,80,80,79,80,85.0,84,86,84,84,0.0,1.0,0.0,0.0,0.0,1.0,0.0,0.0,0.0,0.0,0.0,1.0,0.0,0.0,0.0,0.0,58.64
UISC25-049,1,11,93.0,94.0,92.0,93.0,91.0,90.0,89.0,90.0,93.0,92.0,96.0,94.0,92.0,95,94,94,93,93,94.0,93,89,90,92,1.0,0.0,0.0,0.0,0.0,0.0,0.0,0.0,0.0,0.0,1.0,1.0,0.0,0.0,0.0,0.0,72.08
LANES25-069,1,11,81.0,80.0,81.0,82.0,85.0,84.0,87.0,84.0,83.0,82.0,83.0,84.0,83.0,84,84,83,84,84,84.0,83,84,83,85,0.0,1.0,0.0,0.0,0.0,1.0,0.0,0.0,0.0,0.0,0.0,1.0,0.0,0.0,0.0,0.0,62.7
LANES25-053,1,11,84.0,84.0,83.0,85.0,84.0,84.0,84.0,84.0,87.0,86.0,87.0,86.0,86.0,85,85,84,86,86,88.0,87,88,87,87,1.0,0.0,0.0,0.0,0.0,1.0,0.0,0.0,0.0,0.0,0.0,1.0,0.0,0.0,0.0,0.0,62.7
BES24-043,0,11,88.0,90.0,87.0,89.0,90.0,89.0,90.0,91.0,91.0,90.0,90.0,90.0,91.0,91,91,90,90,91,91.0,92,92,92,90,1.0,0.0,0.0,0.0,0.0,1.0,0.0,0.0,0.0,0.0,0.0,1.0,0.0,0.0,0.0,0.0,75.7
UISC25-041,1,11,93.0,89.0,88.0,94.0,92.0,92.0,91.0,91.0,93.0,93.0,93.0,94.0,94.0,90,92,89,92,90,93.0,91,91,93,90,0.0,1.0,0.0,0.0,0.0,0.0,0.0,0.0,0.0,0.0,1.0,1.0,0.0,0.0,0.0,0.0,72.08
BES25-032,1,11,84.0,83.0,84.0,82.0,86.0,86.0,85.0,85.0,84.0,84.0,84.0,84.0,84.0,86,86,85,86,86,87.0,84,85,86,86,1.0,0.0,0.0,0.0,0.0,1.0,0.0,0.0,0.0,0.0,0.0,1.0,0.0,0.0,0.0,0.0,80.54
BES24-032,0,17,90.0,91.0,90.0,88.0,87.0,87.0,87.0,88.0,86.0,86.0,86.0,85.0,86.0,77,77,77,77,77,83.0,83,83,83,86,0.0,1.0,0.0,0.0,0.0,1.0,0.0,0.0,0.0,0.0,0.0,1.0,0.0,0.0,0.0,0.0,75.7
UICS25-118,1,12,89.0,83.0,87.0,86.0,80.0,80.0,80.0,80.0,82.0,82.0,82.0,81.0,82.0,80,78,78,78,78,80.0,80,80,79,79,0.0,1.0,0.0,0.0,0.0,0.0,0.0,0.0,0.0,0.0,1.0,1.0,0.0,0.0,0.0,0.0,66.82
BES24-042,0,11,91.0,98.0,90.0,90.0,87.0,87.0,87.0,89.0,89.0,88.0,88.0,88.0,91.0,89,88,88,89,90,88.0,88,88,88,89,1.0,0.0,0.0,0.0,0.0,1.0,0.0,0.0,0.0,0.0,0.0,1.0,0.0,0.0,0.0,0.0,75.7
BES25-087,1,11,79.0,79.0,80.0,79.0,81.0,80.0,82.0,83.0,82.0,80.0,82.0,83.0,83.0,81,79,82,79,81,76.0,76,76,76,76,0.0,1.0,0.0,0.0,0.0,1.0,0.0,0.0,0.0,0.0,0.0,1.0,0.0,0.0,0.0,0.0,80.54
BES25-206,1,11,78.0,76.0,81.0,80.0,84.0,82.0,82.0,82.0,84.0,83.0,83.0,82.0,82.0,84,83,85,84,84,82.0,81,81,82,82,0.0,1.0,0.0,0.0,0.0,1.0,0.0,0.0,0.0,0.0,0.0,1.0,0.0,0.0,0.0,0.0,80.54
UICS25-103,1,12,79.0,77.0,75.0,79.0,82.0,82.0,82.0,82.0,80.0,82.0,81.0,83.0,82.0,83,81,81,81,84,81.0,80,80,82,82,0.0,1.0,0.0,0.0,0.0,0.0,0.0,0.0,0.0,0.0,1.0,1.0,0.0,0.0,0.0,0.0,66.82
UICS25-239,1,11,79.0,79.0,79.0,79.0,86.0,84.0,85.0,86.0,83.0,81.0,83.0,81.0,81.0,81,80,79,78,79,80.0,80,81,80,81,0.0,1.0,0.0,0.0,0.0,1.0,0.0,0.0,0.0,0.0,0.0,1.0,0.0,0.0,0.0,0.0,66.82
DAPSMECSE25-028,1,11,79.0,79.0,78.0,79.0,81.0,81.0,78.0,80.0,79.0,78.0,79.0,78.0,78.0,82,82,82,82,82,80.0,80,79,75,81,0.0,1.0,0.0,0.0,0.0,1.0,0.0,0.0,0.0,0.0,0.0,1.0,0.0,0.0,0.0,0.0,75.71
UICS25-180,1,11,85.0,84.0,81.0,81.0,80.0,80.0,80.0,80.0,82.0,80.0,81.0,82.0,82.0,87,85,86,86,86,88.0,83,85,84,86,1.0,0.0,0.0,0.0,0.0,1.0,0.0,0.0,0.0,0.0,0.0,1.0,0.0,0.0,0.0,0.0,66.82
UISC25-079,1,11,91.0,93.0,86.0,89.0,93.0,93.0,93.0,93.0,93.0,93.0,93.0,93.0,93.0,89,91,89,91,88,89.0,90,88,90,89,0.0,1.0,0.0,0.0,0.0,1.0,0.0,0.0,0.0,0.0,0.0,1.0,0.0,0.0,0.0,0.0,72.08
UICS25-012,1,12,83.0,83.0,83.0,87.0,86.0,86.0,86.0,86.0,85.0,85.0,85.0,85.0,85.0,86,84,86,84,85,88.0,86,85,86,89,1.0,0.0,0.0,0.0,0.0,0.0,0.0,0.0,0.0,0.0,1.0,1.0,0.0,0.0,0.0,0.0,66.82
LANES24-007,0,12,83.0,82.0,80.0,83.0,83.0,82.0,83.0,83.0,82.0,81.0,81.0,82.0,81.0,83,82,82,81,82,87.0,86,86,87,86,0.0,1.0,0.0,0.0,0.0,1.0,0.0,0.0,0.0,0.0,0.0,1.0,0.0,0.0,0.0,0.0,78.31
LANES25-059,1,11,90.0,91.0,87.0,87.0,84.0,84.0,85.0,86.0,86.0,86.0,86.0,86.0,86.0,84,82,81,82,83,85.0,85,84,84,86,1.0,0.0,0.0,0.0,0.0,1.0,0.0,0.0,0.0,0.0,0.0,1.0,0.0,0.0,0.0,0.0,62.7
UICS24-025,0,12,82.0,80.0,82.0,83.0,80.0,80.0,80.0,80.0,81.0,80.0,80.0,79.0,79.0,83,83,82,82,82,78.0,78,78,79,78,0.0,1.0,0.0,0.0,0.0,1.0,0.0,0.0,0.0,0.0,0.0,1.0,0.0,0.0,0.0,0.0,74.03
UICS25-020,1,11,83.0,82.0,83.0,83.0,88.0,86.0,86.0,86.0,87.0,86.0,85.0,86.0,86.0,89,89,89,89,89,90.0,92,89,90,90,1.0,0.0,0.0,0.0,0.0,0.0,0.0,0.0,0.0,0.0,1.0,1.0,0.0,0.0,0.0,0.0,66.82
DCBMES25-006,1,11,79.0,76.0,79.0,76.0,77.0,76.0,78.0,79.0,84.0,81.0,82.0,82.0,82.0,84,81,81,82,83,82.0,82,83,81,83,0.0,1.0,0.0,0.0,0.0,1.0,0.0,0.0,0.0,0.0,0.0,1.0,0.0,0.0,0.0,0.0,33.59
BES25-030,1,11,86.0,85.0,85.0,85.0,88.0,87.0,86.0,90.0,86.0,86.0,86.0,86.0,86.0,85,84,84,84,84,83.0,82,84,84,83,1.0,0.0,0.0,0.0,0.0,1.0,0.0,0.0,0.0,0.0,0.0,1.0,0.0,0.0,0.0,0.0,80.54
UICS25-266,1,12,86.0,85.0,86.0,85.0,88.0,88.0,89.0,89.0,87.0,88.0,87.0,87.0,88.0,79,78,79,80,80,81.0,81,80,81,82,1.0,0.0,0.0,0.0,0.0,0.0,0.0,0.0,0.0,0.0,1.0,1.0,0.0,0.0,0.0,0.0,66.82
UICS25-004,1,11,90.0,90.0,90.0,90.0,89.0,89.0,89.0,90.0,89.0,88.0,87.0,87.0,88.0,87,89,88,87,89,88.0,89,92,91,91,0.0,1.0,0.0,0.0,0.0,0.0,0.0,0.0,0.0,0.0,1.0,1.0,0.0,0.0,0.0,0.0,66.82
UICS25-175,1,11,82.0,81.0,80.0,81.0,83.0,82.0,81.0,82.0,83.0,83.0,84.0,82.0,83.0,85,84,84,83,85,86.0,86,85,87,83,0.0,1.0,0.0,0.0,0.0,1.0,0.0,0.0,0.0,0.0,0.0,1.0,0.0,0.0,0.0,0.0,66.82
LANES25-127,1,11,76.0,76.0,78.0,80.0,78.0,78.0,79.0,81.0,80.0,78.0,79.0,80.0,80.0,80,78,78,80,79,76.0,76,76,76,76,0.0,1.0,0.0,0.0,0.0,1.0,0.0,0.0,0.0,0.0,0.0,0.0,0.0,0.0,0.0,1.0,62.7
BES25-193,1,11,82.0,81.0,82.0,82.0,80.0,82.0,82.0,82.0,79.0,79.0,79.0,79.0,79.0,85,85,84,82,82,81.0,81,80,81,80,1.0,0.0,0.0,0.0,0.0,1.0,0.0,0.0,0.0,0.0,0.0,1.0,0.0,0.0,0.0,0.0,80.54
UISC24-025,0,11,89.0,91.0,88.0,91.0,93.0,90.0,91.0,90.0,93.0,92.0,92.0,91.0,92.0,88,91,89,90,89,90.0,89,89,89,90,0.0,1.0,0.0,0.0,0.0,1.0,0.0,0.0,0.0,0.0,0.0,1.0,0.0,0.0,0.0,0.0,76.93
BES25-060,1,12,84.0,80.0,84.0,84.0,88.0,86.0,87.0,89.0,84.0,84.0,85.0,84.0,85.0,85,83,83,84,85,83.0,81,83,82,82,0.0,1.0,0.0,0.0,0.0,1.0,0.0,0.0,0.0,0.0,0.0,1.0,0.0,0.0,0.0,0.0,80.54
DAFSIS25-048,1,11,87.0,89.0,89.0,91.0,84.0,83.0,84.0,84.0,91.0,91.0,90.0,91.0,91.0,93,94,91,92,94,94.0,95,92,92,91,0.0,1.0,0.0,0.0,0.0,1.0,0.0,0.0,0.0,0.0,0.0,1.0,0.0,0.0,0.0,0.0,73.08
UICS25-315,1,11,88.0,87.0,88.0,88.0,93.0,91.0,92.0,91.0,86.0,85.0,84.0,84.0,85.0,87,90,88,87,88,83.0,84,83,86,86,1.0,0.0,0.0,0.0,0.0,0.0,0.0,0.0,0.0,0.0,1.0,0.0,0.0,0.0,0.0,1.0,66.82
UICS24-062,0,11,83.0,80.0,82.0,82.0,86.0,85.0,84.0,84.0,83.0,82.0,82.0,82.0,82.0,82,83,83,82,82,82.0,81,81,83,84,0.0,1.0,0.0,0.0,0.0,1.0,0.0,0.0,0.0,0.0,0.0,1.0,0.0,0.0,0.0,0.0,74.03
UISC25-032,1,12,85.0,84.0,86.0,84.0,85.0,85.0,84.0,84.0,88.0,87.0,88.0,87.0,87.0,92,91,93,92,92,92.0,92,93,91,91,0.0,1.0,0.0,0.0,0.0,0.0,0.0,0.0,0.0,0.0,1.0,1.0,0.0,0.0,0.0,0.0,72.08
UICS25-210,1,11,83.0,82.0,82.0,82.0,82.0,84.0,84.0,83.0,84.91689751,85.0,87.0,86.0,86.0,84,85,83,81,83,86.0,86,83,85,83,0.0,1.0,0.0,0.0,0.0,0.0,0.0,0.0,0.0,0.0,1.0,0.0,0.0,1.0,0.0,0.0,66.82
UISC25-073,1,11,92.0,92.0,90.0,90.0,95.0,95.0,94.0,95.0,94.0,94.0,94.0,94.0,94.0,88,91,89,91,89,91.0,92,90,92,88,1.0,0.0,0.0,0.0,0.0,0.0,0.0,0.0,0.0,0.0,1.0,1.0,0.0,0.0,0.0,0.0,72.08
UICS24-063,0,11,81.0,80.0,80.0,81.0,81.0,81.0,81.0,81.0,81.0,80.0,81.0,81.0,81.0,82,79,79,79,79,83.0,81,81,81,84,0.0,1.0,0.0,0.0,0.0,0.0,0.0,0.0,0.0,0.0,1.0,1.0,0.0,0.0,0.0,0.0,74.03
LANES25-077,1,11,86.0,87.0,85.0,86.0,85.0,85.0,84.0,85.0,85.0,84.0,84.0,84.0,85.0,85,84,83,85,85,86.0,87,88,88,88,1.0,0.0,0.0,0.0,0.0,1.0,0.0,0.0,0.0,0.0,0.0,1.0,0.0,0.0,0.0,0.0,62.7
BES25-166,1,11,92.0,93.0,91.0,91.0,88.0,88.0,87.0,89.0,86.0,86.0,86.0,86.0,86.0,89,90,90,89,91,93.0,94,94,92,91,1.0,0.0,0.0,0.0,0.0,1.0,0.0,0.0,0.0,0.0,0.0,1.0,0.0,0.0,0.0,0.0,80.54
UICS25-324,1,11,89.0,88.0,89.0,90.0,89.0,89.0,89.0,89.0,90.0,87.0,87.0,89.0,89.0,89,88,87,88,87,92.0,91,91,91,92,1.0,0.0,0.0,0.0,0.0,0.0,0.0,0.0,0.0,0.0,1.0,1.0,0.0,0.0,0.0,0.0,66.82
BES25-142,1,11,88.0,78.0,79.0,79.0,82.0,80.0,80.0,80.0,80.0,79.0,79.0,79.0,79.0,82,82,82,82,82,83.0,81,81,81,82,0.0,1.0,0.0,0.0,0.0,1.0,0.0,0.0,0.0,0.0,0.0,1.0,0.0,0.0,0.0,0.0,80.54
BES25-078,1,13,75.0,76.0,75.0,76.0,76.0,76.0,76.0,77.0,77.0,76.0,76.0,76.0,76.0,76,76,76,76,76,75.0,75,75,75,75,1.0,0.0,0.0,0.0,0.0,1.0,0.0,0.0,0.0,0.0,0.0,1.0,0.0,0.0,0.0,0.0,80.54
UICS25-191,1,11,80.0,77.0,80.0,84.0,84.0,84.0,84.0,86.0,83.0,81.0,82.0,82.0,83.0,79,78,77,79,79,79.0,80,79,79,81,0.0,1.0,0.0,0.0,0.0,0.0,0.0,0.0,0.0,0.0,1.0,1.0,0.0,0.0,0.0,0.0,66.82
UICS25-160,1,11,78.0,78.0,75.0,77.0,80.0,80.0,80.0,82.0,80.0,79.0,79.0,80.0,80.0,76,76,76,76,77,76.0,76,76,76,77,0.0,1.0,0.0,0.0,0.0,0.0,0.0,0.0,0.0,0.0,1.0,1.0,0.0,0.0,0.0,0.0,66.82
UISC25-089,1,11,89.0,87.0,90.0,90.0,91.0,90.0,90.0,90.0,89.0,89.0,88.0,89.0,90.0,94,93,91,88,89,92.0,94,91,93,92,1.0,0.0,0.0,0.0,0.0,1.0,0.0,0.0,0.0,0.0,0.0,1.0,0.0,0.0,0.0,0.0,72.08
NAN25-061,1,11,87.0,93.0,91.0,85.0,92.0,76.0,90.0,95.0,95.0,79.0,80.0,93.0,86.0,83,83,81,92,95,95.0,81,79,80,91,0.0,1.0,0.0,0.0,0.0,1.0,0.0,0.0,0.0,0.0,0.0,1.0,0.0,0.0,0.0,0.0,58.64
UICS25-025,1,11,86.0,81.0,87.0,85.0,89.0,89.0,89.0,89.0,90.0,89.0,88.0,87.0,87.0,92,91,92,92,91,89.0,87,84,85,88,0.0,1.0,0.0,0.0,0.0,0.0,0.0,0.0,0.0,0.0,1.0,1.0,0.0,0.0,0.0,0.0,66.82
UICS25-370,1,11,82.0,80.0,85.0,84.0,86.0,84.0,84.0,85.0,84.0,82.0,82.0,82.0,84.0,78,77,77,77,77,78.0,78,78,78,78,0.0,1.0,0.0,0.0,0.0,0.0,0.0,0.0,0.0,0.0,1.0,0.0,0.0,1.0,0.0,0.0,66.82
DAFSIS25-021,1,11,80.0,82.0,80.0,81.0,79.0,80.0,78.0,79.0,81.0,80.0,80.0,82.0,80.0,85,85,84,84,86,87.0,85,83,84,84,1.0,0.0,0.0,0.0,0.0,1.0,0.0,0.0,0.0,0.0,0.0,1.0,0.0,0.0,0.0,0.0,73.08
BES25-121,1,11,79.0,78.0,80.0,85.0,82.0,82.0,82.0,84.0,77.0,77.0,77.0,77.0,77.0,80,79,79,79,81,81.0,81,81,81,81,1.0,0.0,0.0,0.0,0.0,1.0,0.0,0.0,0.0,0.0,0.0,1.0,0.0,0.0,0.0,0.0,80.54
UICS24-027,0,12,78.0,78.0,78.0,80.0,75.0,75.0,75.0,75.0,79.0,78.0,78.0,79.0,79.0,83,83,83,83,83,79.0,78,78,78,79,0.0,1.0,0.0,0.0,0.0,1.0,0.0,0.0,0.0,0.0,0.0,1.0,0.0,0.0,0.0,0.0,74.03
BES25-114,1,11,82.0,82.0,82.0,81.0,87.0,87.0,87.0,87.0,85.0,84.0,84.0,84.0,84.0,79,78,78,78,79,81.0,81,81,81,81,1.0,0.0,0.0,0.0,0.0,1.0,0.0,0.0,0.0,0.0,0.0,1.0,0.0,0.0,0.0,0.0,80.54
LANES25-001,1,12,78.0,78.0,78.0,78.0,80.0,81.0,81.0,80.0,81.0,79.0,80.0,79.0,80.0,77,78,78,79,80,81.0,79,79,79,80,0.0,1.0,0.0,0.0,0.0,1.0,0.0,0.0,0.0,0.0,0.0,1.0,0.0,0.0,0.0,0.0,62.7
DCBMES25-014,1,11,84.0,80.0,85.0,84.0,87.0,86.0,87.0,87.0,85.0,84.0,85.0,84.0,84.0,85,82,85,86,85,86.0,87,87,87,87,1.0,0.0,0.0,0.0,0.0,1.0,0.0,0.0,0.0,0.0,0.0,1.0,0.0,0.0,0.0,0.0,33.59
LANES25-063,1,11,88.0,87.0,87.0,85.0,86.0,86.0,86.0,87.0,90.0,89.0,90.0,89.0,89.0,92,91,91,90,91,87.0,86,87,86,86,1.0,0.0,0.0,0.0,0.0,1.0,0.0,0.0,0.0,0.0,0.0,1.0,0.0,0.0,0.0,0.0,62.7
UICS24-005,0,11,75.0,75.0,76.0,75.0,75.0,76.0,75.0,75.0,79.0,78.0,78.0,79.0,79.0,82,82,82,82,82,87.0,87,87,87,87,0.0,1.0,0.0,0.0,0.0,1.0,0.0,0.0,0.0,0.0,0.0,1.0,0.0,0.0,0.0,0.0,74.03
UICS25-039,1,12,77.0,79.0,79.0,77.0,81.0,82.0,82.0,82.0,89.0,88.0,89.0,87.0,85.0,87,87,85,84,89,87.0,89,88,88,87,0.0,1.0,0.0,0.0,0.0,0.0,0.0,0.0,0.0,0.0,1.0,1.0,0.0,0.0,0.0,0.0,66.82
UISC25-105,1,12,92.0,93.0,96.0,93.0,94.0,93.0,92.0,93.0,95.0,94.0,93.0,94.0,94.0,92,95,92,91,91,91.0,92,92,91,90,1.0,0.0,0.0,0.0,0.0,1.0,0.0,0.0,0.0,0.0,0.0,1.0,0.0,0.0,0.0,0.0,72.08
NAN25-046,1,13,94.0,92.0,76.0,88.0,89.0,78.0,94.0,85.0,89.0,92.0,77.0,82.0,87.0,86,90,85,76,82,84.0,83,83,87,77,1.0,0.0,0.0,0.0,0.0,1.0,0.0,0.0,0.0,0.0,0.0,1.0,0.0,0.0,0.0,0.0,58.64
NAN24-012,0,11,85.0,85.0,85.0,85.0,82.0,81.0,82.0,81.0,88.0,85.0,86.0,84.0,86.0,80,80,80,80,80,86.0,86,86,85,85,0.0,1.0,0.0,0.0,0.0,1.0,0.0,0.0,0.0,0.0,0.0,1.0,0.0,0.0,0.0,0.0,65.57
UISC25-076,1,12,93.0,93.0,93.0,94.0,96.0,96.0,96.0,95.0,96.0,96.0,96.0,95.0,96.0,94,96,93,94,95,91.0,94,94,93,94,0.0,1.0,0.0,0.0,0.0,0.0,0.0,0.0,0.0,0.0,1.0,1.0,0.0,0.0,0.0,0.0,72.08
UICS24-034,0,12,80.0,80.0,78.0,79.0,79.0,78.0,79.0,80.0,81.0,80.0,80.0,81.0,82.0,82,82,82,82,82,85.0,82,84,81,81,0.0,1.0,0.0,0.0,0.0,1.0,0.0,0.0,0.0,0.0,0.0,1.0,0.0,0.0,0.0,0.0,74.03
UICS25-113,1,11,81.0,81.0,80.0,80.0,88.0,87.0,87.0,86.0,86.0,85.0,86.0,85.0,86.0,78,78,78,79,79,81.0,81,80,81,81,0.0,1.0,0.0,0.0,0.0,0.0,0.0,0.0,0.0,0.0,1.0,1.0,0.0,0.0,0.0,0.0,66.82
BES24-011,0,13,81.0,81.0,80.0,79.0,77.0,77.0,77.0,77.0,78.0,78.0,78.0,80.0,78.0,78,78,77,79,77,83.0,82,83,83,83,1.0,0.0,0.0,0.0,0.0,1.0,0.0,0.0,0.0,0.0,0.0,1.0,0.0,0.0,0.0,0.0,75.7
LANES24-003,0,11,80.0,81.0,80.0,80.0,82.0,81.0,83.0,83.0,75.0,76.0,76.0,75.0,75.0,77,76,76,77,77,83.0,82,84,82,83,0.0,1.0,0.0,0.0,0.0,1.0,0.0,0.0,0.0,0.0,0.0,1.0,0.0,0.0,0.0,0.0,78.31
BES25-207,1,11,78.0,76.0,76.0,78.0,79.0,78.0,78.0,78.0,79.0,79.0,79.0,79.0,79.0,85,85,85,84,85,85.0,83,82,82,85,0.0,1.0,0.0,0.0,0.0,1.0,0.0,0.0,0.0,0.0,0.0,1.0,0.0,0.0,0.0,0.0,80.54
DAPSMECSE25-006,1,12,81.0,81.0,79.0,83.0,88.0,85.0,86.0,89.0,87.0,86.0,85.0,86.0,87.0,87,85,86,84,86,82.0,81,83,84,84,1.0,0.0,0.0,0.0,0.0,1.0,0.0,0.0,0.0,0.0,0.0,1.0,0.0,0.0,0.0,0.0,75.71
LANES25-088,1,11,79.0,79.0,79.0,81.0,83.0,82.0,82.0,84.0,85.0,84.0,85.0,84.0,85.0,83,82,84,84,84,84.0,86,86,84,85,0.0,1.0,0.0,0.0,0.0,1.0,0.0,0.0,0.0,0.0,0.0,0.0,0.0,1.0,0.0,0.0,62.7
UICS25-258,1,11,83.0,82.0,83.0,84.0,88.0,87.0,88.0,89.0,86.0,86.0,86.0,86.0,87.0,82,81,80,80,80,83.0,82,80,81,83,1.0,0.0,0.0,0.0,0.0,0.0,0.0,0.0,0.0,0.0,1.0,1.0,0.0,0.0,0.0,0.0,66.82
LANES25-107,1,11,84.0,83.0,85.0,86.0,86.0,86.0,90.0,88.0,88.0,88.0,88.0,88.0,88.0,86,85,84,85,86,86.0,87,87,87,87,0.0,1.0,0.0,0.0,0.0,1.0,0.0,0.0,0.0,0.0,0.0,1.0,0.0,0.0,0.0,0.0,62.7
DAFSIS25-003,1,11,88.0,87.0,87.0,86.0,86.0,83.0,85.0,84.0,87.0,85.0,87.0,86.0,86.0,85,84,85,85,84,82.0,84,85,85,80,0.0,1.0,0.0,0.0,0.0,1.0,0.0,0.0,0.0,0.0,0.0,1.0,0.0,0.0,0.0,0.0,73.08
LANES25-066,1,11,81.0,76.0,77.0,77.0,81.0,81.0,81.0,81.0,81.0,80.0,81.0,81.0,82.0,77,79,77,78,79,81.0,79,78,79,79,0.0,1.0,0.0,0.0,0.0,1.0,0.0,0.0,0.0,0.0,0.0,1.0,0.0,0.0,0.0,0.0,62.7
BES25-211,1,11,86.0,87.0,85.0,85.0,84.0,81.0,81.0,86.0,84.0,84.0,84.0,84.0,84.0,83,83,82,82,83,84.0,82,85,85,85,0.0,1.0,0.0,0.0,0.0,1.0,0.0,0.0,0.0,0.0,0.0,1.0,0.0,0.0,0.0,0.0,80.54
UICS25-349,1,11,84.0,83.0,83.0,83.0,88.0,87.0,88.0,89.0,87.0,87.0,87.0,87.0,87.0,86,86,87,86,86,86.0,87,86,87,86,1.0,0.0,0.0,0.0,0.0,0.0,0.0,0.0,0.0,0.0,1.0,1.0,0.0,0.0,0.0,0.0,66.82
LANES25-110,1,12,84.0,83.0,85.0,84.0,84.0,84.0,84.0,84.0,84.0,84.0,84.0,84.0,84.0,84,83,83,83,84,84.0,83,83,83,82,0.0,1.0,0.0,0.0,0.0,1.0,0.0,0.0,0.0,0.0,0.0,1.0,0.0,0.0,0.0,0.0,62.7
BES24-031,0,11,86.0,84.0,86.0,88.0,82.0,81.0,81.0,83.0,77.0,77.0,77.0,77.0,77.0,78,77,77,77,78,82.0,80,79,79,81,1.0,0.0,0.0,0.0,0.0,1.0,0.0,0.0,0.0,0.0,0.0,1.0,0.0,0.0,0.0,0.0,75.7
LANES25-030,1,12,84.0,82.0,82.0,84.0,91.0,91.0,92.0,91.0,93.0,92.0,91.0,93.0,92.0,88,84,87,84,86,89.0,88,90,84,85,1.0,0.0,0.0,0.0,0.0,0.0,0.0,0.0,0.0,0.0,1.0,1.0,0.0,0.0,0.0,0.0,62.7
BES25-165,1,11,89.0,90.0,88.0,89.0,85.0,87.0,86.0,86.0,86.0,86.0,86.0,86.0,86.0,89,90,88,89,90,90.0,92,90,92,89,1.0,0.0,0.0,0.0,0.0,1.0,0.0,0.0,0.0,0.0,0.0,1.0,0.0,0.0,0.0,0.0,80.54
UICS25-064,1,12,90.0,89.0,91.0,97.0,93.0,92.0,92.0,93.0,91.0,90.0,90.0,90.0,90.0,94,91,88,88,89,93.0,90,92,88,92,1.0,0.0,0.0,0.0,0.0,0.0,0.0,0.0,0.0,0.0,1.0,1.0,0.0,0.0,0.0,0.0,66.82
UISC25-120,1,11,92.0,92.0,90.0,91.0,95.0,95.0,94.0,96.0,94.0,94.0,94.0,94.0,94.0,88,91,89,91,89,91.0,92,90,92,88,1.0,0.0,0.0,0.0,0.0,0.0,0.0,0.0,0.0,0.0,1.0,1.0,0.0,0.0,0.0,0.0,72.08
DAFSIS25-018,1,11,85.0,86.0,85.0,85.0,86.0,85.0,84.0,86.0,81.0,81.0,81.0,81.0,81.0,78,78,82,79,80,90.0,87,89,86,87,1.0,0.0,0.0,0.0,0.0,1.0,0.0,0.0,0.0,0.0,0.0,1.0,0.0,0.0,0.0,0.0,73.08
LANES25-104,1,11,86.0,87.0,84.0,86.0,86.0,84.0,87.0,86.0,84.0,83.0,84.0,84.0,83.0,91,90,90,90,90,88.0,86,86,88,86,0.0,1.0,0.0,0.0,0.0,1.0,0.0,0.0,0.0,0.0,0.0,1.0,0.0,0.0,0.0,0.0,62.7
DAFSIS25-043,1,11,76.0,76.0,77.0,77.0,75.0,75.0,75.0,75.0,80.0,78.0,78.0,79.0,79.0,77,76,77,77,78,76.0,79,78,79,77,0.0,1.0,0.0,0.0,0.0,1.0,0.0,0.0,0.0,0.0,0.0,1.0,0.0,0.0,0.0,0.0,73.08
UICS25-354,1,11,77.0,76.0,75.0,77.0,86.0,82.0,84.0,83.0,86.0,86.0,87.0,86.0,85.0,78,78,78,78,78,79.0,79,78,78,79,0.0,1.0,0.0,0.0,0.0,0.0,0.0,0.0,0.0,0.0,1.0,1.0,0.0,0.0,0.0,0.0,66.82
UICS25-288,1,11,83.0,81.0,83.0,83.0,86.0,85.0,85.0,86.0,84.0,84.0,82.0,81.0,83.0,84,85,88,85,85,84.0,83,85,84,85,0.0,1.0,0.0,0.0,0.0,0.0,0.0,0.0,0.0,0.0,1.0,1.0,0.0,0.0,0.0,0.0,66.82
UICS25-392,1,11,88.0,87.0,89.0,86.0,88.0,88.0,88.0,89.0,89.0,88.0,89.0,87.0,87.0,91,91,90,91,90,88.0,88,87,86,88,1.0,0.0,0.0,0.0,0.0,1.0,0.0,0.0,0.0,0.0,0.0,1.0,0.0,0.0,0.0,0.0,66.82
NAN24-001,0,11,85.0,85.0,85.0,85.0,84.0,86.0,88.0,87.0,88.0,88.0,88.0,89.0,88.0,89,88,87,88,89,90.0,89,88,89,88,1.0,0.0,0.0,0.0,0.0,1.0,0.0,0.0,0.0,0.0,0.0,1.0,0.0,0.0,0.0,0.0,65.57
UICS25-205,1,12,85.0,86.0,86.0,86.0,86.0,80.0,83.0,80.0,84.91689751,80.0,80.0,80.0,80.0,80,80,83,82,80,83.0,84,86,85,85,1.0,0.0,0.0,0.0,0.0,0.0,0.0,0.0,0.0,0.0,1.0,1.0,0.0,0.0,0.0,0.0,66.82
UICS25-269,1,13,86.0,86.0,87.0,87.0,87.0,87.0,86.0,86.0,84.0,83.0,82.0,82.0,83.0,81,80,80,81,81,83.0,82,82,82,83,0.0,1.0,0.0,0.0,0.0,0.0,0.0,0.0,0.0,0.0,1.0,1.0,0.0,0.0,0.0,0.0,66.82
DAPSMECSE25-033,1,11,75.0,75.0,75.0,75.0,76.0,75.0,75.0,76.0,76.0,76.0,76.0,77.0,76.0,80,79,79,80,80,89.0,88,88,88,87,0.0,1.0,0.0,0.0,0.0,1.0,0.0,0.0,0.0,0.0,0.0,1.0,0.0,0.0,0.0,0.0,75.71
LANES25-006,1,12,75.0,75.0,75.0,75.0,75.0,75.0,75.0,75.0,75.0,75.0,75.0,75.0,75.0,81,80,80,81,80,80.0,78,77,78,78,1.0,0.0,0.0,0.0,0.0,1.0,0.0,0.0,0.0,0.0,0.0,1.0,0.0,0.0,0.0,0.0,62.7
UICS25-049,1,12,89.0,91.0,87.0,88.0,90.0,89.0,90.0,90.0,89.0,89.0,89.0,87.0,87.0,91,91,93,91,91,89.0,87,89,88,90,0.0,1.0,0.0,0.0,0.0,0.0,0.0,0.0,0.0,0.0,1.0,0.0,0.0,1.0,0.0,0.0,66.82
UISC25-029,1,11,88.0,89.0,87.0,89.0,92.0,92.0,92.0,93.0,92.0,92.0,91.0,91.0,92.0,89,88,88,87,88,87.0,83,86,88,86,1.0,0.0,0.0,0.0,0.0,0.0,0.0,0.0,0.0,0.0,1.0,1.0,0.0,0.0,0.0,0.0,72.08
NAN25-021,1,11,95.0,96.0,95.0,94.0,94.0,93.0,96.0,94.0,95.0,94.0,96.0,94.0,94.0,93,92,94,92,92,94.0,93,93,93,92,0.0,1.0,0.0,0.0,0.0,1.0,0.0,0.0,0.0,0.0,0.0,1.0,0.0,0.0,0.0,0.0,58.64
LANES25-087,1,11,82.0,82.0,82.0,82.0,83.0,83.0,83.0,83.0,84.0,83.0,83.0,83.0,84.0,86,85,84,84,85,85.0,83,84,85,84,0.0,1.0,0.0,0.0,0.0,1.0,0.0,0.0,0.0,0.0,0.0,1.0,0.0,0.0,0.0,0.0,62.7
DAFSIS24-003,0,11,77.0,76.0,78.0,76.0,82.0,81.0,82.0,81.0,84.0,83.0,83.0,83.0,82.0,83,83,81,82,83,77.0,77,76,79,77,0.0,1.0,0.0,0.0,0.0,1.0,0.0,0.0,0.0,0.0,0.0,1.0,0.0,0.0,0.0,0.0,74.93
LANES25-091,1,11,81.0,80.0,82.0,83.0,85.0,84.0,83.0,85.0,84.0,82.0,83.0,84.0,84.0,84,83,83,83,84,82.0,81,82,80,83,0.0,1.0,0.0,0.0,0.0,1.0,0.0,0.0,0.0,0.0,0.0,1.0,0.0,0.0,0.0,0.0,62.7
UISC25-106,1,12,90.0,95.0,94.0,93.0,87.0,87.0,86.0,86.0,89.0,90.0,89.0,88.0,87.0,93,94,95,94,92,95.0,96,95,96,95,1.0,0.0,0.0,0.0,0.0,0.0,0.0,0.0,0.0,0.0,1.0,1.0,0.0,0.0,0.0,0.0,72.08
BES25-146,1,11,77.0,75.0,78.0,79.0,79.0,80.0,80.0,79.0,81.0,80.0,80.0,79.0,80.0,88,88,88,89,88,79.0,80,79,78,79,0.0,1.0,0.0,0.0,0.0,0.0,0.0,0.0,0.0,0.0,1.0,1.0,0.0,0.0,0.0,0.0,80.54
UICS25-124,1,11,84.0,84.0,85.0,84.0,87.0,85.0,85.0,87.0,86.0,83.0,83.0,85.0,85.0,84,83,83,84,85,86.0,83,82,82,85,1.0,0.0,0.0,0.0,0.0,1.0,0.0,0.0,0.0,0.0,0.0,1.0,0.0,0.0,0.0,0.0,66.82
UICS25-248,1,11,78.0,76.0,80.0,80.0,85.0,84.0,84.0,85.0,82.0,82.0,82.0,81.0,82.0,79,78,77,77,77,79.0,79,78,78,80,0.0,1.0,0.0,0.0,0.0,1.0,0.0,0.0,0.0,0.0,0.0,1.0,0.0,0.0,0.0,0.0,66.82
LANES25-098,1,11,80.0,80.0,81.0,82.0,83.0,81.0,82.0,82.0,83.0,81.0,82.0,81.0,83.0,82,82,82,82,82,82.0,81,81,81,83,1.0,0.0,0.0,0.0,0.0,1.0,0.0,0.0,0.0,0.0,0.0,1.0,0.0,0.0,0.0,0.0,62.7
LANES25-102,1,11,90.0,86.0,83.0,86.0,87.0,87.0,85.0,85.0,88.0,87.0,87.0,88.0,88.0,86,86,84,86,86,89.0,90,90,90,91,1.0,0.0,0.0,0.0,0.0,1.0,0.0,0.0,0.0,0.0,0.0,1.0,0.0,0.0,0.0,0.0,62.7
LANES25-054,1,12,87.0,89.0,88.0,90.0,86.0,86.0,86.0,88.0,87.0,87.0,88.0,87.0,87.0,88,87,86,87,87,89.0,89,90,90,89,1.0,0.0,0.0,0.0,0.0,1.0,0.0,0.0,0.0,0.0,0.0,1.0,0.0,0.0,0.0,0.0,62.7
LANES25-016,1,11,83.0,81.0,83.0,83.0,86.0,86.0,85.0,85.0,86.0,86.0,86.0,86.0,86.0,85,85,83,85,85,86.0,86,85,87,86,0.0,1.0,0.0,0.0,0.0,1.0,0.0,0.0,0.0,0.0,0.0,0.0,1.0,0.0,0.0,0.0,62.7
NAN25-052,1,12,84.0,84.0,84.0,89.0,76.0,89.0,86.0,87.0,88.0,77.0,81.0,75.0,94.0,77,75,81,94,84,76.0,77,89,75,92,0.0,1.0,0.0,0.0,0.0,0.0,0.0,0.0,0.0,0.0,1.0,1.0,0.0,0.0,0.0,0.0,58.64
UICS25-108,1,11,83.0,81.0,82.0,83.0,84.0,82.0,82.0,84.0,84.0,80.0,84.0,82.0,83.0,86,84,86,86,85,84.0,83,82,82,83,1.0,0.0,0.0,0.0,0.0,1.0,0.0,0.0,0.0,0.0,0.0,1.0,0.0,0.0,0.0,0.0,66.82
DAPSMECSE25-017,1,10,79.0,79.0,78.0,79.0,81.0,81.0,78.0,80.0,79.0,78.0,79.0,78.0,78.0,82,82,82,82,82,80.0,80,79,78,81,0.0,1.0,0.0,0.0,0.0,1.0,0.0,0.0,0.0,0.0,0.0,1.0,0.0,0.0,0.0,0.0,75.71
UICS25-163,1,13,75.0,76.0,75.0,75.0,77.0,76.0,76.0,77.0,76.0,76.0,76.0,76.0,76.0,75,75,75,75,75,76.0,76,76,76,76,0.0,1.0,0.0,0.0,0.0,1.0,0.0,0.0,0.0,0.0,0.0,1.0,0.0,0.0,0.0,0.0,66.82
UICS25-038,1,12,84.0,83.0,85.0,84.0,88.0,87.0,86.0,87.0,87.0,86.0,85.0,85.0,85.0,83,84,85,85,87,88.0,89,88,89,89,1.0,0.0,0.0,0.0,0.0,0.0,0.0,0.0,0.0,0.0,1.0,1.0,0.0,0.0,0.0,0.0,66.82
UICS25-247,1,11,78.0,78.0,79.0,80.0,79.0,78.0,80.0,80.0,82.0,81.0,81.0,82.0,81.0,82,80,80,80,80,82.0,80,80,80,82,0.0,1.0,0.0,0.0,0.0,0.0,0.0,0.0,0.0,0.0,1.0,1.0,0.0,0.0,0.0,0.0,66.82
UICS25-072,1,12,86.0,84.0,84.0,85.0,88.0,87.0,87.0,87.0,87.0,86.0,86.0,86.0,87.0,91,91,91,91,91,88.0,88,87,88,90,0.0,1.0,0.0,0.0,0.0,0.0,0.0,0.0,0.0,0.0,1.0,0.0,1.0,0.0,0.0,0.0,66.82
DAPSMECSE25-026,1,15,86.0,85.0,86.0,86.0,83.0,82.0,83.0,83.0,83.0,82.0,81.0,83.0,82.0,86,84,85,85,86,84.0,82,86,87,85,1.0,0.0,0.0,0.0,0.0,0.0,0.0,0.0,0.0,0.0,1.0,1.0,0.0,0.0,0.0,0.0,75.71
UICS24-029,0,12,76.0,76.0,76.0,76.0,79.0,78.0,78.0,79.0,82.0,81.0,81.0,82.0,81.0,80,80,80,80,80,79.0,78,78,78,79,1.0,0.0,0.0,0.0,0.0,1.0,0.0,0.0,0.0,0.0,0.0,1.0,0.0,0.0,0.0,0.0,74.03
LANES25-076,1,12,75.0,75.0,75.0,76.0,76.0,76.0,76.0,76.0,82.0,80.0,80.0,80.0,82.0,80,78,79,79,81,81.0,77,77,77,77,0.0,1.0,0.0,0.0,0.0,0.0,0.0,0.0,0.0,0.0,1.0,0.0,0.0,0.0,0.0,1.0,62.7
UICS24-068,0,11,81.0,80.0,80.0,80.0,82.0,81.0,82.0,83.0,82.0,82.0,81.0,81.0,82.0,83,82,81,81,81,83.0,82,81,81,80,0.0,1.0,0.0,0.0,0.0,0.0,0.0,0.0,0.0,0.0,1.0,1.0,0.0,0.0,0.0,0.0,74.03
LANES25-044,1,11,88.0,91.0,88.0,89.0,85.0,84.0,85.0,86.0,90.0,89.0,90.0,89.0,90.0,93,91,88,92,91,90.0,90,90,90,90,0.0,1.0,0.0,0.0,0.0,1.0,0.0,0.0,0.0,0.0,0.0,1.0,0.0,0.0,0.0,0.0,62.7
DAFSIS25-045,1,11,92.0,83.0,90.0,89.0,91.0,89.0,90.0,89.0,91.0,89.0,91.0,91.0,91.0,90,90,89,90,90,93.0,92,88,91,90,0.0,1.0,0.0,0.0,0.0,1.0,0.0,0.0,0.0,0.0,0.0,0.0,0.0,0.0,0.0,1.0,73.08
UICS25-141,1,12,82.0,80.0,82.0,81.0,82.0,81.0,81.0,83.0,80.0,81.0,81.0,80.0,82.0,85,83,84,83,85,84.0,83,82,85,83,0.0,1.0,0.0,0.0,0.0,1.0,0.0,0.0,0.0,0.0,0.0,1.0,0.0,0.0,0.0,0.0,66.82
BES24-029,0,11,75.0,81.0,76.0,78.0,78.0,77.0,76.0,77.0,78.0,78.0,78.0,78.0,77.0,79,79,79,78,79,82.0,80,81,80,80,1.0,0.0,0.0,0.0,0.0,1.0,0.0,0.0,0.0,0.0,0.0,1.0,0.0,0.0,0.0,0.0,75.7
BES25-185,1,11,83.0,84.0,83.0,85.0,84.0,84.0,84.0,84.0,76.0,76.0,76.0,76.0,76.0,83,82,82,83,84,84.0,83,83,83,83,1.0,0.0,0.0,0.0,0.0,1.0,0.0,0.0,0.0,0.0,0.0,1.0,0.0,0.0,0.0,0.0,80.54
LANES24-008,0,11,80.0,79.0,79.0,81.0,82.0,80.0,83.0,81.0,85.0,84.0,84.0,85.0,85.0,85,84,84,84,85,85.0,85,85,87,87,0.0,1.0,0.0,0.0,0.0,1.0,0.0,0.0,0.0,0.0,0.0,1.0,0.0,0.0,0.0,0.0,78.31
BES24-017,0,11,80.0,80.0,80.0,82.0,82.0,81.0,81.0,81.0,81.0,81.0,82.0,80.0,82.0,81,80,81,80,80,88.0,85,86,86,86,0.0,1.0,0.0,0.0,0.0,1.0,0.0,0.0,0.0,0.0,0.0,1.0,0.0,0.0,0.0,0.0,75.7
UICS25-104,1,12,78.0,78.0,79.0,79.0,84.0,81.0,83.0,83.0,79.0,79.0,79.0,80.0,79.0,84,84,79,80,81,85.0,84,82,84,85,1.0,0.0,0.0,0.0,0.0,1.0,0.0,0.0,0.0,0.0,0.0,1.0,0.0,0.0,0.0,0.0,66.82
NAN25-048,1,12,82.0,85.0,88.0,89.0,77.0,93.0,94.0,93.0,85.0,95.0,83.0,87.0,80.0,91,91,81,89,88,77.0,81,83,76,92,1.0,0.0,0.0,0.0,0.0,0.0,0.0,0.0,0.0,0.0,1.0,1.0,0.0,0.0,0.0,0.0,58.64
LANES25-106,1,11,83.0,84.0,83.0,83.0,85.0,85.0,87.0,85.0,88.0,88.0,88.0,87.0,87.0,86,84,84,85,86,86.0,86,83,85,85,0.0,1.0,0.0,0.0,0.0,1.0,0.0,0.0,0.0,0.0,0.0,1.0,0.0,0.0,0.0,0.0,62.7
UISC25-068,1,11,89.0,88.0,90.0,90.0,94.0,93.0,94.0,94.0,94.0,93.0,94.0,93.0,94.0,92,95,92,92,90,93.0,95,95,94,90,0.0,1.0,0.0,0.0,0.0,0.0,0.0,0.0,0.0,0.0,1.0,1.0,0.0,0.0,0.0,0.0,72.08
UISC25-075,1,11,92.0,91.0,91.0,93.0,94.0,93.0,93.0,94.0,93.0,93.0,94.0,94.0,93.0,92,93,92,91,90,93.0,93,93,94,92,1.0,0.0,0.0,0.0,0.0,0.0,0.0,0.0,0.0,0.0,1.0,1.0,0.0,0.0,0.0,0.0,72.08
UICS25-398,1,11,77.0,77.0,77.0,78.0,81.0,80.0,80.0,81.0,81.0,79.0,79.0,79.0,79.0,76,76,76,76,76,80.0,80,79,80,81,1.0,0.0,0.0,0.0,0.0,0.0,0.0,0.0,0.0,0.0,1.0,0.0,0.0,1.0,0.0,0.0,66.82
NAN25-060,1,14,85.0,93.0,87.0,87.0,80.0,82.0,81.0,82.0,84.0,88.0,83.0,93.0,87.0,92,89,90,79,91,80.0,94,84,94,80,0.0,1.0,0.0,0.0,0.0,1.0,0.0,0.0,0.0,0.0,0.0,1.0,0.0,0.0,0.0,0.0,58.64
LANES25-021,1,11,79.0,78.0,77.0,77.0,80.0,79.0,80.0,81.0,81.0,81.0,81.0,81.0,82.0,77,78,79,77,79,78.0,77,77,77,77,0.0,1.0,0.0,0.0,0.0,1.0,0.0,0.0,0.0,0.0,0.0,1.0,0.0,0.0,0.0,0.0,62.7
DAFSIS25-031,1,12,80.0,80.0,80.0,83.0,85.0,81.0,81.0,83.0,84.0,81.0,81.0,82.0,83.0,79,77,78,77,78,79.0,80,78,80,77,0.0,1.0,0.0,0.0,0.0,1.0,0.0,0.0,0.0,0.0,0.0,1.0,0.0,0.0,0.0,0.0,73.08
UICS25-032,1,12,90.0,91.0,90.0,90.0,89.0,89.0,90.0,90.0,87.0,86.0,86.0,85.0,87.0,91,90,90,89,90,89.0,82,82,83,82,1.0,0.0,0.0,0.0,0.0,0.0,0.0,0.0,0.0,0.0,1.0,1.0,0.0,0.0,0.0,0.0,66.82
NAN25-030,1,11,86.0,87.0,85.0,85.0,81.0,80.0,82.0,80.0,80.0,78.0,79.0,78.0,80.0,81,80,81,82,81,89.0,86,86,87,87,0.0,1.0,0.0,0.0,0.0,1.0,0.0,0.0,0.0,0.0,0.0,1.0,0.0,0.0,0.0,0.0,58.64
BES25-044,1,12,84.0,84.0,82.0,83.0,86.0,85.0,85.0,87.0,80.0,80.0,81.0,81.0,82.0,86,86,83,85,86,87.0,84,84,85,87,1.0,0.0,0.0,0.0,0.0,1.0,0.0,0.0,0.0,0.0,0.0,1.0,0.0,0.0,0.0,0.0,80.54
UICS25-241,1,11,84.0,80.0,82.0,84.0,85.0,86.0,87.0,86.0,87.0,85.0,85.0,86.0,87.0,86,85,85,84,86,87.0,86,85,87,86,1.0,0.0,0.0,0.0,0.0,1.0,0.0,0.0,0.0,0.0,0.0,1.0,0.0,0.0,0.0,0.0,66.82
DAPSMECSE25-003,1,11,87.0,87.0,89.0,88.0,87.0,86.0,86.0,87.0,91.0,89.0,90.0,91.0,89.0,93,92,93,94,92,93.0,93,93,95,91,0.0,1.0,0.0,0.0,0.0,1.0,0.0,0.0,0.0,0.0,0.0,1.0,0.0,0.0,0.0,0.0,75.71
UICS25-053,1,11,85.0,84.0,86.0,86.0,88.0,87.0,87.0,88.0,87.0,85.0,85.0,85.0,85.0,91,91,88,86,89,91.0,90,90,90,90,1.0,0.0,0.0,0.0,0.0,1.0,0.0,0.0,0.0,0.0,0.0,1.0,0.0,0.0,0.0,0.0,66.82
UISC25-077,1,11,92.0,92.0,91.0,94.0,92.0,94.0,92.0,94.0,93.0,92.0,93.0,93.0,94.0,90,91,86,89,89,91.0,93,91,91,88,1.0,0.0,0.0,0.0,0.0,0.0,0.0,0.0,0.0,0.0,1.0,1.0,0.0,0.0,0.0,0.0,72.08
UISC25-061,1,12,90.0,89.0,88.0,93.0,94.0,94.0,94.0,95.0,93.0,93.0,93.0,93.0,95.0,92,93,89,91,91,93.0,92,92,91,89,1.0,0.0,0.0,0.0,0.0,0.0,0.0,0.0,0.0,0.0,1.0,0.0,0.0,1.0,0.0,0.0,72.08
UICS25-002,1,11,88.0,87.0,88.0,86.0,88.0,87.0,86.0,86.0,87.0,86.0,86.0,86.0,86.0,92,89,88,86,89,91.0,87,86,88,88,1.0,0.0,0.0,0.0,0.0,1.0,0.0,0.0,0.0,0.0,0.0,1.0,0.0,0.0,0.0,0.0,66.82
BES24-019,0,11,87.0,87.0,87.0,88.0,86.0,85.0,85.0,84.0,84.0,82.0,82.0,82.0,83.0,85,83,82,83,83,87.0,85,86,85,84,0.0,1.0,0.0,0.0,0.0,1.0,0.0,0.0,0.0,0.0,0.0,1.0,0.0,0.0,0.0,0.0,75.7
UICS25-231,1,11,87.0,88.0,87.0,86.0,86.0,88.0,87.0,88.0,84.91689751,87.0,86.0,84.0,84.0,85,86,86,85,85,85.0,86,86,86,86,1.0,0.0,0.0,0.0,0.0,1.0,0.0,0.0,0.0,0.0,0.0,1.0,0.0,0.0,0.0,0.0,66.82
LANES25-143,1,12,86.0,85.0,87.0,86.0,85.0,84.0,85.0,85.0,86.0,86.0,86.0,86.0,86.0,84,84,82,85,84,87.0,87,87,87,87,0.0,1.0,0.0,0.0,0.0,1.0,0.0,0.0,0.0,0.0,0.0,1.0,0.0,0.0,0.0,0.0,62.7
UICS25-184,1,11,83.0,80.0,80.0,84.0,85.0,85.0,85.0,85.0,84.0,83.0,82.0,83.0,84.0,84,84,86,85,84,83.0,80,80,81,82,1.0,0.0,0.0,0.0,0.0,1.0,0.0,0.0,0.0,0.0,0.0,0.0,0.0,0.0,0.0,1.0,66.82
UICS25-153,1,11,75.0,76.0,76.0,77.0,80.0,80.0,80.0,80.0,81.0,81.0,81.0,81.0,81.0,81,80,80,80,80,82.0,81,81,83,83,0.0,1.0,0.0,0.0,0.0,1.0,0.0,0.0,0.0,0.0,0.0,1.0,0.0,0.0,0.0,0.0,66.82
NAN25-005,1,11,87.0,87.0,85.0,86.0,86.0,83.0,84.0,85.0,79.0,80.0,78.0,77.0,76.0,86,85,85,85,87,89.0,88,88,88,88,1.0,0.0,0.0,0.0,0.0,1.0,0.0,0.0,0.0,0.0,0.0,1.0,0.0,0.0,0.0,0.0,58.64
BES25-177,1,11,93.0,94.0,91.0,91.0,90.0,89.0,90.0,90.0,87.0,87.0,87.0,87.0,86.0,89,87,89,87,99,91.0,90,90,89,90,1.0,0.0,0.0,0.0,0.0,1.0,0.0,0.0,0.0,0.0,0.0,1.0,0.0,0.0,0.0,0.0,80.54
LANES25-065,1,12,80.0,81.0,86.0,84.0,86.0,84.0,87.0,88.0,86.0,85.0,85.0,86.0,87.0,83,79,83,77,82,86.0,85,83,82,85,1.0,0.0,0.0,0.0,0.0,1.0,0.0,0.0,0.0,0.0,0.0,0.0,0.0,1.0,0.0,0.0,62.7
UICS25-133,1,11,77.0,76.0,77.0,77.0,82.0,81.0,82.0,82.0,81.0,80.0,80.0,80.0,80.0,80,79,79,79,79,81.0,80,79,79,80,0.0,1.0,0.0,0.0,0.0,0.0,0.0,0.0,0.0,0.0,1.0,1.0,0.0,0.0,0.0,0.0,66.82
BES25-171,1,12,89.0,91.0,89.0,90.0,87.0,87.0,87.0,87.0,88.0,86.0,87.0,88.0,87.0,91,90,91,90,90,92.0,91,95,92,89,1.0,0.0,0.0,0.0,0.0,1.0,0.0,0.0,0.0,0.0,0.0,1.0,0.0,0.0,0.0,0.0,80.54
NAN25-064,1,12,82.0,86.0,82.0,90.0,90.0,79.0,76.0,90.0,75.0,83.0,92.0,88.0,94.0,80,76,92,84,90,89.0,86,84,89,85,0.0,1.0,0.0,0.0,0.0,1.0,0.0,0.0,0.0,0.0,0.0,1.0,0.0,0.0,0.0,0.0,58.64
UICS25-279,1,11,89.0,90.0,88.0,91.0,92.0,91.0,91.0,91.0,88.0,87.0,87.0,87.0,88.0,86,84,83,84,85,88.0,87,86,87,88,1.0,0.0,0.0,0.0,0.0,1.0,0.0,0.0,0.0,0.0,0.0,0.0,0.0,1.0,0.0,0.0,66.82
BES25-004,1,11,84.0,87.0,83.0,83.0,82.0,82.0,82.0,83.0,83.0,82.0,82.0,83.0,83.0,84,83,83,83,84,86.0,86,86,87,86,0.0,1.0,0.0,0.0,0.0,0.0,0.0,0.0,0.0,0.0,1.0,0.0,0.0,0.0,0.0,1.0,80.54
BES25-141,1,11,79.0,78.0,79.0,80.0,80.0,79.0,80.0,81.0,75.0,75.0,75.0,75.0,75.0,76,76,76,76,76,78.0,78,78,78,78,0.0,1.0,0.0,0.0,0.0,1.0,0.0,0.0,0.0,0.0,0.0,1.0,0.0,0.0,0.0,0.0,80.54
UICS25-055,1,11,88.0,86.0,85.0,89.0,91.0,90.0,90.0,90.0,92.0,92.0,92.0,92.0,93.0,91,89,88,87,87,92.0,91,91,91,91,1.0,0.0,0.0,0.0,0.0,0.0,0.0,0.0,0.0,0.0,1.0,0.0,0.0,1.0,0.0,0.0,66.82
UICS25-272,1,11,79.0,80.0,79.0,79.0,85.0,84.0,84.0,85.0,83.0,84.0,83.0,83.0,82.0,87,85,82,83,85,84.0,85,82,83,84,1.0,0.0,0.0,0.0,0.0,1.0,0.0,0.0,0.0,0.0,0.0,1.0,0.0,0.0,0.0,0.0,66.82
UICS25-383,1,11,81.0,80.0,81.0,82.0,85.0,84.0,84.0,85.0,84.0,84.0,84.0,84.0,84.0,80,80,79,79,81,83.0,82,83,82,83,1.0,0.0,0.0,0.0,0.0,1.0,0.0,0.0,0.0,0.0,0.0,0.0,0.0,1.0,0.0,0.0,66.82
LANES25-034,1,11,94.0,93.0,90.0,90.0,87.0,87.0,87.0,86.0,87.0,86.0,86.0,87.0,87.0,86,85,84,85,86,88.0,87,84,86,87,1.0,0.0,0.0,0.0,0.0,1.0,0.0,0.0,0.0,0.0,0.0,1.0,0.0,0.0,0.0,0.0,62.7
BES25-045,1,12,83.0,78.0,81.0,82.0,76.0,76.0,76.0,76.0,77.0,77.0,77.0,77.0,77.0,84,84,84,85,84,84.0,83,84,85,83,1.0,0.0,0.0,0.0,0.0,1.0,0.0,0.0,0.0,0.0,0.0,0.0,0.0,1.0,0.0,0.0,80.54
UISC25-031,1,11,89.0,90.0,89.0,90.0,91.0,90.0,90.0,91.0,89.0,90.0,90.0,87.0,89.0,90,91,91,91,91,92.0,91,88,89,81,1.0,0.0,0.0,0.0,0.0,0.0,0.0,0.0,0.0,0.0,1.0,1.0,0.0,0.0,0.0,0.0,72.08
UICS25-220,1,11,90.0,91.0,89.0,89.0,89.0,87.0,90.0,91.0,84.91689751,87.0,89.0,90.0,90.0,89,84,85,86,87,85.0,85,87,87,88,0.0,1.0,0.0,0.0,0.0,0.0,0.0,0.0,0.0,0.0,1.0,1.0,0.0,0.0,0.0,0.0,66.82
LANES25-045,1,11,83.0,84.0,82.0,81.0,85.0,85.0,84.0,85.0,86.0,85.0,85.0,86.0,86.0,82,80,80,83,83,86.0,84,86,85,85,0.0,1.0,0.0,0.0,0.0,1.0,0.0,0.0,0.0,0.0,0.0,1.0,0.0,0.0,0.0,0.0,62.7
UICS25-178,1,11,89.0,87.0,86.0,90.0,92.0,92.0,92.0,92.0,90.0,90.0,89.0,90.0,91.0,88,86,88,87,86,87.0,87,87,87,88,1.0,0.0,0.0,0.0,0.0,0.0,0.0,0.0,0.0,0.0,1.0,1.0,0.0,0.0,0.0,0.0,66.82
UICS25-169,1,12,79.0,79.0,79.0,79.0,78.0,78.0,78.0,78.0,80.0,79.0,79.0,79.0,81.0,79,77,77,78,79,80.0,81,83,83,86,1.0,0.0,0.0,0.0,0.0,0.0,0.0,0.0,0.0,0.0,1.0,1.0,0.0,0.0,0.0,0.0,66.82
UICS25-196,1,11,85.0,85.0,85.0,85.0,87.0,91.0,86.0,87.0,86.0,83.0,84.0,86.0,86.0,85,84,85,84,84,86.0,89,89,86,85,1.0,0.0,0.0,0.0,0.0,0.0,0.0,0.0,0.0,0.0,1.0,1.0,0.0,0.0,0.0,0.0,66.82
UICS25-278,1,11,81.0,81.0,83.0,82.0,87.0,85.0,87.0,86.0,87.0,86.0,86.0,86.0,87.0,82,82,84,82,82,86.0,84,84,82,85,0.0,1.0,0.0,0.0,0.0,1.0,0.0,0.0,0.0,0.0,0.0,1.0,0.0,0.0,0.0,0.0,66.82
BES25-011,1,11,84.0,83.0,84.0,85.0,82.0,82.0,82.0,82.0,82.0,81.0,81.0,80.0,81.0,86,87,85,86,87,88.0,87,86,86,85,0.0,1.0,0.0,0.0,0.0,1.0,0.0,0.0,0.0,0.0,0.0,1.0,0.0,0.0,0.0,0.0,80.54
BES25-134,1,13,80.0,76.0,77.0,77.0,87.0,84.0,85.0,85.0,82.0,81.0,82.0,82.0,81.0,80,80,80,80,80,77.0,75,75,75,75,0.0,1.0,0.0,0.0,0.0,1.0,0.0,0.0,0.0,0.0,0.0,1.0,0.0,0.0,0.0,0.0,80.54
UICS25-151,1,13,81.0,81.0,82.0,83.0,78.0,80.0,80.0,79.0,80.0,79.0,81.0,81.0,81.0,82,82,83,82,83,81.0,80,80,80,80,1.0,0.0,0.0,0.0,0.0,0.0,0.0,0.0,0.0,0.0,1.0,1.0,0.0,0.0,0.0,0.0,66.82
UICS25-262,1,11,75.0,75.0,76.0,76.0,81.0,81.0,79.0,81.0,80.0,78.0,78.0,79.0,80.0,80,78,79,79,80,81.0,81,81,81,79,1.0,0.0,0.0,0.0,0.0,0.0,0.0,0.0,0.0,0.0,1.0,1.0,0.0,0.0,0.0,0.0,66.82
BES25-066,1,11,92.0,90.0,89.0,90.0,84.0,83.0,86.0,84.0,83.0,82.0,83.0,83.0,82.0,87,87,85,86,86,87.0,84,86,86,85,0.0,1.0,0.0,0.0,0.0,1.0,0.0,0.0,0.0,0.0,0.0,1.0,0.0,0.0,0.0,0.0,80.54
BES25-008,1,11,80.0,80.0,80.0,81.0,84.0,84.0,84.0,84.0,82.0,82.0,82.0,81.0,81.0,88,89,88,87,88,87.0,84,87,86,85,0.0,1.0,0.0,0.0,0.0,1.0,0.0,0.0,0.0,0.0,0.0,1.0,0.0,0.0,0.0,0.0,80.54
UICS25-394,1,11,85.0,83.0,84.0,86.0,88.0,87.0,88.0,89.0,87.0,86.0,87.0,87.0,87.0,87,86,87,85,84,86.0,86,86,87,86,1.0,0.0,0.0,0.0,0.0,1.0,0.0,0.0,0.0,0.0,0.0,1.0,0.0,0.0,0.0,0.0,66.82
BES25-182,1,10,89.0,89.0,87.0,89.0,84.0,85.0,85.0,86.0,86.0,85.0,85.0,85.0,85.0,89,88,90,87,87,90.0,88,91,90,89,1.0,0.0,0.0,0.0,0.0,1.0,0.0,0.0,0.0,0.0,0.0,1.0,0.0,0.0,0.0,0.0,80.54
UICS24-013,0,12,80.0,81.0,82.0,83.0,87.0,83.0,85.0,84.0,86.0,84.0,84.0,85.0,85.0,86,85,85,84,85,89.0,90,90,89,88,0.0,1.0,0.0,0.0,0.0,1.0,0.0,0.0,0.0,0.0,0.0,1.0,0.0,0.0,0.0,0.0,74.03
UICS25-339,1,11,85.0,85.0,85.0,85.0,86.0,86.0,87.0,86.0,84.0,84.0,84.0,83.0,84.0,87,88,88,87,87,88.0,87,86,88,88,1.0,0.0,0.0,0.0,0.0,1.0,0.0,0.0,0.0,0.0,0.0,1.0,0.0,0.0,0.0,0.0,66.82
UICS25-193,1,11,87.0,85.0,88.0,88.0,88.0,84.0,87.0,87.0,86.0,85.0,84.0,86.0,86.0,85,85,85,84,85,88.0,87,86,87,88,0.0,1.0,0.0,0.0,0.0,1.0,0.0,0.0,0.0,0.0,0.0,1.0,0.0,0.0,0.0,0.0,66.82
UICS25-254,1,11,85.0,83.0,82.0,82.0,79.0,78.0,78.0,79.0,79.0,79.0,78.0,78.0,78.0,83,83,83,83,83,81.0,83,81,81,81,0.0,1.0,0.0,0.0,0.0,0.0,0.0,0.0,0.0,0.0,1.0,1.0,0.0,0.0,0.0,0.0,66.82
BES25-091,1,13,78.0,78.0,77.0,78.0,75.0,75.0,75.0,75.0,75.0,75.0,75.0,75.0,75.0,76,76,76,76,76,75.0,75,75,75,75,0.0,1.0,0.0,0.0,0.0,0.0,0.0,0.0,0.0,0.0,1.0,1.0,0.0,0.0,0.0,0.0,80.54
UICS25-299,1,11,87.0,83.0,82.0,86.0,86.0,84.0,84.0,84.0,84.0,84.0,83.0,83.0,84.0,82,81,82,81,82,82.0,82,81,82,83,0.0,1.0,0.0,0.0,0.0,1.0,0.0,0.0,0.0,0.0,0.0,1.0,0.0,0.0,0.0,0.0,66.82
UISC25-053,1,11,93.0,93.0,91.0,95.0,94.0,94.0,94.0,94.0,94.0,93.0,94.0,93.0,94.0,96,93,90,91,92,93.0,93,93,93,91,1.0,0.0,0.0,0.0,0.0,0.0,0.0,0.0,0.0,0.0,1.0,1.0,0.0,0.0,0.0,0.0,72.08
NAN25-022,1,11,87.0,84.0,84.0,90.0,91.0,90.0,92.0,91.0,93.0,92.0,93.0,91.0,92.0,91,91,90,90,90,93.0,93,92,93,92,0.0,1.0,0.0,0.0,0.0,1.0,0.0,0.0,0.0,0.0,0.0,0.0,0.0,0.0,0.0,1.0,58.64
LANES25-041,1,13,87.0,85.0,83.0,86.0,85.0,85.0,85.0,86.0,85.0,83.0,84.0,84.0,84.0,84,83,83,84,85,87.0,84,84,85,85,1.0,0.0,0.0,0.0,0.0,1.0,0.0,0.0,0.0,0.0,0.0,1.0,0.0,0.0,0.0,0.0,62.7
UISC25-113,1,11,94.0,91.0,88.0,91.0,92.0,90.0,90.0,91.0,93.0,92.0,92.0,93.0,92.0,93,90,89,90,91,92.0,92,86,91,91,1.0,0.0,0.0,0.0,0.0,0.0,0.0,0.0,0.0,0.0,1.0,1.0,0.0,0.0,0.0,0.0,72.08
UICS25-361,1,11,79.0,80.0,79.0,79.0,85.0,85.0,84.0,85.0,82.0,82.0,83.0,82.0,81.0,82,80,80,81,82,84.0,84,84,84,84,0.0,1.0,0.0,0.0,0.0,0.0,0.0,0.0,0.0,0.0,1.0,1.0,0.0,0.0,0.0,0.0,66.82
UICS25-336,1,11,88.0,87.0,87.0,86.0,88.0,87.0,87.0,86.0,87.0,86.0,85.0,86.0,85.0,84,84,86,84,86,86.0,85,86,85,86,0.0,1.0,0.0,0.0,0.0,0.0,0.0,0.0,0.0,0.0,1.0,1.0,0.0,0.0,0.0,0.0,66.82
DAFSIS25-024,1,12,85.0,84.0,85.0,85.0,87.0,87.0,88.0,89.0,88.0,87.0,88.0,88.0,87.0,85,84,87,85,87,91.0,86,88,85,85,1.0,0.0,0.0,0.0,0.0,1.0,0.0,0.0,0.0,0.0,0.0,1.0,0.0,0.0,0.0,0.0,73.08
UISC24-023,0,12,93.0,90.0,90.0,92.0,95.0,94.0,94.0,95.0,94.0,94.0,94.0,94.0,94.0,96,95,94,94,95,95.0,96,93,94,92,1.0,0.0,0.0,0.0,0.0,1.0,0.0,0.0,0.0,0.0,0.0,1.0,0.0,0.0,0.0,0.0,76.93
UISC24-007,0,12,92.0,91.0,93.0,92.0,91.0,92.0,91.0,92.0,92.0,91.0,90.0,91.0,91.0,90,89,89,90,91,91.0,92,90,90,90,1.0,0.0,0.0,0.0,0.0,0.0,0.0,0.0,0.0,0.0,1.0,1.0,0.0,0.0,0.0,0.0,76.93
LANES24-006,0,12,77.0,78.0,78.0,79.0,82.0,82.0,82.0,82.0,81.0,80.0,81.0,80.0,79.0,80,80,81,82,81,86.0,85,86,83,85,0.0,1.0,0.0,0.0,0.0,1.0,0.0,0.0,0.0,0.0,0.0,1.0,0.0,0.0,0.0,0.0,78.31
DAPSMECSE25-029,1,11,85.0,81.0,88.0,85.0,85.0,84.0,88.0,86.0,89.0,89.0,89.0,89.0,89.0,85,85,85,86,84,83.0,82,87,83,83,0.0,1.0,0.0,0.0,0.0,1.0,0.0,0.0,0.0,0.0,0.0,1.0,0.0,0.0,0.0,0.0,75.71
UICS25-019,1,11,89.0,87.0,90.0,90.0,90.0,89.0,89.0,90.0,89.0,88.0,88.0,87.0,88.0,87,88,90,87,87,89.0,88,87,88,87,0.0,1.0,0.0,0.0,0.0,1.0,0.0,0.0,0.0,0.0,0.0,1.0,0.0,0.0,0.0,0.0,66.82
UICS25-345,1,11,88.0,87.0,88.0,88.0,89.0,89.0,89.0,90.0,86.0,85.0,86.0,85.0,86.0,92,92,92,91,91,91.0,92,89,90,91,1.0,0.0,0.0,0.0,0.0,1.0,0.0,0.0,0.0,0.0,0.0,1.0,0.0,0.0,0.0,0.0,66.82
NAN25-065,1,13,86.0,78.0,79.0,87.0,88.0,91.0,81.0,77.0,93.0,81.0,80.0,76.0,79.0,95,92,94,83,79,79.0,79,87,95,83,1.0,0.0,0.0,0.0,0.0,0.0,0.0,0.0,0.0,0.0,1.0,1.0,0.0,0.0,0.0,0.0,58.64
UICS25-384,1,11,85.0,84.0,84.0,85.0,88.0,87.0,88.0,89.0,87.0,87.0,87.0,87.0,88.0,84,83,84,84,83,87.0,86,85,85,85,1.0,0.0,0.0,0.0,0.0,0.0,0.0,0.0,0.0,0.0,1.0,1.0,0.0,0.0,0.0,0.0,66.82
UISC25-027,1,11,86.0,86.0,86.0,87.0,90.0,89.0,90.0,91.0,88.0,89.0,88.0,90.0,89.0,86,87,87,88,86,88.0,89,87,89,89,1.0,0.0,0.0,0.0,0.0,0.0,0.0,0.0,0.0,0.0,1.0,0.0,0.0,0.0,1.0,0.0,72.08
DCBMES25-001,1,12,86.0,85.0,86.0,86.0,87.0,86.0,86.0,87.0,86.0,85.0,85.0,85.0,86.0,88,84,81,88,87,91.0,87,87,90,89,0.0,1.0,0.0,0.0,0.0,1.0,0.0,0.0,0.0,0.0,0.0,1.0,0.0,0.0,0.0,0.0,33.59
BES24-027,0,12,79.0,77.0,79.0,82.0,81.0,78.0,78.0,80.0,83.0,82.0,82.0,83.0,82.0,81,81,80,80,80,82.0,81,81,81,82,0.0,1.0,0.0,0.0,0.0,1.0,0.0,0.0,0.0,0.0,0.0,1.0,0.0,0.0,0.0,0.0,75.7
BES25-174,1,11,95.0,95.0,94.0,91.0,94.0,93.0,93.0,93.0,92.0,91.0,92.0,91.0,91.0,91,90,91,89,90,93.0,91,91,92,90,1.0,0.0,0.0,0.0,0.0,1.0,0.0,0.0,0.0,0.0,0.0,1.0,0.0,0.0,0.0,0.0,80.54
BES25-209,1,11,83.0,83.0,84.0,83.0,78.0,78.0,78.0,80.0,79.0,79.0,78.0,78.0,78.0,83,83,83,83,83,83.0,81,81,82,82,0.0,1.0,0.0,0.0,0.0,1.0,0.0,0.0,0.0,0.0,0.0,1.0,0.0,0.0,0.0,0.0,80.54
LANES25-100,1,12,88.0,86.0,88.0,88.0,91.0,88.0,90.0,89.0,90.0,90.0,90.0,90.0,90.0,91,91,91,91,90,90.0,91,90,90,91,1.0,0.0,0.0,0.0,0.0,1.0,0.0,0.0,0.0,0.0,0.0,1.0,0.0,0.0,0.0,0.0,62.7
LANES25-116,1,11,81.0,80.0,81.0,82.0,85.0,82.0,85.0,84.0,85.0,83.0,82.0,84.0,83.0,88,85,94,85,86,82.0,80,81,80,83,1.0,0.0,0.0,0.0,0.0,1.0,0.0,0.0,0.0,0.0,0.0,1.0,0.0,0.0,0.0,0.0,62.7
BES25-082,1,11,82.0,81.0,80.0,81.0,81.0,81.0,81.0,81.0,83.0,82.0,82.0,82.0,82.0,83,82,81,82,86,83.0,83,83,83,83,1.0,0.0,0.0,0.0,0.0,1.0,0.0,0.0,0.0,0.0,0.0,1.0,0.0,0.0,0.0,0.0,80.54
BES25-132,1,11,78.0,78.0,78.0,78.0,84.0,85.0,83.0,84.0,77.0,77.0,77.0,78.0,76.0,81,81,81,81,81,77.0,79,79,79,80,0.0,1.0,0.0,0.0,0.0,1.0,0.0,0.0,0.0,0.0,0.0,1.0,0.0,0.0,0.0,0.0,80.54
LANES25-019,1,12,83.0,84.0,81.0,83.0,78.0,78.0,78.0,78.0,81.0,80.0,80.0,80.0,82.0,79,78,77,79,79,85.0,82,83,82,83,0.0,1.0,0.0,0.0,0.0,1.0,0.0,0.0,0.0,0.0,0.0,1.0,0.0,0.0,0.0,0.0,62.7
UISC25-015,1,11,85.0,84.0,84.0,84.0,88.0,88.0,87.0,88.0,87.0,86.0,86.0,87.0,87.0,89,91,90,90,89,92.0,94,90,92,92,1.0,0.0,0.0,0.0,0.0,0.0,0.0,0.0,0.0,0.0,1.0,0.0,0.0,1.0,0.0,0.0,72.08
DCBMES25-019,1,11,89.0,89.0,88.0,89.0,90.0,89.0,90.0,89.0,92.0,90.0,90.0,90.0,90.0,89,87,85,87,88,80.0,80,89,88,89,1.0,0.0,0.0,0.0,0.0,1.0,0.0,0.0,0.0,0.0,0.0,1.0,0.0,0.0,0.0,0.0,33.59
LANES25-078,1,11,81.0,80.0,81.0,82.0,80.0,79.0,80.0,81.0,80.0,78.0,80.0,79.0,79.0,85,85,84,83,82,83.0,81,82,82,83,1.0,0.0,0.0,0.0,0.0,1.0,0.0,0.0,0.0,0.0,0.0,1.0,0.0,0.0,0.0,0.0,62.7
DCBMES25-008,1,11,84.0,84.0,84.0,85.0,80.0,79.0,78.0,81.0,84.0,85.0,84.0,83.0,86.0,82,79,81,81,82,85.0,83,84,85,87,0.0,1.0,0.0,0.0,0.0,1.0,0.0,0.0,0.0,0.0,0.0,1.0,0.0,0.0,0.0,0.0,33.59
DAPSMECSE25-022,1,11,76.0,75.0,75.0,76.0,76.0,75.0,75.0,76.0,79.0,78.0,81.0,78.0,77.0,79,77,80,78,79,84.0,81,83,84,84,0.0,1.0,0.0,0.0,0.0,1.0,0.0,0.0,0.0,0.0,0.0,1.0,0.0,0.0,0.0,0.0,75.71
UICS25-171,1,13,83.0,82.0,84.0,84.0,82.0,82.0,82.0,82.0,81.0,81.0,80.0,80.0,81.0,84,83,83,83,83,87.0,84,80,82,86,0.0,1.0,0.0,0.0,0.0,0.0,0.0,0.0,0.0,0.0,1.0,1.0,0.0,0.0,0.0,0.0,66.82
UICS25-341,1,12,85.0,81.0,84.0,85.0,90.0,89.0,89.0,89.0,87.0,85.0,86.0,86.0,87.0,87,85,87,88,85,87.0,87,87,89,88,1.0,0.0,0.0,0.0,0.0,0.0,0.0,0.0,0.0,0.0,1.0,1.0,0.0,0.0,0.0,0.0,66.82
BES25-173,1,11,92.0,90.0,91.0,92.0,88.0,85.0,88.0,85.0,87.0,87.0,91.0,87.0,85.0,90,88,89,89,90,92.0,92,94,93,90,1.0,0.0,0.0,0.0,0.0,1.0,0.0,0.0,0.0,0.0,0.0,1.0,0.0,0.0,0.0,0.0,80.54
BES24-034,0,11,83.0,80.0,81.0,83.0,81.0,81.0,81.0,81.0,83.0,84.0,82.0,84.0,83.0,82,82,82,82,82,79.0,79,79,79,79,1.0,0.0,0.0,0.0,0.0,1.0,0.0,0.0,0.0,0.0,0.0,1.0,0.0,0.0,0.0,0.0,75.7
DAPSMECSE25-031,1,11,89.0,90.0,88.0,89.0,80.0,82.0,79.0,81.0,84.0,85.0,84.0,85.0,84.0,85,81,80,81,80,83.0,78,80,79,83,0.0,1.0,0.0,0.0,0.0,0.0,0.0,0.0,0.0,1.0,0.0,1.0,0.0,0.0,0.0,0.0,75.71
UICS24-045,0,12,84.0,84.0,83.0,84.0,88.0,83.0,85.0,85.0,85.0,84.0,84.0,84.0,83.0,84,84,84,85,84,83.0,87,83,85,83,0.0,1.0,0.0,0.0,0.0,1.0,0.0,0.0,0.0,0.0,0.0,1.0,0.0,0.0,0.0,0.0,74.03
DAFSIS25-011,1,11,89.0,87.0,88.0,87.0,87.0,86.0,87.0,87.0,90.0,89.0,89.0,90.0,89.0,90,89,91,90,89,93.0,92,93,92,95,0.0,1.0,0.0,0.0,0.0,1.0,0.0,0.0,0.0,0.0,0.0,1.0,0.0,0.0,0.0,0.0,73.08
UICS25-186,1,11,90.0,89.0,92.0,90.0,86.0,87.0,87.0,88.0,85.0,86.0,86.0,86.0,86.0,84,83,83,83,85,89.0,80,78,80,78,1.0,0.0,0.0,0.0,0.0,0.0,0.0,0.0,0.0,0.0,1.0,1.0,0.0,0.0,0.0,0.0,66.82
UISC25-110,1,12,90.0,87.0,88.0,89.0,93.0,92.0,92.0,92.0,92.0,91.0,91.0,91.0,91.0,86,87,85,85,87,89.0,89,89,89,90,0.0,1.0,0.0,0.0,0.0,0.0,0.0,0.0,0.0,0.0,1.0,1.0,0.0,0.0,0.0,0.0,72.08
DAPSMECSE25-007,1,11,87.0,84.0,85.0,87.0,88.0,85.0,85.0,88.0,88.0,86.0,86.0,87.0,87.0,84,82,83,84,85,83.0,82,81,84,81,1.0,0.0,0.0,0.0,0.0,1.0,0.0,0.0,0.0,0.0,0.0,1.0,0.0,0.0,0.0,0.0,75.71
NAN24-019,0,11,87.0,85.0,85.0,87.0,88.0,88.0,87.0,87.0,89.0,86.0,87.0,87.0,88.0,89,88,87,88,89,88.0,87,85,87,87,0.0,1.0,0.0,0.0,0.0,1.0,0.0,0.0,0.0,0.0,0.0,0.0,0.0,0.0,0.0,1.0,65.57
UICS24-008,0,12,91.0,88.0,91.0,91.0,89.0,91.0,90.0,89.0,90.0,91.0,90.0,90.0,88.0,92,90,90,90,91,91.0,89,89,90,91,1.0,0.0,0.0,0.0,0.0,1.0,0.0,0.0,0.0,0.0,0.0,1.0,0.0,0.0,0.0,0.0,74.03
BES25-085,1,12,80.0,80.0,79.0,79.0,81.0,79.0,80.0,81.0,82.0,82.0,82.0,81.0,81.0,84,83,84,84,85,80.0,80,80,80,80,0.0,1.0,0.0,0.0,0.0,1.0,0.0,0.0,0.0,0.0,0.0,1.0,0.0,0.0,0.0,0.0,80.54
DAPSMECSE25-034,1,11,75.0,75.0,75.0,75.0,77.0,76.0,77.0,78.0,76.0,76.0,76.0,76.0,76.0,77,76,76,78,75,78.0,77,77,77,78,0.0,1.0,0.0,0.0,0.0,1.0,0.0,0.0,0.0,0.0,0.0,1.0,0.0,0.0,0.0,0.0,75.71
UICS25-281,1,12,91.0,92.0,89.0,89.0,92.0,92.0,92.0,91.0,89.0,88.0,90.0,90.0,88.0,90,89,88,88,89,87.0,86,86,87,87,1.0,0.0,0.0,0.0,0.0,1.0,0.0,0.0,0.0,0.0,0.0,1.0,0.0,0.0,0.0,0.0,66.82
UICS25-274,1,12,78.0,77.0,77.0,80.0,79.0,79.0,79.0,79.0,80.0,80.0,80.0,80.0,80.0,86,83,83,83,84,87.0,86,85,87,87,0.0,1.0,0.0,0.0,0.0,0.0,0.0,0.0,0.0,1.0,0.0,1.0,0.0,0.0,0.0,0.0,66.82
UICS24-066,0,11,82.0,82.0,81.0,82.0,85.0,81.0,83.0,83.0,83.0,81.0,81.0,82.0,82.0,84,84,83,84,84,87.0,86,86,86,85,1.0,0.0,0.0,0.0,0.0,0.0,0.0,0.0,0.0,0.0,1.0,1.0,0.0,0.0,0.0,0.0,74.03
UICS25-146,1,11,82.0,81.0,81.0,82.0,85.0,84.0,83.0,85.0,81.0,81.0,81.0,81.0,81.0,81,81,83,81,81,76.0,76,76,76,76,0.0,1.0,0.0,0.0,0.0,0.0,0.0,0.0,0.0,0.0,1.0,1.0,0.0,0.0,0.0,0.0,66.82
DAPSMECSE25-030,1,12,83.0,83.0,84.0,84.0,78.0,77.0,79.0,80.0,78.0,79.0,86.0,77.0,79.0,85,83,84,84,85,83.0,82,83,88,85,0.0,1.0,0.0,0.0,0.0,1.0,0.0,0.0,0.0,0.0,0.0,1.0,0.0,0.0,0.0,0.0,75.71
UICS25-150,1,11,80.0,80.0,78.0,80.0,81.0,81.0,79.0,79.0,77.0,76.0,76.0,77.0,77.0,81,80,80,80,80,81.0,80,80,80,81,1.0,0.0,0.0,0.0,0.0,0.0,0.0,0.0,0.0,0.0,1.0,1.0,0.0,0.0,0.0,0.0,66.82
UISC25-104,1,11,84.0,84.0,84.0,83.0,90.0,89.0,89.0,89.0,87.0,86.0,86.0,86.0,87.0,85,86,85,86,85,88.0,95,87,89,89,1.0,0.0,0.0,0.0,0.0,0.0,0.0,0.0,0.0,0.0,1.0,1.0,0.0,0.0,0.0,0.0,72.08
UICS25-371,1,11,87.0,86.0,86.0,86.0,87.0,87.0,87.0,88.0,87.0,87.0,87.0,86.0,87.0,83,82,82,83,83,84.0,83,82,82,84,1.0,0.0,0.0,0.0,0.0,0.0,0.0,0.0,0.0,0.0,1.0,1.0,0.0,0.0,0.0,0.0,66.82
BES25-187,1,11,84.0,82.0,86.0,90.0,86.0,84.0,87.0,87.0,83.0,83.0,82.0,82.0,82.0,83,81,82,82,83,84.0,84,83,84,84,1.0,0.0,0.0,0.0,0.0,1.0,0.0,0.0,0.0,0.0,0.0,1.0,0.0,0.0,0.0,0.0,80.54
BES25-197,1,11,85.0,87.0,87.0,87.0,88.0,82.0,85.0,84.0,85.0,85.0,85.0,85.0,85.0,83,82,84,83,84,84.0,83,84,84,84,1.0,0.0,0.0,0.0,0.0,1.0,0.0,0.0,0.0,0.0,0.0,1.0,0.0,0.0,0.0,0.0,80.54
DAFSIS25-030,1,12,87.0,86.0,85.0,85.0,86.0,84.0,86.0,85.0,87.0,85.0,85.0,85.0,86.0,86,85,87,87,87,87.0,86,79,85,83,0.0,1.0,0.0,0.0,0.0,1.0,0.0,0.0,0.0,0.0,0.0,1.0,0.0,0.0,0.0,0.0,73.08
BES25-123,1,11,79.0,75.0,80.0,81.0,82.0,81.0,82.0,82.0,76.0,76.0,76.0,76.0,76.0,79,78,80,79,80,80.0,79,79,79,80,0.0,1.0,0.0,0.0,0.0,1.0,0.0,0.0,0.0,0.0,0.0,1.0,0.0,0.0,0.0,0.0,80.54
UICS25-244,1,11,81.0,80.0,81.0,81.0,85.0,85.0,85.0,84.0,85.0,83.0,82.0,83.0,83.0,79,78,79,79,80,80.0,80,80,80,79,1.0,0.0,0.0,0.0,0.0,1.0,0.0,0.0,0.0,0.0,0.0,1.0,0.0,0.0,0.0,0.0,66.82
UICS25-317,1,11,90.0,90.0,90.0,90.0,91.0,89.0,91.0,90.0,89.0,88.0,88.0,88.0,89.0,90,88,88,88,88,89.0,89,89,89,90,1.0,0.0,0.0,0.0,0.0,0.0,0.0,0.0,0.0,0.0,1.0,0.0,0.0,0.0,1.0,0.0,66.82
BES25-010,1,11,84.0,83.0,82.0,85.0,87.0,86.0,86.0,86.0,90.0,90.0,90.0,89.0,90.0,87,86,88,87,86,87.0,87,86,86,87,1.0,0.0,0.0,0.0,0.0,1.0,0.0,0.0,0.0,0.0,0.0,1.0,0.0,0.0,0.0,0.0,80.54
UICS24-024,0,11,82.0,81.0,82.0,80.0,80.0,79.0,79.0,79.0,80.0,79.0,78.0,78.0,79.0,82,83,83,84,84,83.0,82,82,82,83,1.0,0.0,0.0,0.0,0.0,1.0,0.0,0.0,0.0,0.0,0.0,1.0,0.0,0.0,0.0,0.0,74.03
UISC25-080,1,11,85.0,84.0,82.0,82.0,89.0,91.0,89.0,89.0,91.0,89.0,89.0,88.0,88.0,91,93,91,92,91,90.0,91,86,90,91,0.0,1.0,0.0,0.0,0.0,0.0,0.0,0.0,0.0,0.0,1.0,0.0,1.0,0.0,0.0,0.0,72.08
UISC25-034,1,11,91.0,89.0,86.0,91.0,91.0,90.0,90.0,91.0,93.0,92.0,92.0,92.0,93.0,93,91,90,90,91,91.0,91,93,91,90,1.0,0.0,0.0,0.0,0.0,0.0,0.0,0.0,0.0,0.0,1.0,1.0,0.0,0.0,0.0,0.0,72.08
BES25-041,1,11,81.0,80.0,84.0,90.0,84.0,82.0,86.0,87.0,83.0,82.0,84.0,84.0,84.0,87,87,84,86,87,86.0,84,84,85,85,1.0,0.0,0.0,0.0,0.0,1.0,0.0,0.0,0.0,0.0,0.0,1.0,0.0,0.0,0.0,0.0,80.54
BES24-040,0,11,96.0,94.0,92.0,90.0,91.0,91.0,92.0,92.0,92.0,91.0,91.0,90.0,90.0,92,91,92,91,91,94.0,95,95,94,92,0.0,1.0,0.0,0.0,0.0,1.0,0.0,0.0,0.0,0.0,0.0,1.0,0.0,0.0,0.0,0.0,75.7
UISC25-025,1,12,94.0,91.0,93.0,92.0,92.0,93.0,93.0,92.0,92.0,92.0,91.0,91.0,92.0,92,95,89,91,90,89.0,91,88,89,88,1.0,0.0,0.0,1.0,0.0,0.0,0.0,0.0,0.0,0.0,0.0,1.0,0.0,0.0,0.0,0.0,72.08
UICS25-346,1,11,93.0,93.0,93.0,93.0,94.0,96.0,94.0,94.0,93.0,93.0,94.0,93.0,93.0,90,91,91,90,88,91.0,93,91,90,92,1.0,0.0,0.0,0.0,0.0,0.0,0.0,0.0,0.0,0.0,1.0,1.0,0.0,0.0,0.0,0.0,66.82
UICS25-216,1,11,84.0,81.0,81.0,85.0,85.0,86.0,86.0,85.0,84.91689751,88.0,82.0,82.0,82.0,81,83,84,83,82,83.0,83,83,81,81,1.0,0.0,0.0,0.0,0.0,0.0,0.0,0.0,0.0,0.0,1.0,1.0,0.0,0.0,0.0,0.0,66.82
UISC25-058,1,11,93.0,94.0,92.0,94.0,95.0,95.0,94.0,95.0,95.0,94.0,95.0,96.0,95.0,94,96,94,95,94,92.0,95,94,95,91,1.0,0.0,0.0,0.0,0.0,0.0,0.0,0.0,0.0,0.0,1.0,1.0,0.0,0.0,0.0,0.0,72.08
NAN24-005,0,12,85.0,84.0,82.0,82.0,87.0,87.0,85.0,87.0,87.0,87.0,87.0,87.0,87.0,85,84,84,84,86,90.0,89,89,90,90,1.0,0.0,0.0,0.0,0.0,0.0,0.0,0.0,0.0,0.0,1.0,1.0,0.0,0.0,0.0,0.0,65.57
DAPSMECSE24-002,0,12,79.0,78.0,80.0,80.0,82.0,80.0,80.0,82.0,86.0,85.0,85.0,86.0,86.0,84,82,81,82,84,84.0,82,81,83,83,0.0,1.0,0.0,0.0,0.0,1.0,0.0,0.0,0.0,0.0,0.0,1.0,0.0,0.0,0.0,0.0,78.17
UICS25-148,1,11,77.0,76.0,78.0,79.0,82.0,81.0,81.0,83.0,81.0,80.0,80.0,80.0,80.0,81,80,79,79,79,80.0,79,79,79,80,0.0,1.0,0.0,0.0,0.0,0.0,0.0,0.0,0.0,0.0,1.0,1.0,0.0,0.0,0.0,0.0,66.82
BES25-065,1,11,88.0,87.0,88.0,88.0,88.0,88.0,88.0,87.0,86.0,86.0,86.0,86.0,86.0,83,83,84,83,83,84.0,82,84,83,82,0.0,1.0,0.0,0.0,0.0,1.0,0.0,0.0,0.0,0.0,0.0,1.0,0.0,0.0,0.0,0.0,80.54
NAN24-020,0,12,87.0,85.0,85.0,87.0,93.0,93.0,92.0,91.0,88.0,88.0,87.0,88.0,88.0,85,84,84,84,85,82.0,78,84,79,78,0.0,1.0,0.0,0.0,0.0,1.0,0.0,0.0,0.0,0.0,0.0,1.0,0.0,0.0,0.0,0.0,65.57
UICS25-333,1,11,85.0,84.0,84.0,85.0,91.0,91.0,91.0,91.0,90.0,91.0,90.0,90.0,91.0,86,91,88,89,89,90.0,89,88,90,89,0.0,1.0,0.0,0.0,0.0,0.0,0.0,0.0,0.0,0.0,1.0,0.0,0.0,1.0,0.0,0.0,66.82
UICS25-130,1,11,87.0,87.0,90.0,89.0,91.0,89.0,89.0,90.0,88.0,85.0,87.0,87.0,88.0,85,84,85,86,84,87.0,85,84,84,86,1.0,0.0,0.0,0.0,0.0,1.0,0.0,0.0,0.0,0.0,0.0,1.0,0.0,0.0,0.0,0.0,66.82
UICS25-031,1,11,76.0,76.0,76.0,76.0,79.0,77.0,78.0,78.0,82.0,82.0,82.0,82.0,82.0,86,85,86,86,86,89.0,90,89,90,90,0.0,1.0,0.0,0.0,0.0,1.0,0.0,0.0,0.0,0.0,0.0,1.0,0.0,0.0,0.0,0.0,66.82
UICS25-041,1,11,92.0,89.0,92.0,93.0,90.0,91.0,91.0,92.0,86.0,86.0,85.0,86.0,86.0,92,90,91,88,90,90.0,88,86,88,92,1.0,0.0,0.0,0.0,0.0,0.0,0.0,0.0,0.0,0.0,1.0,1.0,0.0,0.0,0.0,0.0,66.82
BES25-205,1,12,79.0,80.0,80.0,80.0,76.0,76.0,76.0,76.0,78.0,78.0,78.0,78.0,78.0,83,78,80,80,82,81.0,81,80,81,82,0.0,1.0,0.0,0.0,0.0,1.0,0.0,0.0,0.0,0.0,0.0,1.0,0.0,0.0,0.0,0.0,80.54
NAN24-006,0,11,89.0,90.0,88.0,88.0,88.0,84.0,86.0,89.0,88.0,86.0,88.0,87.0,88.0,87,86,86,86,87,90.0,88,88,88,88,0.0,1.0,0.0,0.0,0.0,1.0,0.0,0.0,0.0,0.0,0.0,1.0,0.0,0.0,0.0,0.0,65.57
NAN25-037,1,11,82.0,81.0,81.0,82.0,79.0,79.0,78.0,79.0,90.0,89.0,90.0,90.0,88.0,85,84,83,83,83,90.0,86,85,89,89,0.0,1.0,0.0,0.0,0.0,1.0,0.0,0.0,0.0,0.0,0.0,1.0,0.0,0.0,0.0,0.0,58.64
UICS25-377,1,11,75.0,75.0,76.0,78.0,80.0,80.0,80.0,81.0,80.0,79.0,80.0,81.0,81.0,79,78,78,78,80,81.0,80,80,80,81,0.0,1.0,0.0,0.0,0.0,0.0,0.0,0.0,0.0,0.0,1.0,1.0,0.0,0.0,0.0,0.0,66.82
LANES25-071,1,11,82.0,82.0,82.0,83.0,83.0,82.0,83.0,83.0,83.0,83.0,84.0,82.0,83.0,83,83,84,83,83,85.0,84,82,82,84,0.0,1.0,0.0,0.0,0.0,1.0,0.0,0.0,0.0,0.0,0.0,1.0,0.0,0.0,0.0,0.0,62.7
UICS25-243,1,11,81.0,78.0,80.0,83.0,80.0,80.0,81.0,81.0,80.0,80.0,80.0,80.0,81.0,83,82,82,83,83,81.0,80,80,80,82,1.0,0.0,0.0,0.0,0.0,0.0,0.0,0.0,0.0,0.0,1.0,1.0,0.0,0.0,0.0,0.0,66.82
UICS25-350,1,12,91.0,92.0,90.0,89.0,87.0,88.0,88.0,88.0,85.0,84.0,84.0,83.0,84.0,84,82,83,85,85,87.0,83,84,82,87,0.0,1.0,0.0,0.0,0.0,1.0,0.0,0.0,0.0,0.0,0.0,1.0,0.0,0.0,0.0,0.0,66.82
UISC25-013,1,11,86.0,85.0,85.0,88.0,90.0,90.0,90.0,90.0,93.0,92.0,92.0,91.0,93.0,91,90,89,89,90,91.0,90,89,90,90,1.0,0.0,0.0,0.0,0.0,0.0,0.0,0.0,0.0,0.0,1.0,1.0,0.0,0.0,0.0,0.0,72.08
UISC25-047,1,12,92.0,91.0,91.0,92.0,92.0,91.0,92.0,91.0,93.0,92.0,92.0,93.0,93.0,92,92,92,91,93,92.0,94,92,93,91,0.0,1.0,0.0,0.0,0.0,0.0,0.0,0.0,0.0,0.0,1.0,1.0,0.0,0.0,0.0,0.0,72.08
UICS25-360,1,11,79.0,79.0,79.0,79.0,85.0,85.0,84.0,85.0,81.0,81.0,82.0,82.0,81.0,82,80,80,81,82,80.0,80,79,79,80,0.0,1.0,0.0,0.0,0.0,0.0,0.0,0.0,0.0,0.0,1.0,0.0,0.0,1.0,0.0,0.0,66.82
LANES25-125,1,11,81.0,80.0,80.0,80.0,84.0,83.0,83.0,84.0,85.0,84.0,84.0,86.0,85.0,86,84,83,84,84,86.0,86,86,84,86,1.0,0.0,0.0,0.0,0.0,1.0,0.0,0.0,0.0,0.0,0.0,1.0,0.0,0.0,0.0,0.0,62.7
DAFSIS25-001,1,11,84.0,82.0,84.0,84.0,85.0,81.0,83.0,84.0,85.0,82.0,83.0,84.0,84.0,84,81,84,83,83,80.0,81,88,80,83,0.0,1.0,0.0,0.0,0.0,1.0,0.0,0.0,0.0,0.0,0.0,1.0,0.0,0.0,0.0,0.0,73.08
UICS25-259,1,11,84.0,82.0,84.0,84.0,82.0,82.0,83.0,83.0,81.0,79.0,81.0,79.0,80.0,81,80,81,80,80,81.0,79,79,79,81,0.0,1.0,0.0,0.0,0.0,1.0,0.0,0.0,0.0,0.0,0.0,1.0,0.0,0.0,0.0,0.0,66.82
BES24-020,0,11,87.0,88.0,87.0,87.0,85.0,84.0,85.0,88.0,86.0,85.0,85.0,85.0,86.0,86,85,84,84,85,90.0,89,89,90,89,0.0,1.0,0.0,0.0,0.0,0.0,0.0,0.0,0.0,0.0,1.0,1.0,0.0,0.0,0.0,0.0,75.7
DAFSIS25-038,1,11,76.0,77.0,76.0,77.0,77.0,76.0,76.0,77.0,78.0,77.0,77.0,77.0,77.0,77,77,78,80,79,78.0,79,80,79,79,0.0,1.0,0.0,0.0,0.0,1.0,0.0,0.0,0.0,0.0,0.0,1.0,0.0,0.0,0.0,0.0,73.08
BES25-184,1,11,82.0,79.0,79.0,77.0,81.0,81.0,81.0,80.0,80.0,80.0,80.0,80.0,80.0,83,83,83,83,84,84.0,84,84,84,84,1.0,0.0,0.0,0.0,0.0,1.0,0.0,0.0,0.0,0.0,0.0,0.0,0.0,0.0,0.0,1.0,80.54
UISC25-002,1,12,88.0,88.0,87.0,87.0,83.0,83.0,83.0,83.0,85.0,84.0,84.0,84.0,84.0,90,89,88,88,88,90.0,90,89,90,90,1.0,0.0,0.0,0.0,0.0,1.0,0.0,0.0,0.0,0.0,0.0,1.0,0.0,0.0,0.0,0.0,72.08
LANES25-115,1,10,84.0,81.0,84.0,86.0,87.0,82.0,86.0,87.0,80.0,79.0,80.0,82.0,82.0,84,80,80,81,84,87.0,85,85,86,87,1.0,0.0,0.0,0.0,0.0,1.0,0.0,0.0,0.0,0.0,0.0,1.0,0.0,0.0,0.0,0.0,62.7
UISC25-052,1,11,96.0,94.0,95.0,96.0,96.0,95.0,96.0,96.0,94.0,94.0,93.0,94.0,94.0,94,95,93,91,91,91.0,94,93,94,90,0.0,1.0,0.0,0.0,0.0,0.0,0.0,0.0,0.0,0.0,1.0,1.0,0.0,0.0,0.0,0.0,72.08
UICS25-338,1,11,90.0,87.0,87.0,90.0,90.0,91.0,91.0,90.0,90.0,90.0,90.0,90.0,90.0,89,86,88,88,84,90.0,90,89,90,91,1.0,0.0,0.0,0.0,0.0,0.0,0.0,0.0,0.0,0.0,1.0,1.0,0.0,0.0,0.0,0.0,66.82
LANES25-084,1,13,81.0,80.0,82.0,81.0,84.0,84.0,84.0,85.0,87.0,86.0,85.0,86.0,84.0,90,88,88,86,87,85.0,85,86,86,88,0.0,1.0,0.0,0.0,0.0,0.0,0.0,0.0,0.0,0.0,1.0,0.0,0.0,0.0,0.0,1.0,62.7
BES25-167,1,11,82.0,77.0,83.0,81.0,80.0,81.0,77.0,77.0,78.0,78.0,78.0,78.0,78.0,88,88,88,88,88,90.0,89,91,90,88,1.0,0.0,0.0,0.0,0.0,1.0,0.0,0.0,0.0,0.0,0.0,1.0,0.0,0.0,0.0,0.0,80.54
UICS24-009,0,12,84.0,84.0,84.0,84.0,85.0,83.0,84.0,84.0,86.0,86.0,86.0,85.0,85.0,86,84,84,84,84,92.0,91,90,90,91,1.0,0.0,0.0,0.0,0.0,1.0,0.0,0.0,0.0,0.0,0.0,1.0,0.0,0.0,0.0,0.0,74.03
BES25-136,1,11,76.0,76.0,76.0,78.0,79.0,76.0,79.0,77.0,79.0,78.0,79.0,78.0,79.0,79,79,79,79,79,80.0,79,79,79,80,0.0,1.0,0.0,0.0,0.0,1.0,0.0,0.0,0.0,0.0,0.0,1.0,0.0,0.0,0.0,0.0,80.54
BES25-097,1,11,80.0,80.0,80.0,80.0,78.0,77.0,77.0,79.0,75.0,75.0,75.0,75.0,75.0,77,76,77,77,77,76.0,76,76,76,76,0.0,1.0,0.0,0.0,0.0,1.0,0.0,0.0,0.0,0.0,0.0,1.0,0.0,0.0,0.0,0.0,80.54
UISC25-057,1,12,91.0,91.0,88.0,92.0,95.0,95.0,94.0,95.0,94.0,94.0,94.0,94.0,95.0,93,91,91,89,91,92.0,92,91,92,88,1.0,0.0,0.0,0.0,0.0,0.0,0.0,0.0,0.0,0.0,1.0,1.0,0.0,0.0,0.0,0.0,72.08
LANES25-048,1,11,75.0,75.0,76.0,80.0,82.0,81.0,80.0,82.0,82.0,80.0,79.0,80.0,80.0,76,77,75,76,80,80.0,78,77,77,79,1.0,0.0,0.0,0.0,0.0,1.0,0.0,0.0,0.0,0.0,0.0,1.0,0.0,0.0,0.0,0.0,62.7
DAPSMECSE25-002,1,11,78.0,79.0,78.0,78.0,81.0,79.0,79.0,80.0,79.0,78.0,78.0,78.0,78.0,85,84,84,85,86,85.0,84,85,87,87,1.0,0.0,0.0,0.0,0.0,1.0,0.0,0.0,0.0,0.0,0.0,1.0,0.0,0.0,0.0,0.0,75.71
BES25-109,1,11,85.0,82.0,82.0,87.0,81.0,80.0,82.0,81.0,82.0,82.0,84.0,83.0,83.0,79,78,80,80,81,81.0,81,81,81,81,1.0,0.0,0.0,0.0,0.0,1.0,0.0,0.0,0.0,0.0,0.0,1.0,0.0,0.0,0.0,0.0,80.54
UICS25-222,1,12,87.0,86.0,86.0,87.0,87.0,88.0,87.0,86.0,84.91689751,87.0,86.0,86.0,85.0,85,86,83,82,81,82.0,83,83,82,81,1.0,0.0,0.0,0.0,0.0,0.0,0.0,0.0,0.0,1.0,0.0,1.0,0.0,0.0,0.0,0.0,66.82
UISC25-043,1,11,90.0,91.0,89.0,93.0,94.0,95.0,94.0,95.0,94.0,94.0,94.0,94.0,94.0,92,91,89,89,90,93.0,92,92,93,90,1.0,0.0,0.0,0.0,0.0,0.0,0.0,0.0,0.0,0.0,1.0,1.0,0.0,0.0,0.0,0.0,72.08
UICS24-053,0,11,79.0,78.0,81.0,81.0,75.0,75.0,75.0,75.0,78.0,78.0,78.0,78.0,78.0,79,79,80,79,80,80.0,79,80,80,81,0.0,1.0,0.0,0.0,0.0,1.0,0.0,0.0,0.0,0.0,0.0,1.0,0.0,0.0,0.0,0.0,74.03
DCBMES25-011,1,11,78.0,76.0,77.0,76.0,75.0,75.0,75.0,75.0,77.0,77.0,77.0,76.0,77.0,81,79,79,82,80,83.0,82,83,83,81,1.0,0.0,0.0,0.0,0.0,1.0,0.0,0.0,0.0,0.0,0.0,1.0,0.0,0.0,0.0,0.0,33.59
UICS24-003,0,12,82.0,81.0,82.0,83.0,84.0,84.0,84.0,85.0,84.0,84.0,83.0,85.0,86.0,84,84,84,84,84,89.0,89,87,89,89,0.0,1.0,0.0,0.0,0.0,1.0,0.0,0.0,0.0,0.0,0.0,0.0,0.0,1.0,0.0,0.0,74.03
LANES25-093,1,11,80.0,79.0,79.0,79.0,82.0,78.0,78.0,80.0,84.0,80.0,81.0,82.0,81.0,85,82,79,84,84,84.0,83,82,82,84,0.0,1.0,0.0,0.0,0.0,1.0,0.0,0.0,0.0,0.0,0.0,0.0,0.0,0.0,0.0,1.0,62.7
UICS25-386,1,11,86.0,84.0,87.0,85.0,90.0,91.0,89.0,89.0,84.0,82.0,82.0,82.0,84.0,87,84,85,85,87,79.0,80,79,79,79,1.0,0.0,0.0,0.0,0.0,1.0,0.0,0.0,0.0,0.0,0.0,1.0,0.0,0.0,0.0,0.0,66.82
LANES25-038,1,11,91.0,89.0,91.0,92.0,91.0,90.0,91.0,91.0,89.0,88.0,86.0,87.0,90.0,91,91,90,90,91,91.0,92,91,92,92,1.0,0.0,0.0,0.0,0.0,0.0,0.0,0.0,0.0,0.0,1.0,1.0,0.0,0.0,0.0,0.0,62.7
UISC25-022,1,11,87.0,83.0,86.0,86.0,88.0,87.0,86.0,87.0,85.0,83.0,83.0,85.0,84.0,91,92,89,88,91,91.0,89,89,88,91,1.0,0.0,0.0,0.0,0.0,0.0,0.0,0.0,0.0,0.0,1.0,0.0,0.0,0.0,1.0,0.0,72.08
DCBMES25-015,1,11,88.0,89.0,87.0,88.0,89.0,88.0,87.0,88.0,86.0,87.0,86.0,87.0,87.0,88,86,86,86,88,87.0,89,90,87,88,1.0,0.0,0.0,0.0,0.0,1.0,0.0,0.0,0.0,0.0,0.0,1.0,0.0,0.0,0.0,0.0,33.59
DAFSIS25-041,1,12,78.0,78.0,78.0,78.0,85.0,83.0,84.0,85.0,83.0,81.0,81.0,82.0,82.0,75,75,75,75,75,79.0,79,79,78,78,0.0,1.0,0.0,0.0,0.0,1.0,0.0,0.0,0.0,0.0,0.0,1.0,0.0,0.0,0.0,0.0,73.08
UICS25-347,1,12,86.0,84.0,87.0,87.0,84.0,83.0,85.0,84.0,84.0,83.0,83.0,84.0,84.0,86,88,92,85,87,89.0,89,89,88,89,1.0,0.0,0.0,0.0,0.0,1.0,0.0,0.0,0.0,0.0,0.0,1.0,0.0,0.0,0.0,0.0,66.82
DAFSIS25-047,1,11,89.0,88.0,88.0,90.0,91.0,89.0,87.0,91.0,89.0,87.0,89.0,91.0,90.0,93,93,92,91,92,93.0,92,91,92,91,1.0,0.0,0.0,0.0,0.0,1.0,0.0,0.0,0.0,0.0,0.0,1.0,0.0,0.0,0.0,0.0,73.08
BES25-175,1,11,92.0,93.0,91.0,91.0,90.0,89.0,88.0,90.0,87.0,87.0,88.0,88.0,87.0,92,91,91,90,91,93.0,93,94,92,91,1.0,0.0,0.0,0.0,0.0,1.0,0.0,0.0,0.0,0.0,0.0,1.0,0.0,0.0,0.0,0.0,80.54
LANES25-130,1,11,82.0,81.0,83.0,82.0,81.0,80.0,81.0,81.0,83.0,83.0,82.0,83.0,84.0,84,84,84,85,85,88.0,87,85,88,86,0.0,1.0,0.0,0.0,0.0,1.0,0.0,0.0,0.0,0.0,0.0,0.0,1.0,0.0,0.0,0.0,62.7
BES25-178,1,12,80.0,77.0,80.0,79.0,86.0,85.0,85.0,86.0,79.0,79.0,77.0,78.0,76.0,86,86,85,85,85,90.0,85,90,89,88,1.0,0.0,0.0,0.0,0.0,0.0,0.0,0.0,0.0,0.0,1.0,1.0,0.0,0.0,0.0,0.0,80.54
BES25-029,1,12,92.0,92.0,91.0,90.0,83.0,82.0,81.0,82.0,81.0,79.0,80.0,78.0,81.0,87,85,86,85,87,90.0,86,88,88,88,1.0,0.0,0.0,0.0,0.0,1.0,0.0,0.0,0.0,0.0,0.0,1.0,0.0,0.0,0.0,0.0,80.54
UICS25-048,1,11,87.0,79.0,85.0,87.0,88.0,87.0,86.0,89.0,89.0,87.0,86.0,87.0,88.0,90,90,88,84,89,88.0,88,87,86,87,0.0,1.0,0.0,0.0,0.0,0.0,0.0,0.0,0.0,0.0,1.0,0.0,1.0,0.0,0.0,0.0,66.82
UICS25-251,1,11,82.0,81.0,81.0,80.0,82.0,80.0,80.0,82.0,81.0,80.0,80.0,80.0,80.0,80,79,79,79,79,80.0,79,79,79,81,0.0,1.0,0.0,0.0,0.0,1.0,0.0,0.0,0.0,0.0,0.0,1.0,0.0,0.0,0.0,0.0,66.82
NAN25-027,1,11,83.0,84.0,81.0,83.0,79.0,79.0,78.0,80.0,81.0,81.0,81.0,81.0,82.0,86,85,85,87,87,88.0,86,85,87,86,0.0,1.0,0.0,0.0,0.0,1.0,0.0,0.0,0.0,0.0,0.0,1.0,0.0,0.0,0.0,0.0,58.64
LANES25-073,1,11,80.0,80.0,81.0,81.0,82.0,81.0,83.0,81.0,81.0,79.0,81.0,79.0,80.0,81,80,81,80,80,83.0,82,82,82,83,0.0,1.0,0.0,0.0,0.0,1.0,0.0,0.0,0.0,0.0,0.0,1.0,0.0,0.0,0.0,0.0,62.7
UICS25-107,1,14,87.0,86.0,89.0,88.0,83.0,81.0,84.0,82.0,79.0,78.0,79.0,78.0,78.0,78,77,77,78,78,81.0,81,80,80,83,1.0,0.0,0.0,0.0,0.0,1.0,0.0,0.0,0.0,0.0,0.0,0.0,0.0,1.0,0.0,0.0,66.82
BES24-024,0,11,88.0,85.0,88.0,89.0,88.0,87.0,86.0,87.0,88.0,87.0,87.0,85.0,88.0,88,88,87,87,87,89.0,88,88,89,88,1.0,0.0,0.0,0.0,0.0,1.0,0.0,0.0,0.0,0.0,0.0,1.0,0.0,0.0,0.0,0.0,75.7
BES25-071,1,11,78.0,77.0,78.0,86.0,80.0,80.0,80.0,80.0,81.0,80.0,79.0,79.0,81.0,85,82,81,81,82,88.0,84,84,85,84,1.0,0.0,0.0,0.0,0.0,1.0,0.0,0.0,0.0,0.0,0.0,1.0,0.0,0.0,0.0,0.0,80.54
UICS25-168,1,11,81.0,82.0,79.0,81.0,81.0,82.0,78.0,81.0,85.0,83.0,83.0,80.0,82.0,84,83,84,83,84,82.0,82,80,81,82,1.0,0.0,0.0,0.0,0.0,0.0,0.0,0.0,0.0,0.0,1.0,1.0,0.0,0.0,0.0,0.0,66.82
DAFSIS25-002,1,11,80.0,79.0,79.0,79.0,80.0,81.0,80.0,81.0,81.0,82.0,82.0,82.0,82.0,80,80,81,79,80,90.0,87,88,85,88,0.0,1.0,0.0,0.0,0.0,1.0,0.0,0.0,0.0,0.0,0.0,1.0,0.0,0.0,0.0,0.0,73.08
UICS25-114,1,11,88.0,87.0,88.0,87.0,87.0,87.0,86.0,87.0,86.0,85.0,85.0,85.0,86.0,83,82,82,82,83,86.0,86,88,87,86,1.0,0.0,0.0,0.0,0.0,0.0,0.0,0.0,0.0,0.0,1.0,1.0,0.0,0.0,0.0,0.0,66.82
UICS25-043,1,12,88.0,87.0,87.0,92.0,92.0,89.0,89.0,89.0,92.0,92.0,91.0,93.0,92.0,88,90,88,85,88,90.0,85,85,84,86,0.0,1.0,0.0,0.0,0.0,0.0,0.0,0.0,0.0,0.0,1.0,1.0,0.0,0.0,0.0,0.0,66.82
BES25-149,1,11,90.0,91.0,89.0,89.0,86.0,83.0,85.0,86.0,86.0,85.0,85.0,85.0,85.0,89,89,90,90,89,89.0,89,92,88,87,0.0,1.0,0.0,0.0,0.0,1.0,0.0,0.0,0.0,0.0,0.0,1.0,0.0,0.0,0.0,0.0,80.54
LANES25-095,1,11,85.0,83.0,86.0,85.0,86.0,85.0,86.0,86.0,87.0,87.0,86.0,87.0,87.0,88,87,88,88,87,84.0,85,86,86,86,0.0,1.0,0.0,0.0,0.0,1.0,0.0,0.0,0.0,0.0,0.0,1.0,0.0,0.0,0.0,0.0,62.7
LANES25-027,1,11,78.0,79.0,78.0,78.0,81.0,82.0,81.0,82.0,82.0,81.0,81.0,81.0,82.0,76,78,78,78,80,80.0,78,78,78,79,0.0,1.0,0.0,0.0,0.0,1.0,0.0,0.0,0.0,0.0,0.0,1.0,0.0,0.0,0.0,0.0,62.7
UICS25-075,1,12,91.0,93.0,91.0,89.0,90.0,89.0,89.0,90.0,89.0,88.0,88.0,88.0,88.0,92,92,91,92,91,91.0,92,86,90,90,0.0,1.0,0.0,0.0,0.0,0.0,0.0,0.0,0.0,0.0,1.0,1.0,0.0,0.0,0.0,0.0,66.82
BES25-062,1,12,86.0,83.0,85.0,85.0,85.0,84.0,85.0,85.0,84.0,83.0,84.0,83.0,83.0,85,85,85,85,85,82.0,81,82,82,82,0.0,1.0,0.0,0.0,0.0,1.0,0.0,0.0,0.0,0.0,0.0,1.0,0.0,0.0,0.0,0.0,80.54
BES25-102,1,11,75.0,75.0,75.0,75.0,80.0,80.0,80.0,80.0,81.0,80.0,81.0,79.0,79.0,76,75,76,77,78,78.0,78,78,78,78,0.0,1.0,0.0,0.0,0.0,1.0,0.0,0.0,0.0,0.0,0.0,1.0,0.0,0.0,0.0,0.0,80.54
UISC25-012,1,11,91.0,89.0,89.0,91.0,92.0,91.0,91.0,91.0,93.0,92.0,93.0,93.0,93.0,94,95,94,95,93,94.0,93,93,92,92,0.0,1.0,0.0,0.0,0.0,0.0,0.0,0.0,0.0,0.0,1.0,1.0,0.0,0.0,0.0,0.0,72.08
LANES25-035,1,11,82.0,80.0,82.0,82.0,84.0,85.0,86.0,84.0,83.0,83.0,84.0,82.0,83.0,83,83,83,82,82,78.0,78,77,77,77,0.0,1.0,0.0,0.0,0.0,1.0,0.0,0.0,0.0,0.0,0.0,1.0,0.0,0.0,0.0,0.0,62.7
UISC25-036,1,12,83.0,83.0,87.0,86.0,86.0,85.0,86.0,85.0,88.0,88.0,88.0,88.0,87.0,84,84,84,84,83,88.0,88,87,87,87,0.0,1.0,0.0,0.0,0.0,0.0,0.0,0.0,0.0,0.0,1.0,1.0,0.0,0.0,0.0,0.0,72.08
UICS25-080,1,11,77.0,75.0,78.0,78.0,80.0,79.0,79.0,81.0,78.0,77.0,77.0,77.0,80.0,80,80,81,80,81,80.0,78,78,78,80,0.0,1.0,0.0,0.0,0.0,0.0,0.0,0.0,0.0,0.0,1.0,1.0,0.0,0.0,0.0,0.0,66.82
UICS25-363,1,12,86.0,80.0,86.0,90.0,88.0,84.0,85.0,88.0,86.0,85.0,85.0,85.0,86.0,80,79,79,80,80,83.0,82,82,82,82,0.0,1.0,0.0,0.0,0.0,1.0,0.0,0.0,0.0,0.0,0.0,1.0,0.0,0.0,0.0,0.0,66.82
NAN25-055,1,13,95.0,83.0,75.0,90.0,95.0,94.0,94.0,81.0,90.0,75.0,95.0,94.0,80.0,95,78,95,91,86,79.0,80,79,92,77,0.0,1.0,0.0,0.0,0.0,0.0,0.0,0.0,0.0,0.0,1.0,1.0,0.0,0.0,0.0,0.0,58.64
DAPSMECSE25-015,1,11,75.0,75.0,75.0,78.0,77.0,77.0,77.0,79.0,80.0,79.0,80.0,79.0,80.0,81,81,80,79,78,81.0,81,82,83,83,0.0,1.0,0.0,0.0,0.0,1.0,0.0,0.0,0.0,0.0,0.0,1.0,0.0,0.0,0.0,0.0,75.71
UICS25-199,1,10,82.0,81.0,82.0,84.0,81.0,80.0,80.0,82.0,82.0,81.0,81.0,82.0,82.0,81,80,80,85,79,83.0,82,83,82,83,1.0,0.0,0.0,0.0,0.0,1.0,0.0,0.0,0.0,0.0,0.0,1.0,0.0,0.0,0.0,0.0,66.82
BES25-129,1,11,79.0,79.0,78.0,78.0,75.0,76.0,76.0,76.0,77.0,77.0,77.0,76.0,77.0,80,81,80,80,80,79.0,79,79,79,79,0.0,1.0,0.0,0.0,0.0,1.0,0.0,0.0,0.0,0.0,0.0,1.0,0.0,0.0,0.0,0.0,80.54
UICS25-226,1,12,84.0,81.0,86.0,84.0,84.0,81.0,80.0,82.0,84.91689751,82.0,87.0,83.0,79.0,84,77,80,80,81,81.0,82,82,79,80,0.0,1.0,0.0,0.0,0.0,1.0,0.0,0.0,0.0,0.0,0.0,0.0,0.0,1.0,0.0,0.0,66.82
BES25-126,1,11,89.0,85.0,86.0,86.0,83.0,81.0,83.0,84.0,83.0,82.0,82.0,83.0,83.0,80,79,80,80,80,80.0,79,79,79,80,0.0,1.0,0.0,0.0,0.0,1.0,0.0,0.0,0.0,0.0,0.0,1.0,0.0,0.0,0.0,0.0,80.54
UICS25-135,1,11,85.0,85.0,83.0,84.0,86.0,84.0,83.0,85.0,83.0,82.0,82.0,83.0,83.0,85,84,83,83,85,87.0,86,85,87,83,0.0,1.0,0.0,0.0,0.0,1.0,0.0,0.0,0.0,0.0,0.0,1.0,0.0,0.0,0.0,0.0,66.82
BES25-111,1,11,81.0,80.0,81.0,81.0,82.0,80.0,81.0,82.0,78.0,78.0,78.0,78.0,78.0,79,79,79,80,79,80.0,79,79,79,79,1.0,0.0,0.0,0.0,0.0,1.0,0.0,0.0,0.0,0.0,0.0,1.0,0.0,0.0,0.0,0.0,80.54
UICS24-040,0,12,94.0,93.0,91.0,91.0,89.0,89.0,89.0,89.0,88.0,88.0,88.0,88.0,87.0,86,85,85,86,87,87.0,84,86,81,84,1.0,0.0,0.0,0.0,0.0,1.0,0.0,0.0,0.0,0.0,0.0,0.0,1.0,0.0,0.0,0.0,74.03
LANES25-015,1,12,86.0,85.0,86.0,86.0,88.0,87.0,87.0,88.0,88.0,88.0,87.0,88.0,88.0,87,88,86,87,87,86.0,87,87,88,89,0.0,1.0,0.0,0.0,0.0,1.0,0.0,0.0,0.0,0.0,0.0,1.0,0.0,0.0,0.0,0.0,62.7
DAFSIS25-019,1,11,87.0,86.0,86.0,86.0,87.0,86.0,84.0,86.0,89.0,88.0,87.0,88.0,89.0,89,88,90,88,89,96.0,93,92,94,93,1.0,0.0,0.0,0.0,0.0,1.0,0.0,0.0,0.0,0.0,0.0,1.0,0.0,0.0,0.0,0.0,73.08
UISC25-072,1,11,93.0,92.0,92.0,90.0,96.0,95.0,95.0,95.0,95.0,95.0,95.0,94.0,95.0,95,95,95,94,95,94.0,95,93,93,92,1.0,0.0,0.0,0.0,0.0,0.0,0.0,0.0,0.0,0.0,1.0,1.0,0.0,0.0,0.0,0.0,72.08
NAN25-058,1,13,82.0,95.0,78.0,79.0,92.0,94.0,75.0,93.0,83.0,82.0,75.0,91.0,93.0,94,76,83,89,84,90.0,79,94,93,90,0.0,1.0,0.0,0.0,0.0,0.0,0.0,0.0,0.0,0.0,1.0,0.0,0.0,0.0,0.0,1.0,58.64
UICS25-263,1,11,81.0,79.0,81.0,87.0,82.0,81.0,81.0,83.0,82.0,82.0,81.0,81.0,83.0,86,85,85,85,86,87.0,86,85,87,87,1.0,0.0,0.0,0.0,0.0,0.0,0.0,0.0,0.0,0.0,1.0,1.0,0.0,0.0,0.0,0.0,66.82
UICS25-275,1,11,80.0,79.0,80.0,82.0,84.0,83.0,83.0,84.0,84.0,83.0,84.0,83.0,84.0,80,79,79,79,80,81.0,81,81,80,81,0.0,1.0,0.0,0.0,0.0,0.0,0.0,0.0,0.0,0.0,1.0,0.0,0.0,0.0,0.0,1.0,66.82
BES25-179,1,11,95.0,94.0,94.0,91.0,93.0,94.0,92.0,94.0,96.0,95.0,95.0,95.0,93.0,89,88,86,88,88,91.0,90,91,91,91,1.0,0.0,0.0,0.0,0.0,1.0,0.0,0.0,0.0,0.0,0.0,1.0,0.0,0.0,0.0,0.0,80.54
UICS25-334,1,11,91.0,86.0,86.0,91.0,92.0,91.0,92.0,92.0,90.0,90.0,90.0,90.0,90.0,87,86,85,85,87,88.0,88,88,88,90,0.0,1.0,0.0,0.0,0.0,0.0,0.0,0.0,0.0,0.0,1.0,1.0,0.0,0.0,0.0,0.0,66.82
BES25-077,1,12,77.0,76.0,75.0,76.0,76.0,76.0,75.0,76.0,78.0,78.0,78.0,78.0,78.0,79,78,77,79,78,79.0,79,79,79,79,1.0,0.0,0.0,0.0,0.0,1.0,0.0,0.0,0.0,0.0,0.0,1.0,0.0,0.0,0.0,0.0,80.54
UICS25-321,1,11,89.0,88.0,88.0,89.0,87.0,86.0,85.0,88.0,84.0,84.0,84.0,83.0,83.0,85,85,85,86,85,84.0,84,84,82,84,0.0,1.0,0.0,0.0,0.0,0.0,0.0,0.0,0.0,0.0,1.0,0.0,0.0,0.0,0.0,1.0,66.82
DAFSIS25-029,1,11,87.0,86.0,82.0,89.0,90.0,91.0,91.0,90.0,91.0,90.0,90.0,90.0,90.0,81,81,83,83,84,85.0,86,82,85,86,0.0,1.0,0.0,0.0,0.0,1.0,0.0,0.0,0.0,0.0,0.0,1.0,0.0,0.0,0.0,0.0,73.08
UICS25-054,1,11,87.0,86.0,86.0,85.0,88.0,87.0,88.0,88.0,87.0,86.0,87.0,86.0,87.0,90,90,90,91,91,89.0,87,85,87,89,1.0,0.0,0.0,0.0,0.0,0.0,0.0,0.0,0.0,0.0,1.0,1.0,0.0,0.0,0.0,0.0,66.82
UICS25-157,1,11,78.0,78.0,78.0,78.0,82.0,80.0,81.0,81.0,79.0,79.0,79.0,80.0,80.0,78,78,78,78,78,79.0,78,78,78,79,0.0,1.0,0.0,0.0,0.0,1.0,0.0,0.0,0.0,0.0,0.0,1.0,0.0,0.0,0.0,0.0,66.82
BES24-045,0,11,76.0,76.0,77.0,79.0,81.0,80.0,81.0,83.0,80.0,79.0,79.0,79.0,79.0,80,79,79,79,80,83.0,79,79,79,76,1.0,0.0,0.0,0.0,0.0,1.0,0.0,0.0,0.0,0.0,0.0,1.0,0.0,0.0,0.0,0.0,75.7
UICS25-329,1,11,85.0,81.0,82.0,85.0,88.0,86.0,90.0,89.0,87.0,85.0,85.0,86.0,88.0,84,83,83,83,84,87.0,87,88,87,87,0.0,1.0,0.0,0.0,0.0,1.0,0.0,0.0,0.0,0.0,0.0,1.0,0.0,0.0,0.0,0.0,66.82
UICS25-373,1,11,78.0,77.0,77.0,79.0,83.0,81.0,82.0,82.0,83.0,84.0,80.0,80.0,85.0,81,80,80,80,82,82.0,82,83,83,83,0.0,1.0,0.0,0.0,0.0,0.0,0.0,0.0,0.0,0.0,1.0,1.0,0.0,0.0,0.0,0.0,66.82
UICS25-155,1,11,78.0,78.0,78.0,78.0,81.0,81.0,82.0,82.0,85.0,83.0,82.0,80.0,81.0,76,76,75,75,76,76.0,76,76,76,77,0.0,1.0,0.0,0.0,0.0,1.0,0.0,0.0,0.0,0.0,0.0,1.0,0.0,0.0,0.0,0.0,66.82
DCBMES25-009,1,11,82.0,79.0,81.0,79.0,76.0,75.0,76.0,76.0,77.0,77.0,77.0,78.0,77.0,86,84,85,85,84,85.0,85,86,85,83,0.0,1.0,0.0,0.0,0.0,1.0,0.0,0.0,0.0,0.0,0.0,1.0,0.0,0.0,0.0,0.0,33.59
UICS25-187,1,11,87.0,87.0,87.0,86.0,87.0,82.0,87.0,88.0,85.0,86.0,86.0,87.0,86.0,86,86,85,85,86,80.0,84,84,84,88,0.0,1.0,0.0,0.0,0.0,1.0,0.0,0.0,0.0,0.0,0.0,1.0,0.0,0.0,0.0,0.0,66.82
UISC24-033,0,11,91.0,88.0,87.0,90.0,90.0,89.0,93.0,90.0,91.0,89.0,90.0,88.0,93.0,95,95,94,93,94,94.0,94,93,93,93,1.0,0.0,0.0,0.0,0.0,1.0,0.0,0.0,0.0,0.0,0.0,1.0,0.0,0.0,0.0,0.0,76.93
BES25-194,1,11,87.0,88.0,86.0,88.0,87.0,86.0,86.0,87.0,88.0,87.0,87.0,87.0,87.0,87,87,87,88,88,87.0,87,87,86,87,1.0,0.0,0.0,0.0,0.0,1.0,0.0,0.0,0.0,0.0,0.0,1.0,0.0,0.0,0.0,0.0,80.54
DAPSMECSE25-018,1,11,88.0,88.0,86.0,87.0,88.0,88.0,88.0,87.0,90.0,87.0,87.0,89.0,89.0,88,88,87,87,87,90.0,89,86,90,88,1.0,0.0,0.0,0.0,0.0,1.0,0.0,0.0,0.0,0.0,0.0,1.0,0.0,0.0,0.0,0.0,75.71
DAPSMECSE24-001,0,12,76.0,76.0,78.0,75.0,77.0,78.0,77.0,77.0,88.0,88.0,89.0,89.0,90.0,89,86,83,85,84,84.0,88,83,84,84,0.0,1.0,0.0,0.0,0.0,1.0,0.0,0.0,0.0,0.0,0.0,1.0,0.0,0.0,0.0,0.0,78.17
BES25-057,1,12,85.0,85.0,82.0,84.0,87.0,85.0,86.0,88.0,86.0,86.0,86.0,86.0,86.0,86,86,84,82,84,85.0,83,85,85,85,0.0,1.0,0.0,0.0,0.0,1.0,0.0,0.0,0.0,0.0,0.0,1.0,0.0,0.0,0.0,0.0,80.54
LANES24-004,0,13,84.0,83.0,85.0,84.0,85.0,85.0,84.0,84.0,77.0,76.0,77.0,76.0,77.0,76,76,75,75,76,84.0,82,86,81,84,0.0,1.0,0.0,0.0,0.0,1.0,0.0,0.0,0.0,0.0,0.0,1.0,0.0,0.0,0.0,0.0,78.31
BES25-007,1,12,85.0,84.0,83.0,82.0,88.0,88.0,92.0,88.0,90.0,90.0,90.0,89.0,90.0,88,87,89,87,88,87.0,87,88,89,87,0.0,1.0,0.0,0.0,0.0,1.0,0.0,0.0,0.0,0.0,0.0,1.0,0.0,0.0,0.0,0.0,80.54
UICS25-213,1,11,86.0,83.0,87.0,85.0,85.0,87.0,87.0,88.0,84.91689751,89.0,87.0,86.0,87.0,87,86,88,87,87,87.0,85,85,85,85,1.0,0.0,0.0,0.0,0.0,1.0,0.0,0.0,0.0,0.0,0.0,1.0,0.0,0.0,0.0,0.0,66.82
BES25-214,1,11,79.0,80.0,78.0,78.0,78.0,78.0,77.0,78.0,82.0,81.0,81.0,82.0,82.0,82,81,81,81,83,83.0,81,82,82,81,0.0,1.0,0.0,0.0,0.0,1.0,0.0,0.0,0.0,0.0,0.0,0.0,0.0,1.0,0.0,0.0,80.54
UICS25-306,1,12,91.0,89.0,91.0,90.0,89.0,88.0,89.0,87.0,85.0,85.0,86.0,86.0,87.0,88,86,86,88,87,87.0,89,87,88,88,1.0,0.0,0.0,0.0,0.0,0.0,0.0,0.0,0.0,0.0,1.0,1.0,0.0,0.0,0.0,0.0,66.82
UICS25-092,1,11,79.0,82.0,79.0,79.0,85.0,84.0,87.0,85.0,85.0,84.0,84.0,86.0,85.0,85,86,85,84,86,81.0,79,79,81,80,0.0,1.0,0.0,0.0,0.0,0.0,0.0,0.0,0.0,0.0,1.0,0.0,0.0,0.0,1.0,0.0,66.82
UICS24-023,0,12,77.0,76.0,77.0,76.0,80.0,79.0,84.44144144144144,79.0,80.0,79.0,80.0,80.0,80.0,80,79,80,81,81,83.0,81,81,81,83,1.0,0.0,0.0,0.0,0.0,1.0,0.0,0.0,0.0,0.0,0.0,1.0,0.0,0.0,0.0,0.0,74.03
NAN25-053,1,12,88.0,90.0,86.0,80.0,95.0,85.0,82.0,76.0,95.0,82.0,83.0,90.0,89.0,81,84,84,87,83,75.0,86,80,94,81,0.0,1.0,0.0,0.0,0.0,1.0,0.0,0.0,0.0,0.0,0.0,1.0,0.0,0.0,0.0,0.0,58.64
BES25-003,1,12,84.0,83.0,84.0,85.0,86.0,85.0,84.0,85.0,81.0,80.0,81.0,81.0,81.0,87,85,87,84,85,89.0,86,88,86,86,0.0,1.0,0.0,0.0,0.0,1.0,0.0,0.0,0.0,0.0,0.0,1.0,0.0,0.0,0.0,0.0,80.54
UICS25-097,1,12,90.0,84.0,84.0,91.0,92.0,92.0,92.0,93.0,90.0,90.0,91.0,91.0,91.0,88,86,87,85,84,88.0,88,89,88,90,0.0,1.0,0.0,0.0,0.0,0.0,0.0,0.0,0.0,0.0,1.0,1.0,0.0,0.0,0.0,0.0,66.82
BES25-063,1,11,86.0,83.0,84.0,85.0,84.0,85.0,85.0,82.0,79.0,79.0,78.0,79.0,80.0,87,88,82,86,87,88.0,88,86,88,87,0.0,1.0,0.0,0.0,0.0,1.0,0.0,0.0,0.0,0.0,0.0,1.0,0.0,0.0,0.0,0.0,80.54
UICS25-073,1,11,87.0,87.0,89.0,90.0,88.0,89.0,86.0,90.0,90.0,90.0,90.0,90.0,90.0,90,91,88,87,89,90.0,89,90,89,90,0.0,1.0,0.0,0.0,0.0,0.0,0.0,0.0,0.0,0.0,1.0,1.0,0.0,0.0,0.0,0.0,66.82
BES25-112,1,11,79.0,78.0,79.0,80.0,77.0,77.0,77.0,77.0,77.0,77.0,77.0,77.0,77.0,79,79,78,78,79,81.0,80,80,80,81,1.0,0.0,0.0,0.0,0.0,1.0,0.0,0.0,0.0,0.0,0.0,1.0,0.0,0.0,0.0,0.0,80.54
UICS25-391,1,11,89.0,90.0,90.0,91.0,92.0,92.0,93.0,92.0,93.0,92.0,92.0,91.0,92.0,89,89,88,88,87,91.0,90,90,90,91,1.0,0.0,0.0,0.0,0.0,1.0,0.0,0.0,0.0,0.0,0.0,1.0,0.0,0.0,0.0,0.0,66.82
UICS24-064,0,12,77.0,76.0,78.0,80.0,77.0,76.0,78.0,78.0,75.0,75.0,76.0,77.0,78.0,83,81,80,78,78,83.0,81,80,79,77,1.0,0.0,0.0,0.0,0.0,0.0,0.0,0.0,0.0,0.0,1.0,1.0,0.0,0.0,0.0,0.0,74.03
BES25-098,1,11,86.0,83.0,83.0,83.0,85.0,85.0,85.0,85.0,83.0,82.0,83.0,82.0,82.0,78,77,77,77,79,80.0,80,80,80,80,0.0,1.0,0.0,0.0,0.0,1.0,0.0,0.0,0.0,0.0,0.0,1.0,0.0,0.0,0.0,0.0,80.54
UICS25-122,1,11,84.0,83.0,84.0,83.0,83.0,83.0,84.0,84.0,84.0,84.0,84.0,85.0,85.0,86,85,85,86,86,82.0,83,80,82,82,0.0,1.0,0.0,0.0,0.0,0.0,0.0,0.0,0.0,0.0,1.0,1.0,0.0,0.0,0.0,0.0,66.82
UICS25-340,1,11,84.0,84.0,84.0,85.0,82.0,82.0,81.0,83.0,87.0,87.0,86.0,86.0,85.0,85,85,83,84,84,86.0,80,86,86,76,1.0,0.0,0.0,0.0,0.0,0.0,0.0,0.0,0.0,0.0,1.0,1.0,0.0,0.0,0.0,0.0,66.82
UICS25-116,1,11,80.0,80.0,84.0,82.0,81.0,81.0,84.0,84.0,83.0,84.0,84.0,83.0,83.0,83,81,83,81,84,86.0,84,81,81,85,0.0,1.0,0.0,0.0,0.0,1.0,0.0,0.0,0.0,0.0,0.0,0.0,0.0,0.0,0.0,1.0,66.82
LANES25-108,1,12,83.0,81.0,84.0,85.0,85.0,84.0,84.0,84.0,83.0,83.0,83.0,82.0,83.0,81,81,79,76,80,83.0,81,81,81,81,0.0,1.0,0.0,0.0,0.0,1.0,0.0,0.0,0.0,0.0,0.0,1.0,0.0,0.0,0.0,0.0,62.7
BES24-016,0,11,88.0,85.0,89.0,85.0,88.0,88.0,88.0,88.0,79.0,77.0,77.0,77.0,77.0,79,78,79,76,78,88.0,85,86,86,87,0.0,1.0,0.0,0.0,0.0,1.0,0.0,0.0,0.0,0.0,0.0,1.0,0.0,0.0,0.0,0.0,75.7
BES25-006,1,12,92.0,87.0,93.0,93.0,91.0,89.0,91.0,95.0,92.0,92.0,92.0,92.0,91.0,89,88,89,89,89,89.0,88,88,89,87,0.0,1.0,0.0,0.0,0.0,0.0,0.0,0.0,0.0,0.0,1.0,1.0,0.0,0.0,0.0,0.0,80.54
BES25-056,1,11,79.0,75.0,82.0,81.0,80.0,80.0,81.0,81.0,78.0,77.0,78.0,77.0,77.0,84,84,86,85,85,82.0,81,83,83,83,0.0,1.0,0.0,0.0,0.0,1.0,0.0,0.0,0.0,0.0,0.0,1.0,0.0,0.0,0.0,0.0,80.54
LANES25-150,1,11,81.0,77.0,78.0,78.0,83.0,82.0,83.0,83.0,79.0,79.0,79.0,79.0,79.0,83,83,81,79,81,86.0,85,81,83,83,1.0,0.0,0.0,0.0,0.0,1.0,0.0,0.0,0.0,0.0,0.0,1.0,0.0,0.0,0.0,0.0,62.7
DAFSIS25-013,1,11,86.0,88.0,84.0,84.0,85.0,85.0,85.0,86.0,85.0,85.0,84.0,84.0,85.0,84,85,84,84,85,84.0,84,79,84,79,0.0,1.0,0.0,0.0,0.0,1.0,0.0,0.0,0.0,0.0,0.0,1.0,0.0,0.0,0.0,0.0,73.08
UICS24-006,0,12,89.0,89.0,89.0,89.0,88.0,89.0,88.0,90.0,88.0,90.0,88.0,88.0,90.0,92,90,90,90,89,89.0,88,87,87,88,0.0,1.0,0.0,0.0,0.0,1.0,0.0,0.0,0.0,0.0,0.0,0.0,1.0,0.0,0.0,0.0,74.03
UICS25-230,1,12,78.0,76.0,79.0,81.0,81.0,82.0,82.0,82.0,84.91689751,82.0,81.0,80.0,80.0,81,81,79,78,79,79.0,81,78,78,78,1.0,0.0,0.0,0.0,0.0,1.0,0.0,0.0,0.0,0.0,0.0,1.0,0.0,0.0,0.0,0.0,66.82
BES25-052,1,11,91.0,91.0,90.0,90.0,92.0,87.0,87.0,91.0,85.0,86.0,86.0,85.0,86.0,84,83,84,84,84,83.0,82,84,83,83,1.0,0.0,0.0,0.0,0.0,1.0,0.0,0.0,0.0,0.0,0.0,1.0,0.0,0.0,0.0,0.0,80.54
BES25-202,1,11,77.0,75.0,75.0,75.0,75.0,75.0,75.0,76.0,76.0,76.0,76.0,76.0,76.0,83,83,84,83,82,83.0,81,81,82,82,0.0,1.0,0.0,0.0,0.0,1.0,0.0,0.0,0.0,0.0,0.0,1.0,0.0,0.0,0.0,0.0,80.54
UICS24-011,0,12,90.0,88.0,92.0,91.0,91.0,90.0,92.0,91.0,91.0,89.0,90.0,92.0,90.0,90,91,91,90,90,90.0,89,92,90,90,0.0,1.0,0.0,0.0,0.0,1.0,0.0,0.0,0.0,0.0,0.0,0.0,0.0,1.0,0.0,0.0,74.03
UICS25-256,1,11,81.0,79.0,80.0,81.0,82.0,82.0,82.0,83.0,85.0,83.0,85.0,83.0,84.0,84,84,83,84,84,84.0,84,83,83,84,1.0,0.0,0.0,0.0,0.0,0.0,0.0,0.0,0.0,0.0,1.0,1.0,0.0,0.0,0.0,0.0,66.82
BES25-130,1,11,82.0,77.0,77.0,79.0,76.0,76.0,79.0,76.0,75.0,75.0,75.0,75.0,75.0,78,77,77,77,78,81.0,78,78,78,78,0.0,1.0,0.0,0.0,0.0,1.0,0.0,0.0,0.0,0.0,0.0,1.0,0.0,0.0,0.0,0.0,80.54
UISC25-048,1,11,89.0,90.0,89.0,92.0,95.0,95.0,94.0,95.0,95.0,94.0,94.0,94.0,95.0,89,91,88,89,90,93.0,92,92,90,89,1.0,0.0,0.0,0.0,0.0,0.0,0.0,0.0,0.0,0.0,1.0,1.0,0.0,0.0,0.0,0.0,72.08
BES24-037,0,11,77.0,75.0,77.0,79.0,76.0,76.0,75.0,76.0,75.0,75.0,75.0,75.0,75.0,75,75,75,75,75,75.0,75,75,75,75,1.0,0.0,0.0,0.0,0.0,1.0,0.0,0.0,0.0,0.0,0.0,1.0,0.0,0.0,0.0,0.0,75.7
UISC25-008,1,12,90.0,88.0,89.0,90.0,91.0,90.0,90.80991736,90.0,88.0,89.0,88.0,87.0,88.0,94,94,91,91,92,93.0,94,90,93,93,1.0,0.0,0.0,0.0,0.0,1.0,0.0,0.0,0.0,0.0,0.0,1.0,0.0,0.0,0.0,0.0,72.08
BES25-101,1,11,75.0,75.0,75.0,75.0,78.0,77.0,76.0,79.0,77.0,76.0,76.0,76.0,79.0,77,77,77,77,77,77.0,77,77,77,77,0.0,1.0,0.0,0.0,0.0,1.0,0.0,0.0,0.0,0.0,0.0,1.0,0.0,0.0,0.0,0.0,80.54
UICS24-014,0,11,86.0,86.0,85.0,86.0,84.0,82.0,85.0,85.0,83.0,82.0,84.0,83.0,85.0,84,84,84,82,82,82.0,83,82,83,84,1.0,0.0,0.0,0.0,0.0,1.0,0.0,0.0,0.0,0.0,0.0,1.0,0.0,0.0,0.0,0.0,74.03
LANES24-013,0,11,78.0,79.0,79.0,83.0,82.0,81.0,83.0,82.0,81.0,79.0,81.0,81.0,81.0,81,80,80,80,82,85.0,88,85,85,87,1.0,0.0,0.0,0.0,0.0,1.0,0.0,0.0,0.0,0.0,0.0,1.0,0.0,0.0,0.0,0.0,78.31
UICS24-033,0,12,76.0,75.0,76.0,77.0,79.0,78.0,78.0,78.0,80.0,79.0,79.0,79.0,80.0,78,79,78,78,80,77.0,77,75,77,77,1.0,0.0,0.0,0.0,0.0,1.0,0.0,0.0,0.0,0.0,0.0,1.0,0.0,0.0,0.0,0.0,74.03
BES25-186,1,11,86.0,89.0,87.0,87.0,87.0,85.0,87.0,86.0,87.0,87.0,86.0,86.0,86.0,82,82,81,81,83,86.0,85,86,86,85,1.0,0.0,0.0,0.0,0.0,1.0,0.0,0.0,0.0,0.0,0.0,1.0,0.0,0.0,0.0,0.0,80.54
UICS25-109,1,12,83.0,82.0,85.0,83.0,85.0,85.0,85.0,85.0,82.0,81.0,81.0,81.0,82.0,84,83,82,83,84,84.0,82,80,80,83,0.0,1.0,0.0,0.0,0.0,0.0,0.0,0.0,0.0,0.0,1.0,1.0,0.0,0.0,0.0,0.0,66.82
BES24-030,0,11,86.0,84.0,90.0,89.0,83.0,81.0,81.0,83.0,82.0,80.0,80.0,81.0,82.0,79,79,79,79,79,81.0,80,81,80,81,0.0,1.0,0.0,0.0,0.0,0.0,0.0,0.0,0.0,0.0,1.0,1.0,0.0,0.0,0.0,0.0,75.7
UICS25-271,1,11,91.0,89.0,88.0,89.0,91.0,90.0,93.0,92.0,92.0,92.0,92.0,92.0,92.0,90,89,89,89,88,88.0,88,89,90,90,1.0,0.0,0.0,0.0,0.0,0.0,0.0,0.0,0.0,0.0,1.0,1.0,0.0,0.0,0.0,0.0,66.82
UICS25-089,1,11,87.0,82.0,85.0,84.0,89.0,88.0,89.0,89.0,89.0,87.0,88.0,89.0,89.0,88,87,87,86,86,88.0,88,89,91,89,1.0,0.0,0.0,0.0,0.0,0.0,0.0,0.0,0.0,0.0,1.0,1.0,0.0,0.0,0.0,0.0,66.82
BES25-133,1,11,75.0,75.0,75.0,75.0,79.0,79.0,79.0,79.0,76.0,76.0,76.0,76.0,76.0,79,79,79,79,79,76.0,76,77,76,77,0.0,1.0,0.0,0.0,0.0,1.0,0.0,0.0,0.0,0.0,0.0,1.0,0.0,0.0,0.0,0.0,80.54
BES25-070,1,12,81.0,82.0,80.0,81.0,84.0,83.0,83.0,82.0,80.0,81.0,80.0,80.0,81.0,83,81,82,81,84,84.0,82,83,84,83,1.0,0.0,0.0,0.0,0.0,1.0,0.0,0.0,0.0,0.0,0.0,1.0,0.0,0.0,0.0,0.0,80.54
DAFSIS25-025,1,12,90.0,88.0,88.0,88.0,88.0,88.0,88.0,87.0,88.0,89.0,89.0,89.0,89.0,90,89,90,90,90,97.0,95,90,95,93,1.0,0.0,0.0,0.0,0.0,1.0,0.0,0.0,0.0,0.0,0.0,1.0,0.0,0.0,0.0,0.0,73.08
UICS24-004,0,11,81.0,82.0,81.0,83.0,83.0,83.0,84.0,83.0,85.0,85.0,84.0,84.0,85.0,84,83,82,82,83,89.0,89,87,89,89,0.0,1.0,0.0,0.0,0.0,1.0,0.0,0.0,0.0,0.0,0.0,1.0,0.0,0.0,0.0,0.0,74.03
NAN25-049,1,11,92.0,85.0,95.0,80.0,76.0,93.0,86.0,86.0,80.0,92.0,85.0,91.0,75.0,88,94,95,95,88,79.0,79,93,90,95,1.0,0.0,0.0,0.0,0.0,0.0,0.0,0.0,0.0,0.0,1.0,1.0,0.0,0.0,0.0,0.0,58.64
UICS25-093,1,11,79.0,79.0,79.0,79.0,79.0,79.0,80.0,80.0,79.0,79.0,79.0,80.0,81.0,82,80,80,80,85,86.0,86,86,85,85,0.0,1.0,0.0,0.0,0.0,1.0,0.0,0.0,0.0,0.0,0.0,1.0,0.0,0.0,0.0,0.0,66.82
NAN24-013,0,11,83.0,81.0,82.0,83.0,83.0,83.0,82.0,85.0,81.0,81.0,81.0,82.0,83.0,84,83,83,83,84,87.0,86,86,86,86,0.0,1.0,0.0,0.0,0.0,1.0,0.0,0.0,0.0,0.0,0.0,1.0,0.0,0.0,0.0,0.0,65.57
UICS25-238,1,12,83.90609137,82.97468354,83.60759494,88.0,88.0,86.0,86.0,86.0,84.91689751,85.0,89.0,90.0,89.0,89,91,83,83,82,83.0,83,86,89,80,0.0,1.0,0.0,0.0,0.0,1.0,0.0,0.0,0.0,0.0,0.0,1.0,0.0,0.0,0.0,0.0,66.82
LANES25-148,1,12,82.0,82.0,82.0,82.0,85.0,84.0,85.0,85.0,85.0,85.0,85.0,85.0,85.0,84,84,84,84,85,85.0,84,85,84,85,0.0,1.0,0.0,0.0,0.0,1.0,0.0,0.0,0.0,0.0,0.0,1.0,0.0,0.0,0.0,0.0,62.7
UICS25-008,1,12,84.0,84.0,86.0,86.0,87.0,86.0,86.0,88.0,86.0,86.0,85.0,85.0,86.0,87,86,86,86,86,86.0,85,84,85,85,1.0,0.0,0.0,0.0,0.0,1.0,0.0,0.0,0.0,0.0,0.0,1.0,0.0,0.0,0.0,0.0,66.82
UICS25-397,1,11,88.0,85.0,89.0,90.0,88.0,88.0,88.0,88.0,82.0,82.0,82.0,82.0,82.0,83,84,82,83,83,84.0,83,82,83,83,1.0,0.0,0.0,0.0,0.0,1.0,0.0,0.0,0.0,0.0,0.0,1.0,0.0,0.0,0.0,0.0,66.82
NAN25-044,1,12,81.0,89.0,93.0,85.0,88.0,89.0,81.0,85.0,89.0,92.0,85.0,81.0,93.0,89,83,88,88,86,82.0,79,78,78,91,0.0,1.0,0.0,0.0,0.0,0.0,0.0,0.0,0.0,0.0,1.0,1.0,0.0,0.0,0.0,0.0,58.64
DAPSMECSE25-032,1,11,90.0,89.0,88.0,90.0,91.0,88.0,88.0,89.0,88.0,88.0,88.0,91.0,89.0,86,86,86,86,87,84.0,81,82,82,84,0.0,1.0,0.0,0.0,0.0,0.0,0.0,0.0,0.0,0.0,1.0,1.0,0.0,0.0,0.0,0.0,75.71
BES25-122,1,11,83.0,83.0,84.0,85.0,86.0,86.0,86.0,87.0,84.0,84.0,84.0,84.0,85.0,83,84,84,88,84,84.0,83,83,83,83,1.0,0.0,0.0,0.0,0.0,1.0,0.0,0.0,0.0,0.0,0.0,1.0,0.0,0.0,0.0,0.0,80.54
UICS25-096,1,11,83.0,82.0,83.0,83.0,87.0,85.0,86.0,87.0,87.0,86.0,87.0,86.0,86.0,85,84,84,84,84,88.0,87,87,87,87,1.0,0.0,0.0,0.0,0.0,1.0,0.0,0.0,0.0,0.0,0.0,1.0,0.0,0.0,0.0,0.0,66.82
NAN24-002,0,11,84.0,84.0,82.0,84.0,81.0,80.0,82.0,79.0,82.0,82.0,82.0,82.0,82.0,80,79,79,79,79,85.0,84,82,84,85,0.0,1.0,0.0,0.0,0.0,1.0,0.0,0.0,0.0,0.0,0.0,1.0,0.0,0.0,0.0,0.0,65.57
UICS25-237,1,12,79.0,76.0,80.0,82.0,82.0,84.0,84.0,84.0,84.91689751,84.0,86.0,85.0,86.0,86,85,85,84,84,84.0,84,87,86,85,0.0,1.0,0.0,0.0,0.0,1.0,0.0,0.0,0.0,0.0,0.0,1.0,0.0,0.0,0.0,0.0,66.82
UICS25-195,1,11,88.0,90.0,87.0,86.0,91.0,86.0,89.0,90.0,87.0,87.0,87.0,87.0,87.0,82,81,81,81,82,83.0,83,83,83,84,0.0,1.0,0.0,0.0,0.0,1.0,0.0,0.0,0.0,0.0,0.0,0.0,0.0,1.0,0.0,0.0,66.82
BES25-203,1,11,84.0,81.0,84.0,84.0,84.0,82.0,84.0,85.0,83.0,83.0,82.0,82.0,82.0,82,82,82,82,82,83.0,81,81,82,81,0.0,1.0,0.0,0.0,0.0,1.0,0.0,0.0,0.0,0.0,0.0,1.0,0.0,0.0,0.0,0.0,80.54
BES25-110,1,11,75.0,75.0,75.0,76.0,84.0,83.0,84.0,86.0,82.0,81.0,81.0,81.0,81.0,79,78,78,79,78,81.0,79,79,79,81,1.0,0.0,0.0,0.0,0.0,0.0,0.0,0.0,0.0,0.0,1.0,1.0,0.0,0.0,0.0,0.0,80.54
UICS25-310,1,12,88.0,83.0,88.0,88.0,88.0,87.0,86.0,88.0,84.0,84.0,83.0,83.0,85.0,87,87,88,87,87,87.0,87,88,87,88,0.0,1.0,0.0,0.0,0.0,1.0,0.0,0.0,0.0,0.0,0.0,1.0,0.0,0.0,0.0,0.0,66.82
NAN24-017,0,11,79.0,77.0,77.0,79.0,80.0,78.0,80.0,79.0,80.0,82.0,80.0,81.0,81.0,86,84,87,87,87,88.0,88,85,89,88,0.0,1.0,0.0,0.0,0.0,1.0,0.0,0.0,0.0,0.0,0.0,1.0,0.0,0.0,0.0,0.0,65.57
UICS25-029,1,11,90.0,90.0,89.0,87.0,88.0,88.0,88.0,89.0,88.0,87.0,87.0,88.0,87.0,86,90,87,88,87,90.0,81,80,81,82,0.0,1.0,0.0,0.0,0.0,0.0,0.0,0.0,0.0,0.0,1.0,1.0,0.0,0.0,0.0,0.0,66.82
LANES25-049,1,11,82.0,81.0,82.0,83.0,89.0,88.0,86.0,86.0,86.0,85.0,87.0,85.0,85.0,85,84,83,84,86,85.0,86,83,85,85,1.0,0.0,0.0,0.0,0.0,1.0,0.0,0.0,0.0,0.0,0.0,1.0,0.0,0.0,0.0,0.0,62.7
UICS25-316,1,11,86.0,86.0,83.0,89.0,92.0,92.0,92.0,92.0,92.0,91.0,92.0,92.0,92.0,93,92,91,91,90,90.0,92,87,90,91,1.0,0.0,0.0,0.0,0.0,0.0,0.0,0.0,0.0,0.0,1.0,1.0,0.0,0.0,0.0,0.0,66.82
DAFSIS25-026,1,12,87.0,88.0,86.0,87.0,85.0,81.0,83.0,83.0,86.0,84.0,85.0,85.0,85.0,83,82,81,82,82,83.0,89,79,88,84,1.0,0.0,0.0,0.0,0.0,1.0,0.0,0.0,0.0,0.0,0.0,1.0,0.0,0.0,0.0,0.0,73.08
BES24-039,0,11,90.0,91.0,92.0,92.0,90.0,90.0,90.0,91.0,89.0,89.0,89.0,89.0,90.0,91,90,90,91,91,92.0,93,93,93,90,0.0,1.0,0.0,0.0,0.0,1.0,0.0,0.0,0.0,0.0,0.0,1.0,0.0,0.0,0.0,0.0,75.7
LANES24-015,0,12,90.0,92.0,90.0,92.0,93.0,89.0,92.0,89.0,89.0,88.0,88.0,89.0,89.0,92,90,91,92,92,90.0,89,89,89,89,1.0,0.0,0.0,0.0,0.0,1.0,0.0,0.0,0.0,0.0,0.0,1.0,0.0,0.0,0.0,0.0,78.31
UICS25-120,1,11,77.0,76.0,77.0,77.0,84.0,82.0,81.0,82.0,81.0,80.0,79.0,79.0,80.0,79,78,79,79,79,79.0,78,78,79,80,0.0,1.0,0.0,0.0,0.0,0.0,0.0,0.0,0.0,0.0,1.0,1.0,0.0,0.0,0.0,0.0,66.82
UICS25-261,1,11,83.90609137,82.97468354,83.60759494,84.18387909,85.40954774,84.87688442,84.9798995,85.49748744,85.0,84.0,85.0,86.0,84.0,80,79,79,79,79,80.0,80,79,79,81,1.0,0.0,0.0,0.0,0.0,0.0,0.0,0.0,0.0,0.0,1.0,1.0,0.0,0.0,0.0,0.0,66.82
LANES25-012,1,11,81.0,80.0,81.0,82.0,81.0,81.0,81.0,81.0,83.0,81.0,82.0,83.0,83.0,81,82,83,77,81,84.0,82,82,82,84,0.0,1.0,0.0,0.0,0.0,1.0,0.0,0.0,0.0,0.0,0.0,0.0,0.0,0.0,0.0,1.0,62.7
BES25-188,1,11,91.0,91.0,89.0,89.0,82.0,82.0,83.0,82.0,80.0,80.0,80.0,81.0,81.0,83,81,81,81,83,82.0,82,82,83,83,1.0,0.0,0.0,0.0,0.0,1.0,0.0,0.0,0.0,0.0,0.0,1.0,0.0,0.0,0.0,0.0,80.54
UICS24-010,0,11,92.0,90.0,90.0,90.0,89.0,90.0,89.0,89.0,89.0,89.0,89.0,88.0,87.0,91,91,92,92,92,92.0,92,90,91,92,0.0,1.0,0.0,0.0,0.0,1.0,0.0,0.0,0.0,0.0,0.0,1.0,0.0,0.0,0.0,0.0,74.03
DAFSIS25-022,1,11,82.0,81.0,81.0,82.0,78.0,78.0,77.0,78.0,84.0,81.0,81.0,81.0,84.0,82,81,83,83,84,80.0,78,82,79,80,1.0,0.0,0.0,0.0,0.0,1.0,0.0,0.0,0.0,0.0,0.0,0.0,0.0,0.0,0.0,1.0,73.08
BES25-068,1,12,82.0,83.0,83.0,84.0,85.0,84.0,84.0,84.0,84.0,84.0,84.0,83.0,83.0,84,83,83,83,83,85.0,84,84,85,84,0.0,1.0,0.0,0.0,0.0,0.0,0.0,0.0,0.0,0.0,1.0,1.0,0.0,0.0,0.0,0.0,80.54
DAFSIS24-007,0,11,85.0,85.0,85.0,85.0,86.0,86.0,86.0,87.0,86.0,85.0,86.0,86.0,87.0,85,85,84,85,85,81.0,84,80,83,83,1.0,0.0,0.0,0.0,0.0,1.0,0.0,0.0,0.0,0.0,0.0,1.0,0.0,0.0,0.0,0.0,74.93
NAN25-038,1,11,88.0,87.0,86.0,87.0,88.0,87.0,87.0,88.0,91.0,91.0,90.0,91.0,92.0,91,90,91,92,91,94.0,93,94,93,92,0.0,1.0,0.0,0.0,0.0,0.0,0.0,0.0,0.0,0.0,1.0,1.0,0.0,0.0,0.0,0.0,58.64
BES25-001,1,11,84.0,83.0,87.0,91.0,86.0,85.0,87.0,87.0,88.0,88.0,88.0,87.0,87.0,88,88,87,87,86,89.0,85,88,88,86,0.0,1.0,0.0,0.0,0.0,1.0,0.0,0.0,0.0,0.0,0.0,1.0,0.0,0.0,0.0,0.0,80.54
UICS24-056,0,11,80.0,80.0,81.0,81.0,83.0,81.0,81.0,83.0,82.0,81.0,81.0,81.0,82.0,83,82,81,81,82,87.0,86,87,83,84,1.0,0.0,0.0,0.0,0.0,1.0,0.0,0.0,0.0,0.0,0.0,1.0,0.0,0.0,0.0,0.0,74.03
NAN25-013,1,11,86.0,84.0,82.0,86.0,87.0,86.0,85.0,85.0,80.0,79.0,78.0,77.0,80.0,85,85,86,89,84,89.0,87,87,87,87,1.0,0.0,0.0,0.0,0.0,1.0,0.0,0.0,0.0,0.0,0.0,1.0,0.0,0.0,0.0,0.0,58.64
LANES25-097,1,11,80.0,79.0,77.0,80.0,82.0,82.0,82.0,82.0,82.0,83.0,84.0,81.0,83.0,81,83,82,80,81,83.0,81,81,82,83,1.0,0.0,0.0,0.0,0.0,1.0,0.0,0.0,0.0,0.0,0.0,1.0,0.0,0.0,0.0,0.0,62.7
UICS25-083,1,11,90.0,84.0,85.0,84.0,88.0,86.0,87.0,87.0,86.0,83.0,83.0,86.0,85.0,88,87,86,86,87,87.0,85,85,86,87,1.0,0.0,0.0,0.0,0.0,1.0,0.0,0.0,0.0,0.0,0.0,1.0,0.0,0.0,0.0,0.0,66.82
BES25-162,1,11,92.0,92.0,88.0,91.0,90.0,90.0,90.0,90.0,92.0,92.0,91.0,91.0,92.0,89,88,88,88,88,88.0,89,88,88,88,0.0,1.0,0.0,0.0,0.0,0.0,0.0,0.0,0.0,0.0,1.0,1.0,0.0,0.0,0.0,0.0,80.54
UICS25-062,1,11,84.0,83.0,84.0,84.0,89.0,88.0,88.0,88.0,89.0,88.0,87.0,88.0,87.0,85,84,85,84,84,88.0,90,86,88,87,1.0,0.0,0.0,0.0,0.0,1.0,0.0,0.0,0.0,0.0,0.0,1.0,0.0,0.0,0.0,0.0,66.82
UISC25-103,1,11,92.0,92.0,90.0,95.0,93.0,93.0,93.0,93.0,93.0,92.0,93.0,93.0,93.0,92,93,92,93,88,91.0,93,88,82,91,1.0,0.0,0.0,1.0,0.0,0.0,0.0,0.0,0.0,0.0,0.0,1.0,0.0,0.0,0.0,0.0,72.08
UICS25-207,1,12,87.0,86.0,86.0,86.0,86.0,86.0,86.0,86.0,84.91689751,86.0,84.0,83.0,82.0,82,83,85,86,88,86.0,84,87,86,87,1.0,0.0,0.0,0.0,0.0,0.0,0.0,0.0,0.0,0.0,1.0,1.0,0.0,0.0,0.0,0.0,66.82
DCBMES24-004,0,13,87.0,86.0,89.0,89.0,85.0,86.0,87.0,86.0,86.0,84.0,84.0,85.0,85.0,88,85,87,86,85,85.0,87,86,86,86,0.0,1.0,0.0,0.0,0.0,1.0,0.0,0.0,0.0,0.0,0.0,1.0,0.0,0.0,0.0,0.0,45.71
BES25-073,1,11,93.0,92.0,91.0,91.0,89.0,90.0,89.0,89.0,79.0,78.0,78.0,79.0,78.0,85,84,84,84,84,86.0,85,85,85,86,1.0,0.0,0.0,0.0,0.0,1.0,0.0,0.0,0.0,0.0,0.0,1.0,0.0,0.0,0.0,0.0,80.54
BES25-113,1,11,76.0,76.0,77.0,78.0,79.0,76.0,78.0,79.0,78.0,78.0,78.0,78.0,78.0,81,80,80,80,80,80.0,79,79,78,79,1.0,0.0,0.0,0.0,0.0,1.0,0.0,0.0,0.0,0.0,0.0,1.0,0.0,0.0,0.0,0.0,80.54
LANES25-022,1,11,94.0,91.0,91.0,91.0,92.0,91.0,91.0,92.0,91.0,90.0,91.0,91.0,91.0,93,91,92,92,91,87.0,87,89,88,88,1.0,0.0,0.0,0.0,0.0,0.0,0.0,0.0,0.0,0.0,1.0,1.0,0.0,0.0,0.0,0.0,62.7
UICS25-292,1,11,85.0,83.0,84.0,86.0,86.0,88.0,85.0,86.0,88.0,87.0,86.0,87.0,86.0,89,83,85,88,85,85.0,85,84,85,86,1.0,0.0,0.0,0.0,0.0,0.0,0.0,0.0,0.0,0.0,1.0,1.0,0.0,0.0,0.0,0.0,66.82
BES25-031,1,11,85.0,88.0,94.0,91.0,90.0,90.0,91.0,90.0,91.0,89.0,91.0,91.0,91.0,88,87,88,88,89,88.0,88,89,90,88,1.0,0.0,0.0,0.0,0.0,1.0,0.0,0.0,0.0,0.0,0.0,1.0,0.0,0.0,0.0,0.0,80.54
UICS25-357,1,11,75.0,75.0,76.0,76.0,75.0,75.0,75.0,75.0,78.0,78.0,78.0,78.0,78.0,77,76,77,76,76,77.0,77,77,77,76,1.0,0.0,0.0,0.0,0.0,0.0,0.0,0.0,0.0,0.0,1.0,1.0,0.0,0.0,0.0,0.0,66.82
BES25-095,1,12,75.0,75.0,75.0,75.0,85.0,84.0,84.0,85.0,77.0,77.0,77.0,77.0,77.0,79,79,79,79,79,75.0,75,75,75,75,0.0,1.0,0.0,0.0,0.0,1.0,0.0,0.0,0.0,0.0,0.0,1.0,0.0,0.0,0.0,0.0,80.54
UICS25-366,1,12,76.0,76.0,76.0,80.0,82.0,80.0,82.0,83.0,85.0,85.0,86.0,85.0,86.0,79,79,78,79,80,82.0,82,82,82,83,0.0,1.0,1.0,0.0,0.0,0.0,0.0,0.0,0.0,0.0,0.0,1.0,0.0,0.0,0.0,0.0,66.82
UICS25-374,1,11,80.0,75.0,80.0,80.0,75.0,75.0,75.0,75.0,80.0,77.0,80.0,81.0,80.0,81,78,78,82,81,82.0,81,82,80,81,0.0,1.0,0.0,0.0,0.0,0.0,0.0,0.0,0.0,1.0,0.0,1.0,0.0,0.0,0.0,0.0,66.82
UICS25-125,1,11,86.0,86.0,85.0,86.0,87.0,86.0,86.0,86.0,87.0,86.0,86.0,86.0,87.0,85,84,83,86,83,86.0,86,86,85,85,1.0,0.0,0.0,0.0,0.0,1.0,0.0,0.0,0.0,0.0,0.0,1.0,0.0,0.0,0.0,0.0,66.82
UICS25-385,1,11,90.0,86.0,84.0,88.0,90.0,90.0,90.0,91.0,90.0,89.0,89.0,90.0,91.0,89,88,89,86,88,90.0,90,92,90,91,1.0,0.0,0.0,0.0,0.0,1.0,0.0,0.0,0.0,0.0,0.0,1.0,0.0,0.0,0.0,0.0,66.82
LANES25-144,1,11,79.0,77.0,79.0,79.0,79.0,79.0,79.0,79.0,81.0,81.0,81.0,80.0,81.0,82,81,85,79,82,82.0,80,81,79,81,0.0,1.0,0.0,0.0,0.0,1.0,0.0,0.0,0.0,0.0,0.0,1.0,0.0,0.0,0.0,0.0,62.7
BES25-145,1,11,83.0,81.0,82.0,82.0,82.0,81.0,83.0,82.0,80.0,79.0,80.0,80.0,80.0,81,80,79,79,81,82.0,82,82,82,82,0.0,1.0,0.0,0.0,0.0,0.0,0.0,0.0,0.0,0.0,1.0,1.0,0.0,0.0,0.0,0.0,80.54
UICS25-149,1,13,76.0,75.0,76.0,76.0,78.0,76.0,76.0,77.0,87.0,85.0,86.0,87.0,80.0,80,80,81,80,83,86.0,84,83,84,85,0.0,1.0,0.0,0.0,0.0,1.0,0.0,0.0,0.0,0.0,0.0,1.0,0.0,0.0,0.0,0.0,66.82
LANES25-149,1,12,85.0,84.0,84.0,84.0,83.0,83.0,83.0,83.0,84.0,84.0,84.0,83.0,83.0,83,81,80,82,82,85.0,84,84,83,85,1.0,0.0,0.0,0.0,0.0,1.0,0.0,0.0,0.0,0.0,0.0,1.0,0.0,0.0,0.0,0.0,62.7
UISC24-008,0,12,90.0,90.0,88.0,90.0,88.0,91.0,89.0,89.0,91.0,92.0,91.0,91.0,91.0,91,94,95,94,93,90.0,90,90,92,90,1.0,0.0,0.0,0.0,0.0,1.0,0.0,0.0,0.0,0.0,0.0,1.0,0.0,0.0,0.0,0.0,76.93
UICS25-242,1,12,84.0,81.0,82.0,83.0,88.0,87.0,88.0,86.0,85.0,83.0,82.0,82.0,83.0,85,84,84,84,84,85.0,83,81,82,84,1.0,0.0,0.0,0.0,0.0,1.0,0.0,0.0,0.0,0.0,0.0,1.0,0.0,0.0,0.0,0.0,66.82
UICS25-393,1,11,82.0,79.0,81.0,83.0,85.0,82.0,82.0,85.0,82.0,80.0,80.0,80.0,81.0,85,84,85,84,85,84.0,83,81,81,84,1.0,0.0,0.0,0.0,0.0,1.0,0.0,0.0,0.0,0.0,0.0,1.0,0.0,0.0,0.0,0.0,66.82
BES25-061,1,12,79.0,78.0,82.0,85.0,85.0,83.0,80.0,87.0,80.0,80.0,80.0,80.0,80.0,85,84,82,84,85,82.0,81,82,83,82,0.0,1.0,0.0,0.0,0.0,0.0,0.0,0.0,0.0,0.0,1.0,1.0,0.0,0.0,0.0,0.0,80.54
LANES25-008,1,12,83.0,81.0,81.0,81.0,84.0,84.0,82.0,81.0,83.0,83.0,84.0,83.0,84.0,84,84,85,84,84,84.0,84,82,83,83,1.0,0.0,0.0,0.0,0.0,1.0,0.0,0.0,0.0,0.0,0.0,1.0,0.0,0.0,0.0,0.0,62.7
BES25-200,1,11,91.0,86.0,87.0,87.0,87.0,87.0,87.0,87.0,91.0,91.0,91.0,91.0,91.0,82,81,83,82,82,85.0,83,84,83,84,0.0,1.0,0.0,0.0,0.0,1.0,0.0,0.0,0.0,0.0,0.0,1.0,0.0,0.0,0.0,0.0,80.54
BES24-004,0,12,88.0,87.0,91.0,88.0,84.0,86.0,85.0,87.0,82.0,82.0,82.0,82.0,82.0,80,79,79,79,80,87.0,84,84,85,86,1.0,0.0,0.0,0.0,0.0,1.0,0.0,0.0,0.0,0.0,0.0,1.0,0.0,0.0,0.0,0.0,75.7
UICS25-204,1,11,76.0,76.0,77.0,77.0,77.0,80.0,79.0,79.0,84.91689751,81.0,78.0,76.0,76.0,76,76,84,82,81,82.0,83,80,79,79,1.0,0.0,0.0,0.0,0.0,0.0,0.0,0.0,0.0,0.0,1.0,1.0,0.0,0.0,0.0,0.0,66.82
UICS24-057,0,11,81.0,79.0,82.0,81.0,82.0,82.0,82.0,82.0,82.0,82.0,81.0,81.0,83.0,82,82,82,82,81,85.0,84,85,83,84,0.0,1.0,0.0,0.0,0.0,0.0,0.0,0.0,0.0,0.0,1.0,1.0,0.0,0.0,0.0,0.0,74.03
UISC24-001,0,11,89.0,87.0,90.0,87.0,88.0,90.0,86.0,87.0,91.0,91.0,91.0,90.0,90.0,89,90,92,89,94,89.0,89,91,89,89,0.0,1.0,0.0,0.0,0.0,1.0,0.0,0.0,0.0,0.0,0.0,1.0,0.0,0.0,0.0,0.0,76.93
UICS24-026,0,12,82.0,80.0,83.0,82.0,81.0,81.0,80.0,80.0,80.0,81.0,81.0,80.0,80.0,81,80,79,80,80,78.0,78,77,77,77,0.0,1.0,0.0,0.0,0.0,1.0,0.0,0.0,0.0,0.0,0.0,1.0,0.0,0.0,0.0,0.0,74.03
UICS25-003,1,12,79.0,78.0,78.0,77.0,78.0,78.0,78.0,78.0,80.0,79.0,79.0,79.0,79.0,81,81,81,80,83,82.0,90,89,90,90,0.0,1.0,0.0,0.0,0.0,0.0,0.0,0.0,0.0,0.0,1.0,1.0,0.0,0.0,0.0,0.0,66.82
UISC24-017,0,12,95.0,94.0,95.0,93.0,96.0,92.0,95.0,92.0,93.0,93.0,94.0,94.0,92.0,97,95,98,95,98,95.0,95,95,94,95,0.0,1.0,0.0,0.0,0.0,0.0,0.0,0.0,0.0,0.0,1.0,0.0,0.0,1.0,0.0,0.0,76.93
BES25-019,1,11,85.0,82.0,86.0,86.0,85.0,85.0,85.0,84.0,81.0,81.0,81.0,81.0,81.0,89,87,90,87,88,91.0,88,91,89,89,1.0,0.0,0.0,0.0,0.0,1.0,0.0,0.0,0.0,0.0,0.0,1.0,0.0,0.0,0.0,0.0,80.54
UICS24-072,0,11,88.0,87.0,89.0,90.0,86.0,87.0,86.0,89.0,87.0,87.0,89.0,89.0,88.0,90,87,90,89,89,89.0,88,87,87,87,1.0,0.0,0.0,0.0,0.0,1.0,0.0,0.0,0.0,0.0,0.0,1.0,0.0,0.0,0.0,0.0,74.03
UICS24-041,0,12,86.0,82.0,85.0,86.0,83.0,81.0,84.0,82.0,86.0,83.0,85.0,83.0,86.0,85,88,86,85,83,85.0,84,85,86,86,1.0,0.0,0.0,0.0,0.0,1.0,0.0,0.0,0.0,0.0,0.0,1.0,0.0,0.0,0.0,0.0,74.03
UISC25-006,1,11,87.0,87.0,85.0,86.0,87.0,87.0,87.0,86.0,87.0,86.0,86.0,87.0,87.0,89,91,88,88,89,90.0,90,89,90,90,0.0,1.0,0.0,0.0,0.0,1.0,0.0,0.0,0.0,0.0,0.0,1.0,0.0,0.0,0.0,0.0,72.08
UICS25-035,1,12,87.0,90.0,88.0,80.0,84.0,86.0,85.0,86.0,85.0,85.0,85.0,86.0,86.0,85,85,84,87,86,85.0,85,85,85,85,0.0,1.0,0.0,0.0,0.0,1.0,0.0,0.0,0.0,0.0,0.0,0.0,0.0,1.0,0.0,0.0,66.82
LANES25-042,1,11,82.0,82.0,80.0,82.0,83.0,84.0,85.0,86.0,86.0,85.0,85.0,85.0,85.0,84,82,82,84,85,86.0,86,85,86,86,1.0,0.0,0.0,0.0,0.0,1.0,0.0,0.0,0.0,0.0,0.0,1.0,0.0,0.0,0.0,0.0,62.7
UISC24-011,0,12,89.0,87.0,90.0,91.0,91.0,91.0,91.0,91.0,92.0,91.0,90.0,90.0,91.0,89,91,89,90,91,89.0,90,89,89,88,1.0,0.0,0.0,0.0,0.0,1.0,0.0,0.0,0.0,0.0,0.0,1.0,0.0,0.0,0.0,0.0,76.93
DCBMES24-002,0,11,90.0,90.0,93.0,92.0,91.0,92.0,93.0,94.0,91.0,91.0,90.0,93.0,91.0,91,91,90,92,90,94.0,94,92,95,90,1.0,0.0,0.0,0.0,0.0,1.0,0.0,0.0,0.0,0.0,0.0,1.0,0.0,0.0,0.0,0.0,45.71
UISC25-037,1,12,82.0,82.0,82.0,84.0,86.0,83.0,84.0,83.0,87.0,84.0,85.0,85.0,85.0,86,85,85,88,86,88.0,89,89,90,88,0.0,1.0,0.0,0.0,0.0,1.0,0.0,0.0,0.0,0.0,0.0,1.0,0.0,0.0,0.0,0.0,72.08
UICS25-061,1,11,87.0,86.0,88.0,91.0,92.0,92.0,92.0,92.0,92.0,91.0,91.0,91.0,92.0,91,92,89,89,88,88.0,88,87,89,90,1.0,0.0,0.0,0.0,0.0,0.0,0.0,0.0,0.0,0.0,1.0,1.0,0.0,0.0,0.0,0.0,66.82
UICS24-030,0,12,83.0,81.0,83.0,83.0,81.0,81.0,81.0,82.0,83.0,82.0,81.0,81.0,82.0,83,83,83,84,84,77.0,76,76,76,76,0.0,1.0,0.0,0.0,0.0,1.0,0.0,0.0,0.0,0.0,0.0,1.0,0.0,0.0,0.0,0.0,74.03
LANES25-002,1,11,83.0,80.0,78.0,81.0,85.0,85.0,81.0,84.0,80.0,78.0,78.0,79.0,79.0,84,85,82,81,81,82.0,80,80,80,83,1.0,0.0,0.0,0.0,0.0,0.0,0.0,0.0,0.0,0.0,1.0,1.0,0.0,0.0,0.0,0.0,62.7
NAN25-066,1,14,93.0,80.0,91.0,87.0,76.0,86.0,91.0,90.0,95.0,87.0,90.0,76.0,82.0,75,91,83,86,79,75.0,79,82,76,95,0.0,1.0,0.0,0.0,0.0,1.0,0.0,0.0,0.0,0.0,0.0,0.0,0.0,1.0,0.0,0.0,58.64
UICS25-224,1,11,81.0,80.0,81.0,82.0,82.0,86.0,85.0,86.0,84.91689751,86.0,86.0,85.0,87.0,86,85,84,83,82,82.0,84,84,81,80,0.0,1.0,0.0,0.0,0.0,0.0,0.0,0.0,0.0,0.0,1.0,0.0,0.0,1.0,0.0,0.0,66.82
LANES25-123,1,11,82.0,80.0,84.0,84.0,86.0,85.0,85.0,85.0,82.0,82.0,82.0,82.0,82.0,85,85,84,83,83,83.0,83,83,84,84,0.0,1.0,0.0,0.0,0.0,1.0,0.0,0.0,0.0,0.0,0.0,1.0,0.0,0.0,0.0,0.0,62.7
LANES25-061,1,11,86.0,83.0,87.0,85.0,86.0,83.0,87.0,87.0,86.0,83.0,85.0,83.0,85.0,88,86,89,90,87,89.0,88,86,88,86,0.0,1.0,0.0,0.0,0.0,0.0,0.0,0.0,0.0,0.0,1.0,1.0,0.0,0.0,0.0,0.0,62.7
NAN25-014,1,11,86.0,84.0,83.0,86.0,92.0,89.0,92.0,90.0,89.0,89.0,88.0,88.0,88.0,89,89,89,90,90,92.0,89,89,91,91,1.0,0.0,0.0,0.0,0.0,0.0,0.0,0.0,0.0,0.0,1.0,1.0,0.0,0.0,0.0,0.0,58.64
BES25-021,1,11,84.0,83.0,84.0,85.0,77.0,77.0,77.0,78.0,78.0,78.0,78.0,78.0,78.0,88,88,89,88,88,85.0,83,84,85,85,1.0,0.0,0.0,0.0,0.0,1.0,0.0,0.0,0.0,0.0,0.0,1.0,0.0,0.0,0.0,0.0,80.54
DAPSMECSE25-014,1,10,82.0,81.0,85.0,86.0,85.0,84.0,84.0,85.0,85.0,83.0,86.0,86.0,87.0,87,86,85,85,86,85.0,85,84,89,85,0.0,1.0,0.0,0.0,0.0,1.0,0.0,0.0,0.0,0.0,0.0,1.0,0.0,0.0,0.0,0.0,75.71
UICS25-223,1,11,76.0,76.0,76.0,76.0,76.0,81.0,80.0,81.0,84.91689751,82.0,81.0,80.0,80.0,80,82,83,82,81,81.0,83,82,82,81,0.0,1.0,0.0,0.0,0.0,1.0,0.0,0.0,0.0,0.0,0.0,0.0,0.0,1.0,0.0,0.0,66.82
DAFSIS25-017,1,11,88.0,87.0,87.0,87.0,88.0,87.0,87.0,87.0,90.0,89.0,89.0,89.0,90.0,90,89,90,90,90,97.0,94,92,93,94,1.0,0.0,0.0,0.0,0.0,1.0,0.0,0.0,0.0,0.0,0.0,1.0,0.0,0.0,0.0,0.0,73.08
UISC25-020,1,11,89.0,88.0,89.0,90.0,91.0,90.0,90.0,91.0,92.0,92.0,92.0,92.0,93.0,90,91,88,88,86,91.0,91,89,90,90,1.0,0.0,0.0,0.0,0.0,0.0,0.0,0.0,0.0,0.0,1.0,0.0,0.0,1.0,0.0,0.0,72.08
NAN25-068,1,13,75.0,93.0,88.0,92.0,87.0,93.0,79.0,77.0,85.0,77.0,79.0,79.0,87.0,90,84,95,77,84,78.0,75,82,88,80,1.0,0.0,0.0,0.0,0.0,0.0,0.0,0.0,0.0,0.0,1.0,1.0,0.0,0.0,0.0,0.0,58.64
BES24-012,0,11,75.0,75.0,76.0,79.0,79.0,80.0,82.0,80.0,79.0,78.0,79.0,80.0,80.0,82,80,79,79,81,84.0,81,82,84,84,1.0,0.0,0.0,0.0,0.0,1.0,0.0,0.0,0.0,0.0,0.0,1.0,0.0,0.0,0.0,0.0,75.7
DAFSIS25-028,1,12,84.0,85.0,85.0,85.0,86.0,86.0,84.0,84.0,86.0,86.0,86.0,86.0,86.0,82,81,82,82,82,85.0,84,87,84,86,1.0,0.0,0.0,0.0,0.0,1.0,0.0,0.0,0.0,0.0,0.0,1.0,0.0,0.0,0.0,0.0,73.08
DCBMES25-018,1,11,84.0,83.0,86.0,83.0,84.0,83.0,85.0,86.0,85.0,85.0,84.0,84.0,84.0,85,86,84,84,87,87.0,88,89,87,87,1.0,0.0,0.0,0.0,0.0,1.0,0.0,0.0,0.0,0.0,0.0,1.0,0.0,0.0,0.0,0.0,33.59
UICS24-048,0,12,92.0,92.0,91.0,94.0,90.0,89.0,89.0,88.0,87.0,86.0,86.0,86.0,86.0,85,84,84,83,84,82.0,82,82,82,82,1.0,0.0,0.0,0.0,0.0,0.0,0.0,0.0,0.0,0.0,1.0,1.0,0.0,0.0,0.0,0.0,74.03
UICS25-303,1,11,84.0,84.0,83.0,84.0,85.0,84.0,84.0,85.0,83.0,82.0,82.0,81.0,82.0,84,83,83,82,86,86.0,86,85,85,85,1.0,0.0,0.0,0.0,0.0,1.0,0.0,0.0,0.0,0.0,0.0,0.0,0.0,0.0,0.0,1.0,66.82
UISC24-004,0,11,90.0,89.0,90.0,90.0,90.0,91.0,90.0,91.0,91.0,90.0,90.0,90.0,91.0,89,90,93,88,93,89.0,90,89,89,90,0.0,1.0,0.0,0.0,0.0,1.0,0.0,0.0,0.0,0.0,0.0,1.0,0.0,0.0,0.0,0.0,76.93
UICS25-117,1,11,85.0,83.0,84.0,87.0,88.0,86.0,86.0,87.0,88.0,86.0,86.0,88.0,88.0,84,84,84,84,85,84.0,84,85,84,83,0.0,1.0,0.0,0.0,0.0,0.0,0.0,0.0,0.0,0.0,1.0,1.0,0.0,0.0,0.0,0.0,66.82
DAFSIS25-046,1,11,87.0,86.0,86.0,86.0,86.0,86.0,84.0,86.0,84.0,88.0,87.0,88.0,89.0,89,88,90,88,89,96.0,93,92,94,93,1.0,0.0,0.0,0.0,0.0,1.0,0.0,0.0,0.0,0.0,0.0,1.0,0.0,0.0,0.0,0.0,73.08
DAFSIS25-010,1,11,80.0,80.0,79.0,79.0,84.0,84.0,84.0,85.0,87.0,87.0,87.0,87.0,87.0,76,75,75,75,76,77.0,81,79,79,77,0.0,1.0,0.0,0.0,0.0,1.0,0.0,0.0,0.0,0.0,0.0,1.0,0.0,0.0,0.0,0.0,73.08
UICS25-225,1,11,81.0,80.0,84.0,83.0,83.0,84.0,84.0,85.0,84.91689751,85.0,85.0,84.0,85.0,84,84,80,84,84,85.0,85,86,85,84,0.0,1.0,0.0,0.0,0.0,0.0,0.0,0.0,0.0,0.0,1.0,0.0,0.0,1.0,0.0,0.0,66.82
UISC25-069,1,11,95.0,93.0,95.0,97.0,95.0,95.0,94.0,95.0,95.0,95.0,95.0,94.0,96.0,96,96,95,94,96,93.0,95,94,95,94,0.0,1.0,0.0,0.0,0.0,0.0,0.0,0.0,0.0,0.0,1.0,1.0,0.0,0.0,0.0,0.0,72.08
UISC25-010,1,11,83.0,83.0,80.0,82.0,93.0,93.0,93.0,93.0,93.0,92.0,93.0,92.0,93.0,95,94,93,91,91,92.0,93,93,91,91,1.0,0.0,0.0,0.0,0.0,1.0,0.0,0.0,0.0,0.0,0.0,1.0,0.0,0.0,0.0,0.0,72.08
DAPSMECSE25-001,1,11,92.0,91.0,93.0,93.0,92.0,92.0,94.0,94.0,93.0,93.0,94.0,94.0,93.0,93,94,93,94,92,95.0,94,94,96,92,0.0,1.0,0.0,0.0,0.0,1.0,0.0,0.0,0.0,0.0,0.0,1.0,0.0,0.0,0.0,0.0,75.71
DAFSIS25-014,1,11,78.0,79.0,77.0,78.0,80.0,77.0,78.0,78.0,81.0,80.0,80.0,80.0,80.0,77,77,77,77,78,76.0,79,79,78,79,1.0,0.0,0.0,0.0,0.0,1.0,0.0,0.0,0.0,0.0,0.0,1.0,0.0,0.0,0.0,0.0,73.08
NAN25-070,1,13,78.0,93.0,95.0,87.0,86.0,75.0,80.0,78.0,81.0,93.0,92.0,80.0,77.0,75,91,93,81,85,94.0,78,78,79,94,1.0,0.0,0.0,0.0,0.0,0.0,0.0,0.0,0.0,0.0,1.0,1.0,0.0,0.0,0.0,0.0,58.64
DAPSMECSE25-009,1,11,78.0,77.0,78.0,80.0,82.0,82.0,80.0,84.0,86.0,84.0,85.0,86.0,87.0,83,81,80,81,81,83.0,83,84,85,85,1.0,0.0,0.0,0.0,0.0,1.0,0.0,0.0,0.0,0.0,0.0,1.0,0.0,0.0,0.0,0.0,75.71
NAN24-003,0,11,85.0,87.0,85.0,85.0,84.0,82.0,84.0,84.0,80.0,80.0,80.0,80.0,80.0,80,79,79,79,80,84.0,83,82,85,84,0.0,1.0,0.0,0.0,0.0,1.0,0.0,0.0,0.0,0.0,0.0,0.0,0.0,0.0,1.0,0.0,65.57
LANES25-004,1,11,79.0,77.0,77.0,79.0,79.0,77.0,79.0,79.0,79.0,78.0,78.0,78.0,79.0,78,77,77,80,78,80.0,83,86,80,85,0.0,1.0,0.0,0.0,0.0,1.0,0.0,0.0,0.0,0.0,0.0,1.0,0.0,0.0,0.0,0.0,62.7
NAN25-069,1,13,76.0,93.0,75.0,80.0,94.0,84.0,89.0,81.0,94.0,86.0,87.0,88.0,86.0,81,87,88,86,88,80.0,78,85,90,86,0.0,1.0,0.0,0.0,0.0,0.0,0.0,0.0,0.0,0.0,1.0,1.0,0.0,0.0,0.0,0.0,58.64
BES25-059,1,11,92.0,91.0,88.0,90.0,89.0,90.0,89.0,89.0,81.0,81.0,81.0,82.0,81.0,86,85,84,84,85,84.0,84,85,85,84,0.0,1.0,0.0,0.0,0.0,1.0,0.0,0.0,0.0,0.0,0.0,1.0,0.0,0.0,0.0,0.0,80.54
NAN25-025,1,11,92.0,88.0,86.0,89.0,93.0,92.0,94.0,93.0,94.0,92.0,95.0,94.0,94.0,90,88,88,89,90,93.0,94,94,93,92,0.0,1.0,0.0,0.0,0.0,1.0,0.0,0.0,0.0,0.0,0.0,1.0,0.0,0.0,0.0,0.0,58.64
UICS25-182,1,11,88.0,83.0,83.0,89.0,92.0,92.0,92.0,92.0,92.0,92.0,91.0,90.0,91.0,91,89,87,86,89,90.0,89,87,89,90,1.0,0.0,0.0,0.0,0.0,0.0,0.0,0.0,0.0,0.0,1.0,1.0,0.0,0.0,0.0,0.0,66.82
DAPSMECSE25-010,1,11,86.0,85.0,86.0,87.0,87.0,86.0,85.0,88.0,84.0,85.0,85.0,87.0,85.0,87,86,86,85,86,87.0,86,89,90,88,1.0,0.0,0.0,0.0,0.0,1.0,0.0,0.0,0.0,0.0,0.0,1.0,0.0,0.0,0.0,0.0,75.71
UICS25-045,1,11,88.0,91.0,87.0,88.0,85.0,85.0,85.0,85.0,82.0,82.0,82.0,82.0,82.0,85,85,86,85,83,88.0,85,85,86,84,1.0,0.0,0.0,0.0,0.0,0.0,0.0,0.0,0.0,0.0,1.0,1.0,0.0,0.0,0.0,0.0,66.82
BES24-028,0,11,76.0,75.0,77.0,78.0,78.0,76.0,76.0,78.0,79.0,78.0,79.0,78.0,80.0,79,79,79,78,79,81.0,79,80,79,78,1.0,0.0,0.0,0.0,0.0,1.0,0.0,0.0,0.0,0.0,0.0,1.0,0.0,0.0,0.0,0.0,75.7
UICS25-131,1,11,85.0,85.0,85.0,85.0,88.0,88.0,88.0,89.0,87.0,86.0,87.0,87.0,87.0,84,84,85,84,84,87.0,86,86,88,86,1.0,0.0,0.0,0.0,0.0,0.0,0.0,0.0,0.0,1.0,0.0,1.0,0.0,0.0,0.0,0.0,66.82
BES25-105,1,11,76.0,75.0,76.0,76.0,83.0,82.0,81.0,82.0,77.0,77.0,77.0,76.0,77.0,76,75,76,76,78,79.0,79,79,79,79,0.0,1.0,0.0,0.0,0.0,1.0,0.0,0.0,0.0,0.0,0.0,1.0,0.0,0.0,0.0,0.0,80.54
UICS25-359,1,12,78.0,77.0,79.0,79.0,80.0,80.0,81.0,82.0,81.0,81.0,79.0,79.0,81.0,81,79,79,80,79,81.0,79,79,79,81,0.0,1.0,0.0,0.0,0.0,1.0,0.0,0.0,0.0,0.0,0.0,0.0,0.0,1.0,0.0,0.0,66.82
UICS25-227,1,11,78.0,79.0,81.0,82.0,82.0,84.0,84.0,83.0,84.91689751,84.0,80.0,79.0,80.0,80,80,76,77,77,76.0,76,76,76,76,0.0,1.0,0.0,0.0,0.0,1.0,0.0,0.0,0.0,0.0,0.0,1.0,0.0,0.0,0.0,0.0,66.82
UISC25-090,1,13,84.0,84.0,84.0,85.0,88.0,83.0,84.0,85.0,87.0,85.0,85.0,87.0,87.0,93,90,91,91,90,92.0,92,91,91,93,1.0,0.0,0.0,0.0,0.0,1.0,0.0,0.0,0.0,0.0,0.0,1.0,0.0,0.0,0.0,0.0,72.08
UISC25-101,1,11,91.0,88.0,88.0,90.0,92.0,90.0,90.0,90.0,92.0,92.0,92.0,92.0,93.0,91,93,88,88,89,93.0,93,91,91,91,1.0,0.0,0.0,0.0,0.0,0.0,0.0,0.0,0.0,0.0,1.0,1.0,0.0,0.0,0.0,0.0,72.08
BES25-170,1,11,91.0,92.0,90.0,90.0,87.0,89.0,88.0,88.0,86.0,86.0,86.0,86.0,86.0,91,90,91,91,91,93.0,94,94,94,91,1.0,0.0,0.0,0.0,0.0,1.0,0.0,0.0,0.0,0.0,0.0,1.0,0.0,0.0,0.0,0.0,80.54
BES25-212,1,11,82.0,79.0,81.0,82.0,87.0,87.0,86.0,86.0,82.0,81.0,82.0,81.0,82.0,83,82,83,82,83,86.0,85,86,86,86,0.0,1.0,0.0,0.0,0.0,1.0,0.0,0.0,0.0,0.0,0.0,1.0,0.0,0.0,0.0,0.0,80.54
UICS24-028,0,12,80.0,80.0,79.0,80.0,79.0,78.0,78.0,80.0,82.0,82.0,82.0,82.0,82.0,81,80,78,80,79,77.0,77,76,79,77,0.0,1.0,0.0,0.0,0.0,1.0,0.0,0.0,0.0,0.0,0.0,1.0,0.0,0.0,0.0,0.0,74.03
LANES25-119,1,11,75.0,75.0,75.0,75.0,85.0,82.0,88.0,82.0,84.0,82.0,82.0,81.0,81.0,79,76,77,76,78,83.0,86,83,84,85,0.0,1.0,0.0,0.0,0.0,1.0,0.0,0.0,0.0,0.0,0.0,1.0,0.0,0.0,0.0,0.0,62.7
BES25-055,1,11,86.0,84.0,86.0,86.0,86.0,85.0,85.0,85.0,82.0,81.0,81.0,81.0,82.0,85,84,80,82,83,83.0,82,83,83,82,0.0,1.0,0.0,0.0,0.0,1.0,0.0,0.0,0.0,0.0,0.0,1.0,0.0,0.0,0.0,0.0,80.54
BES25-028,1,11,85.0,85.0,84.0,85.0,84.0,84.0,84.0,85.0,87.0,88.0,87.0,88.0,87.0,89,89,85,87,88,87.0,88,88,89,86,1.0,0.0,0.0,0.0,0.0,1.0,0.0,0.0,0.0,0.0,0.0,1.0,0.0,0.0,0.0,0.0,80.54
NAN25-023,1,11,85.0,87.0,85.0,85.0,89.0,89.0,90.0,89.0,91.0,89.0,89.0,88.0,89.0,90,89,90,90,90,92.0,90,92,90,90,0.0,1.0,0.0,0.0,0.0,1.0,0.0,0.0,0.0,0.0,0.0,1.0,0.0,0.0,0.0,0.0,58.64
UICS25-091,1,11,86.0,85.0,85.0,86.0,88.0,89.0,88.0,89.0,87.0,86.0,87.0,87.0,87.0,86,86,85,85,86,85.0,85,85,84,86,1.0,0.0,0.0,0.0,0.0,0.0,0.0,0.0,0.0,0.0,1.0,1.0,0.0,0.0,0.0,0.0,66.82
DAPSMECSE24-003,0,12,86.0,86.0,88.0,84.0,83.0,84.0,83.0,85.0,89.0,88.0,89.0,92.0,91.0,87,86,86,86,86,85.0,87,87,87,87,1.0,0.0,0.0,0.0,0.0,1.0,0.0,0.0,0.0,0.0,0.0,1.0,0.0,0.0,0.0,0.0,78.17
UICS24-061,0,11,80.0,79.0,80.0,80.0,81.0,80.0,80.0,80.0,80.0,81.0,79.0,79.0,80.0,82,82,81,82,83,82.0,82,82,81,82,1.0,0.0,0.0,0.0,0.0,1.0,0.0,0.0,0.0,0.0,0.0,0.0,0.0,1.0,0.0,0.0,74.03
UICS24-031,0,12,90.0,89.0,87.0,91.0,93.0,92.0,88.0,89.0,93.0,94.0,92.0,93.0,94.0,93,93,92,92,92,78.0,78,78,79,78,1.0,0.0,0.0,0.0,0.0,1.0,0.0,0.0,0.0,0.0,0.0,0.0,0.0,0.0,0.0,1.0,74.03
DCBMES25-005,1,12,81.0,77.0,80.0,79.0,76.0,75.0,77.0,77.0,77.0,78.0,77.0,77.0,77.0,78,77,77,79,76,83.0,79,79,81,83,0.0,1.0,0.0,0.0,0.0,1.0,0.0,0.0,0.0,0.0,0.0,1.0,0.0,0.0,0.0,0.0,33.59
