learnerID,School,Filipino_avg,English_avg,Math_avg,AralPan_avg,Science_avg,Age,Gender_F,Gender_M,Mother Tongue_Cebuano / Sinugbuanong Binisay,Mother Tongue_English,Mother Tongue_Hiligaynon,Mother Tongue_Ilocano,Mother Tongue_Kamayo,Mother Tongue_Kapampangan,Mother Tongue_Maranao,Mother Tongue_Pangasinan,Mother Tongue_Tagalog,Nutritional Status_Normal,Nutritional Status_Obese,Nutritional Status_Overweight,Nutritional Status_Severely Wasted,Nutritional Status_Wasted,MPS
UISC25-095,Urdaneta City SPED Center,91.0,90.8,90.2,91.2,90.33333333333333,11,0.0,1.0,0.0,0.0,0.0,0.0,0.0,0.0,0.0,0.0,1.0,1.0,0.0,0.0,0.0,0.0,72.08
NAN25-011,Nancayasan Elementary School,96.0,96.0,95.8,95.6,95.33333333333333,11,1.0,0.0,0.0,0.0,0.0,1.0,0.0,0.0,0.0,0.0,0.0,1.0,0.0,0.0,0.0,0.0,58.64
UICS25-381,Urdaneta I Central School,78.0,77.2,77.0,77.2,77.66666666666667,12,0.0,1.0,0.0,0.0,0.0,0.0,0.0,0.0,0.0,0.0,1.0,0.0,0.0,0.0,1.0,0.0,66.82
UICS25-335,Urdaneta I Central School,89.381218274,91.4,90.8,90.0,89.0,11,0.0,1.0,0.0,0.0,0.0,0.0,0.0,0.0,0.0,0.0,1.0,1.0,0.0,0.0,0.0,0.0,66.82
LANES25-033,Lananpin Elementary School,89.6,89.2,88.2,88.4,89.33333333333333,12,1.0,0.0,0.0,0.0,0.0,1.0,0.0,0.0,0.0,0.0,0.0,1.0,0.0,0.0,0.0,0.0,62.7
UISC25-107,Urdaneta City SPED Center,92.0,91.2,91.8,91.6,92.0,11,0.0,1.0,0.0,0.0,0.0,0.0,0.0,0.0,0.0,0.0,1.0,0.0,1.0,0.0,0.0,0.0,72.08
UICS25-106,Urdaneta I Central School,80.6,80.0,80.6,80.2,81.33333333333333,13,1.0,0.0,0.0,0.0,0.0,0.0,0.0,0.0,0.0,0.0,1.0,1.0,0.0,0.0,0.0,0.0,66.82
UICS25-069,Urdaneta I Central School,87.6,86.6,87.4,88.6,87.66666666666667,11,0.0,1.0,0.0,0.0,0.0,0.0,0.0,0.0,0.0,0.0,1.0,1.0,0.0,0.0,0.0,0.0,66.82
DAFSIS25-005,Don Alipio Fernandez Sr. Integrated School,92.0,91.4,90.6,90.2,91.66666666666667,11,0.0,1.0,0.0,0.0,0.0,1.0,0.0,0.0,0.0,0.0,0.0,1.0,0.0,0.0,0.0,0.0,73.08
UICS25-235,Urdaneta I Central School,89.983379502,91.6,91.0,91.4,90.66666666666667,11,1.0,0.0,0.0,0.0,0.0,0.0,0.0,0.0,0.0,0.0,1.0,1.0,0.0,0.0,0.0,0.0,66.82
NAN25-032,Nancayasan Elementary School,88.4,86.4,87.8,88.2,84.66666666666667,11,0.0,1.0,0.0,0.0,0.0,0.0,0.0,0.0,0.0,1.0,0.0,1.0,0.0,0.0,0.0,0.0,58.64
BES24-003,Badipa Elementary School,82.6,81.2,82.0,82.4,82.0,11,0.0,1.0,0.0,0.0,0.0,1.0,0.0,0.0,0.0,0.0,0.0,1.0,0.0,0.0,0.0,0.0,75.7
LANES25-051,Lananpin Elementary School,83.4,81.8,82.2,84.0,82.33333333333333,12,0.0,1.0,0.0,0.0,0.0,0.0,0.0,0.0,0.0,0.0,1.0,0.0,0.0,0.0,0.0,1.0,62.7
LANES25-064,Lananpin Elementary School,86.4,86.0,87.0,87.0,86.33333333333333,11,0.0,1.0,0.0,0.0,0.0,1.0,0.0,0.0,0.0,0.0,0.0,1.0,0.0,0.0,0.0,0.0,62.7
UICS25-320,Urdaneta I Central School,89.8,89.6,89.8,89.8,89.0,11,1.0,0.0,0.0,0.0,0.0,0.0,0.0,0.0,0.0,0.0,1.0,1.0,0.0,0.0,0.0,0.0,66.82
UICS24-018,Urdaneta I Central School,81.2,81.0,81.2,81.0,80.33333333333333,11,0.0,1.0,0.0,0.0,0.0,1.0,0.0,0.0,0.0,0.0,0.0,0.0,0.0,0.0,1.0,0.0,74.03
UICS25-240,Urdaneta I Central School,84.0,82.8,83.2,84.4,85.33333333333333,11,1.0,0.0,0.0,0.0,0.0,0.0,0.0,0.0,0.0,0.0,1.0,1.0,0.0,0.0,0.0,0.0,66.82
DAPSMECSE25-027,Don Amadeo Perez Sr. Memorial Elementary School - East,84.4,82.8,81.8,83.4,82.0,11,1.0,0.0,0.0,0.0,0.0,1.0,0.0,0.0,0.0,0.0,0.0,1.0,0.0,0.0,0.0,0.0,75.71
LANES25-058,Lananpin Elementary School,78.8,78.2,77.4,77.6,77.33333333333333,11,0.0,1.0,0.0,0.0,0.0,1.0,0.0,0.0,0.0,0.0,0.0,1.0,0.0,0.0,0.0,0.0,62.7
NAN25-008,Nancayasan Elementary School,83.0,82.0,81.6,82.4,82.33333333333333,11,1.0,0.0,0.0,0.0,0.0,1.0,0.0,0.0,0.0,0.0,0.0,1.0,0.0,0.0,0.0,0.0,58.64
BES25-081,Badipa Elementary School,76.0,76.2,76.0,76.0,76.0,12,1.0,0.0,0.0,0.0,0.0,1.0,0.0,0.0,0.0,0.0,0.0,1.0,0.0,0.0,0.0,0.0,80.54
LANES25-009,Lananpin Elementary School,90.0,89.4,89.8,89.8,90.0,11,1.0,0.0,0.0,0.0,0.0,1.0,0.0,0.0,0.0,0.0,0.0,1.0,0.0,0.0,0.0,0.0,62.7
UICS25-270,Urdaneta I Central School,86.4,85.2,85.4,86.0,84.0,12,0.0,1.0,0.0,0.0,0.0,1.0,0.0,0.0,0.0,0.0,0.0,1.0,0.0,0.0,0.0,0.0,66.82
NAN24-009,Nancayasan Elementary School,80.0,78.4,78.8,79.2,79.0,12,0.0,1.0,0.0,0.0,0.0,1.0,0.0,0.0,0.0,0.0,0.0,1.0,0.0,0.0,0.0,0.0,65.57
UICS25-068,Urdaneta I Central School,88.2,87.2,88.0,88.4,88.0,12,0.0,1.0,0.0,0.0,0.0,0.0,0.0,0.0,0.0,0.0,1.0,0.0,0.0,1.0,0.0,0.0,66.82
UISC25-054,Urdaneta City SPED Center,93.4,93.8,93.8,93.0,92.33333333333333,11,1.0,0.0,0.0,0.0,0.0,0.0,0.0,0.0,0.0,0.0,1.0,1.0,0.0,0.0,0.0,0.0,72.08
NAN25-050,Nancayasan Elementary School,91.6,81.0,88.6,85.8,83.0,11,1.0,0.0,0.0,0.0,0.0,1.0,0.0,0.0,0.0,0.0,0.0,1.0,0.0,0.0,0.0,0.0,58.64
UICS25-102,Urdaneta I Central School,84.4,83.8,83.8,84.0,81.66666666666667,11,0.0,1.0,0.0,0.0,0.0,0.0,0.0,0.0,0.0,0.0,1.0,1.0,0.0,0.0,0.0,0.0,66.82
UICS24-032,Urdaneta I Central School,77.8,77.4,78.2,78.0,78.0,12,0.0,1.0,0.0,0.0,0.0,1.0,0.0,0.0,0.0,0.0,0.0,1.0,0.0,0.0,0.0,0.0,74.03
LANES25-112,Lananpin Elementary School,80.8,80.6,81.0,81.4,82.0,11,0.0,1.0,0.0,0.0,0.0,1.0,0.0,0.0,0.0,0.0,0.0,1.0,0.0,0.0,0.0,0.0,62.7
BES25-084,Badipa Elementary School,76.2,76.2,76.2,76.2,75.66666666666667,12,0.0,1.0,0.0,0.0,0.0,1.0,0.0,0.0,0.0,0.0,0.0,1.0,0.0,0.0,0.0,0.0,80.54
UISC25-074,Urdaneta City SPED Center,94.4,94.6,94.4,94.8,95.33333333333333,11,1.0,0.0,0.0,0.0,0.0,0.0,0.0,0.0,0.0,0.0,1.0,1.0,0.0,0.0,0.0,0.0,72.08
LANES25-037,Lananpin Elementary School,89.2,88.2,87.2,88.4,87.66666666666667,11,1.0,0.0,0.0,0.0,0.0,1.0,0.0,0.0,0.0,0.0,0.0,1.0,0.0,0.0,0.0,0.0,62.7
UICS25-185,Urdaneta I Central School,82.8,83.6,83.0,83.8,84.33333333333333,11,1.0,0.0,0.0,0.0,0.0,0.0,0.0,0.0,0.0,0.0,1.0,0.0,0.0,0.0,0.0,1.0,66.82
UICS24-058,Urdaneta I Central School,85.6,85.2,86.6,85.8,84.66666666666667,11,0.0,1.0,0.0,0.0,0.0,0.0,0.0,0.0,0.0,0.0,1.0,0.0,0.0,1.0,0.0,0.0,74.03
UICS25-046,Urdaneta I Central School,90.4,90.0,89.0,89.8,88.0,11,0.0,1.0,0.0,0.0,0.0,0.0,0.0,0.0,0.0,0.0,1.0,1.0,0.0,0.0,0.0,0.0,66.82
UISC25-023,Urdaneta City SPED Center,91.4,90.6,89.0,90.4,91.33333333333333,11,0.0,1.0,0.0,0.0,0.0,0.0,0.0,0.0,0.0,0.0,1.0,1.0,0.0,0.0,0.0,0.0,72.08
UISC24-028,Urdaneta City SPED Center,92.0,91.0,92.0,92.6,93.0,11,0.0,1.0,0.0,0.0,0.0,0.0,0.0,0.0,0.0,0.0,1.0,1.0,0.0,0.0,0.0,0.0,76.93
BES25-048,Badipa Elementary School,83.6,83.8,83.0,84.8,84.0,11,1.0,0.0,0.0,0.0,0.0,0.0,0.0,0.0,0.0,0.0,1.0,1.0,0.0,0.0,0.0,0.0,80.54
UICS25-047,Urdaneta I Central School,86.8,86.6,86.6,87.0,85.66666666666667,11,1.0,0.0,0.0,0.0,0.0,0.0,0.0,0.0,0.0,0.0,1.0,1.0,0.0,0.0,0.0,0.0,66.82
UICS25-201,Urdaneta I Central School,85.783379502,88.0,87.8,86.2,84.33333333333333,11,1.0,0.0,0.0,0.0,0.0,1.0,0.0,0.0,0.0,0.0,0.0,1.0,0.0,0.0,0.0,0.0,66.82
UICS25-037,Urdaneta I Central School,85.0,85.2,85.8,87.8,85.33333333333333,11,1.0,0.0,0.0,0.0,0.0,0.0,0.0,0.0,0.0,0.0,1.0,1.0,0.0,0.0,0.0,0.0,66.82
LANES24-023,Lananpin Elementary School,82.0,81.6,81.0,81.2,79.66666666666667,16,0.0,1.0,0.0,0.0,0.0,1.0,0.0,0.0,0.0,0.0,0.0,1.0,0.0,0.0,0.0,0.0,78.31
BES25-201,Badipa Elementary School,79.0,78.2,78.4,78.6,80.33333333333333,11,0.0,1.0,0.0,0.0,0.0,1.0,0.0,0.0,0.0,0.0,0.0,1.0,0.0,0.0,0.0,0.0,80.54
LANES24-024,Lananpin Elementary School,83.4,82.2,83.0,82.8,83.66666666666667,12,1.0,0.0,0.0,0.0,0.0,1.0,0.0,0.0,0.0,0.0,0.0,1.0,0.0,0.0,0.0,0.0,78.31
BES25-199,Badipa Elementary School,86.6,85.4,86.2,87.2,84.33333333333333,11,1.0,0.0,0.0,0.0,0.0,1.0,0.0,0.0,0.0,0.0,0.0,1.0,0.0,0.0,0.0,0.0,80.54
LANES25-013,Lananpin Elementary School,82.6,82.6,82.2,82.2,82.66666666666667,11,1.0,0.0,0.0,0.0,0.0,1.0,0.0,0.0,0.0,0.0,0.0,0.0,0.0,1.0,0.0,0.0,62.7
NAN24-021,Nancayasan Elementary School,82.6,82.4,82.2,82.2,83.33333333333333,11,0.0,1.0,0.0,0.0,0.0,1.0,0.0,0.0,0.0,0.0,0.0,1.0,0.0,0.0,0.0,0.0,65.57
BES25-138,Badipa Elementary School,84.6,84.0,84.8,85.0,83.33333333333333,11,0.0,1.0,0.0,0.0,0.0,0.0,0.0,0.0,0.0,0.0,1.0,1.0,0.0,0.0,0.0,0.0,80.54
NAN25-063,Nancayasan Elementary School,86.0,89.2,85.4,88.2,86.66666666666667,11,1.0,0.0,0.0,0.0,0.0,0.0,0.0,0.0,0.0,0.0,1.0,1.0,0.0,0.0,0.0,0.0,58.64
DAFSIS25-007,Don Alipio Fernandez Sr. Integrated School,85.0,83.8,83.2,85.0,86.0,11,0.0,1.0,0.0,0.0,0.0,1.0,0.0,0.0,0.0,0.0,0.0,1.0,0.0,0.0,0.0,0.0,73.08
UISC25-004,Urdaneta City SPED Center,89.6,90.8,90.0,89.6,90.0,11,1.0,0.0,0.0,0.0,0.0,0.0,0.0,0.0,0.0,0.0,1.0,1.0,0.0,0.0,0.0,0.0,72.08
NAN24-022,Nancayasan Elementary School,86.0,85.6,85.4,85.6,86.0,11,0.0,1.0,0.0,0.0,0.0,0.0,0.0,0.0,0.0,0.0,1.0,1.0,0.0,0.0,0.0,0.0,65.57
UISC25-001,Urdaneta City SPED Center,89.4,89.0,89.8,89.2,89.0,11,0.0,1.0,0.0,0.0,0.0,0.0,0.0,0.0,0.0,0.0,1.0,1.0,0.0,0.0,0.0,0.0,72.08
LANES25-026,Lananpin Elementary School,80.0,79.4,79.6,80.0,79.0,12,1.0,0.0,0.0,0.0,0.0,1.0,0.0,0.0,0.0,0.0,0.0,1.0,0.0,0.0,0.0,0.0,62.7
LANES25-111,Lananpin Elementary School,84.2,83.4,84.0,83.8,84.0,12,0.0,1.0,0.0,0.0,0.0,1.0,0.0,0.0,0.0,0.0,0.0,1.0,0.0,0.0,0.0,0.0,62.7
BES24-006,Badipa Elementary School,86.8,85.8,86.0,87.2,86.66666666666667,11,1.0,0.0,0.0,0.0,0.0,0.0,1.0,0.0,0.0,0.0,0.0,1.0,0.0,0.0,0.0,0.0,75.7
BES25-025,Badipa Elementary School,84.4,84.6,83.8,84.6,84.66666666666667,11,1.0,0.0,0.0,0.0,0.0,1.0,0.0,0.0,0.0,0.0,0.0,1.0,0.0,0.0,0.0,0.0,80.54
NAN25-031,Nancayasan Elementary School,86.6,85.4,84.6,86.6,85.0,11,0.0,1.0,0.0,0.0,0.0,1.0,0.0,0.0,0.0,0.0,0.0,1.0,0.0,0.0,0.0,0.0,58.64
UICS25-318,Urdaneta I Central School,86.8,86.4,86.0,85.8,85.66666666666667,11,1.0,0.0,0.0,0.0,0.0,0.0,0.0,0.0,0.0,0.0,1.0,1.0,0.0,0.0,0.0,0.0,66.82
UICS25-085,Urdaneta I Central School,88.8,86.8,87.0,88.2,87.66666666666667,12,1.0,0.0,0.0,0.0,0.0,0.0,0.0,0.0,0.0,0.0,1.0,1.0,0.0,0.0,0.0,0.0,66.82
UICS24-021,Urdaneta I Central School,81.8,81.0,80.6,81.2,81.33333333333333,12,1.0,0.0,0.0,0.0,0.0,1.0,0.0,0.0,0.0,0.0,0.0,1.0,0.0,0.0,0.0,0.0,74.03
UICS25-379,Urdaneta I Central School,81.2,79.8,79.8,79.8,79.0,11,0.0,1.0,0.0,0.0,0.0,0.0,0.0,0.0,0.0,0.0,1.0,1.0,0.0,0.0,0.0,0.0,66.82
UISC25-044,Urdaneta City SPED Center,91.2,90.2,91.0,91.8,89.33333333333333,11,1.0,0.0,0.0,0.0,0.0,0.0,0.0,0.0,0.0,0.0,1.0,1.0,0.0,0.0,0.0,0.0,72.08
UICS25-356,Urdaneta I Central School,81.0,79.0,79.2,80.8,78.66666666666667,11,1.0,0.0,0.0,0.0,0.0,1.0,0.0,0.0,0.0,0.0,0.0,1.0,0.0,0.0,0.0,0.0,66.82
LANES25-105,Lananpin Elementary School,82.0,81.0,81.6,81.8,81.33333333333333,12,0.0,1.0,0.0,0.0,0.0,1.0,0.0,0.0,0.0,0.0,0.0,1.0,0.0,0.0,0.0,0.0,62.7
NAN25-059,Nancayasan Elementary School,84.2,92.0,82.0,82.6,82.33333333333333,14,1.0,0.0,0.0,0.0,0.0,1.0,0.0,0.0,0.0,0.0,0.0,1.0,0.0,0.0,0.0,0.0,58.64
UICS25-322,Urdaneta I Central School,86.0,85.4,85.6,86.4,86.66666666666667,12,0.0,1.0,0.0,0.0,0.0,1.0,0.0,0.0,0.0,0.0,0.0,0.0,0.0,1.0,0.0,0.0,66.82
UICS25-286,Urdaneta I Central School,84.8,83.2,84.4,84.6,83.33333333333333,11,0.0,1.0,0.0,0.0,0.0,0.0,0.0,0.0,0.0,0.0,1.0,0.0,0.0,1.0,0.0,0.0,66.82
UICS25-076,Urdaneta I Central School,90.4,89.2,89.0,89.4,90.0,12,0.0,1.0,0.0,0.0,0.0,1.0,0.0,0.0,0.0,0.0,0.0,1.0,0.0,0.0,0.0,0.0,66.82
BES25-148,Badipa Elementary School,88.6,87.6,88.6,87.4,88.33333333333333,11,0.0,1.0,0.0,0.0,0.0,1.0,0.0,0.0,0.0,0.0,0.0,1.0,0.0,0.0,0.0,0.0,80.54
LANES25-134,Lananpin Elementary School,81.0,79.2,82.0,80.0,81.0,11,1.0,0.0,0.0,0.0,0.0,1.0,0.0,0.0,0.0,0.0,0.0,1.0,0.0,0.0,0.0,0.0,62.7
UISC24-012,Urdaneta City SPED Center,90.2,89.6,90.0,90.4,90.0,12,0.0,1.0,0.0,0.0,0.0,1.0,0.0,0.0,0.0,0.0,0.0,1.0,0.0,0.0,0.0,0.0,76.93
BES25-157,Badipa Elementary School,92.4,91.6,92.8,91.4,91.66666666666667,11,0.0,1.0,0.0,0.0,0.0,1.0,0.0,0.0,0.0,0.0,0.0,1.0,0.0,0.0,0.0,0.0,80.54
UICS25-005,Urdaneta I Central School,86.6,86.2,86.2,87.6,87.0,11,1.0,0.0,0.0,0.0,0.0,1.0,0.0,0.0,0.0,0.0,0.0,1.0,0.0,0.0,0.0,0.0,66.82
LANES25-072,Lananpin Elementary School,88.8,87.4,86.6,88.0,86.33333333333333,11,1.0,0.0,0.0,0.0,0.0,1.0,0.0,0.0,0.0,0.0,0.0,1.0,0.0,0.0,0.0,0.0,62.7
DAPSMECSE25-023,Don Amadeo Perez Sr. Memorial Elementary School - East,80.4,79.2,80.0,80.8,83.0,10,0.0,1.0,0.0,0.0,0.0,1.0,0.0,0.0,0.0,0.0,0.0,1.0,0.0,0.0,0.0,0.0,75.71
DCBMES24-003,Don Clemente Blanco Memorial Elementary School,89.8,89.2,89.4,88.0,84.33333333333333,12,0.0,1.0,0.0,0.0,0.0,1.0,0.0,0.0,0.0,0.0,0.0,1.0,0.0,0.0,0.0,0.0,45.71
UICS25-111,Urdaneta I Central School,82.0,81.2,82.2,84.2,81.33333333333333,11,0.0,1.0,0.0,0.0,0.0,0.0,0.0,0.0,0.0,0.0,1.0,1.0,0.0,0.0,0.0,0.0,66.82
UICS25-176,Urdaneta I Central School,81.2,79.8,81.4,81.4,79.66666666666667,11,0.0,1.0,0.0,0.0,0.0,1.0,0.0,0.0,0.0,0.0,0.0,1.0,0.0,0.0,0.0,0.0,66.82
UICS25-294,Urdaneta I Central School,85.2,84.2,84.6,85.8,84.66666666666667,12,0.0,1.0,0.0,0.0,0.0,0.0,0.0,0.0,0.0,0.0,1.0,1.0,0.0,0.0,0.0,0.0,66.82
UICS25-323,Urdaneta I Central School,87.0,86.4,86.0,87.2,86.33333333333333,12,1.0,0.0,0.0,0.0,0.0,1.0,0.0,0.0,0.0,0.0,0.0,1.0,0.0,0.0,0.0,0.0,66.82
UISC25-083,Urdaneta City SPED Center,91.2,91.2,90.6,90.8,90.66666666666667,12,1.0,0.0,0.0,0.0,0.0,0.0,0.0,0.0,0.0,0.0,1.0,1.0,0.0,0.0,0.0,0.0,72.08
UICS25-212,Urdaneta I Central School,83.383379502,84.2,85.4,84.6,85.66666666666667,11,0.0,1.0,0.0,0.0,0.0,1.0,0.0,0.0,0.0,0.0,0.0,0.0,0.0,1.0,0.0,0.0,66.82
UICS24-001,Urdaneta I Central School,90.2,88.0,88.2,89.2,86.66666666666667,12,0.0,1.0,0.0,0.0,0.0,1.0,0.0,0.0,0.0,0.0,0.0,0.0,0.0,1.0,0.0,0.0,74.03
LANES25-140,Lananpin Elementary School,87.8,86.6,87.8,87.4,88.66666666666667,12,1.0,0.0,0.0,0.0,0.0,1.0,0.0,0.0,0.0,0.0,0.0,1.0,0.0,0.0,0.0,0.0,62.7
LANES25-092,Lananpin Elementary School,92.2,90.4,89.6,91.2,90.0,11,1.0,0.0,0.0,0.0,0.0,0.0,0.0,0.0,0.0,0.0,1.0,1.0,0.0,0.0,0.0,0.0,62.7
NAN24-016,Nancayasan Elementary School,83.0,82.6,82.8,83.4,82.33333333333333,12,0.0,1.0,0.0,0.0,0.0,0.0,0.0,0.0,0.0,0.0,1.0,1.0,0.0,0.0,0.0,0.0,65.57
UISC25-111,Urdaneta City SPED Center,91.2,89.6,90.4,90.2,89.66666666666667,12,0.0,1.0,0.0,0.0,0.0,0.0,0.0,0.0,0.0,0.0,1.0,0.0,0.0,0.0,0.0,1.0,72.08
LANES25-096,Lananpin Elementary School,84.6,82.8,82.8,84.6,82.0,11,0.0,1.0,0.0,0.0,0.0,1.0,0.0,0.0,0.0,0.0,0.0,0.0,0.0,1.0,0.0,0.0,62.7
UICS25-057,Urdaneta I Central School,89.4,89.2,87.4,89.2,90.0,12,0.0,1.0,0.0,0.0,0.0,0.0,0.0,0.0,0.0,0.0,1.0,1.0,0.0,0.0,0.0,0.0,66.82
LANES24-019,Lananpin Elementary School,84.8,84.8,84.6,85.0,84.0,11,0.0,1.0,0.0,0.0,0.0,1.0,0.0,0.0,0.0,0.0,0.0,1.0,0.0,0.0,0.0,0.0,78.31
UICS24-038,Urdaneta I Central School,81.8,81.6,82.6,82.4,82.33333333333333,12,1.0,0.0,0.0,0.0,0.0,1.0,0.0,0.0,0.0,0.0,0.0,1.0,0.0,0.0,0.0,0.0,74.03
LANES24-017,Lananpin Elementary School,85.4,84.4,83.4,83.6,84.0,11,0.0,1.0,0.0,0.0,0.0,1.0,0.0,0.0,0.0,0.0,0.0,1.0,0.0,0.0,0.0,0.0,78.31
UICS25-253,Urdaneta I Central School,85.4,85.2,85.4,85.0,83.66666666666667,11,1.0,0.0,0.0,0.0,0.0,0.0,0.0,0.0,0.0,0.0,1.0,1.0,0.0,0.0,0.0,0.0,66.82
DAFSIS25-015,Don Alipio Fernandez Sr. Integrated School,88.2,87.2,86.4,87.4,88.66666666666667,11,1.0,0.0,0.0,0.0,0.0,1.0,0.0,0.0,0.0,0.0,0.0,1.0,0.0,0.0,0.0,0.0,73.08
UICS25-078,Urdaneta I Central School,92.4,91.4,89.8,91.8,91.33333333333333,11,0.0,1.0,0.0,0.0,0.0,0.0,0.0,0.0,0.0,0.0,1.0,1.0,0.0,0.0,0.0,0.0,66.82
DAFSIS25-020,Don Alipio Fernandez Sr. Integrated School,92.6,92.6,91.4,91.6,93.33333333333333,11,1.0,0.0,0.0,0.0,0.0,1.0,0.0,0.0,0.0,0.0,0.0,1.0,0.0,0.0,0.0,0.0,73.08
UICS25-198,Urdaneta I Central School,87.4,85.2,86.2,86.8,83.66666666666667,11,1.0,0.0,0.0,0.0,0.0,0.0,0.0,0.0,0.0,0.0,1.0,1.0,0.0,0.0,0.0,0.0,66.82
LANES25-067,Lananpin Elementary School,86.8,85.6,85.2,86.4,85.33333333333333,11,1.0,0.0,0.0,0.0,0.0,0.0,0.0,0.0,0.0,0.0,1.0,1.0,0.0,0.0,0.0,0.0,62.7
DAFSIS24-008,Don Alipio Fernandez Sr. Integrated School,85.4,84.8,84.0,84.0,84.0,11,1.0,0.0,0.0,0.0,0.0,1.0,0.0,0.0,0.0,0.0,0.0,1.0,0.0,0.0,0.0,0.0,74.93
DCBMES25-012,Don Clemente Blanco Memorial Elementary School,82.0,81.6,81.2,81.6,83.0,12,1.0,0.0,0.0,0.0,0.0,1.0,0.0,0.0,0.0,0.0,0.0,1.0,0.0,0.0,0.0,0.0,33.59
DAFSIS24-005,Don Alipio Fernandez Sr. Integrated School,87.2,88.0,87.2,87.0,86.0,11,0.0,1.0,0.0,0.0,0.0,1.0,0.0,0.0,0.0,0.0,0.0,1.0,0.0,0.0,0.0,0.0,74.93
NAN25-007,Nancayasan Elementary School,93.6,93.8,94.0,92.6,93.33333333333333,11,1.0,0.0,0.0,0.0,0.0,1.0,0.0,0.0,0.0,0.0,0.0,0.0,1.0,0.0,0.0,0.0,58.64
UICS25-162,Urdaneta I Central School,78.4,77.6,78.0,78.4,79.66666666666667,12,0.0,1.0,0.0,0.0,0.0,0.0,0.0,0.0,0.0,0.0,1.0,1.0,0.0,0.0,0.0,0.0,66.82
UISC24-010,Urdaneta City SPED Center,91.8,90.8,91.0,90.8,92.33333333333333,11,1.0,0.0,0.0,0.0,0.0,1.0,0.0,0.0,0.0,0.0,0.0,1.0,0.0,0.0,0.0,0.0,76.93
UICS25-044,Urdaneta I Central School,83.4,83.4,84.2,83.8,84.33333333333333,11,0.0,1.0,0.0,0.0,0.0,0.0,0.0,0.0,0.0,0.0,1.0,1.0,0.0,0.0,0.0,0.0,66.82
UISC25-093,Urdaneta City SPED Center,92.6,91.8,91.6,91.4,89.0,11,0.0,1.0,0.0,0.0,0.0,0.0,0.0,0.0,0.0,0.0,1.0,0.0,0.0,1.0,0.0,0.0,72.08
UICS25-052,Urdaneta I Central School,89.8,88.4,88.2,88.8,89.66666666666667,11,1.0,0.0,0.0,0.0,0.0,0.0,0.0,0.0,0.0,0.0,1.0,0.0,0.0,1.0,0.0,0.0,66.82
UICS25-060,Urdaneta I Central School,83.8,83.2,82.8,83.0,82.33333333333333,11,0.0,1.0,0.0,0.0,0.0,0.0,0.0,0.0,0.0,0.0,1.0,1.0,0.0,0.0,0.0,0.0,66.82
UISC25-116,Urdaneta City SPED Center,89.8,90.8,91.6,90.6,90.0,11,0.0,1.0,0.0,0.0,0.0,0.0,0.0,0.0,0.0,0.0,1.0,0.0,0.0,1.0,0.0,0.0,72.08
UICS24-067,Urdaneta I Central School,85.4,85.0,85.2,85.0,84.0,12,1.0,0.0,0.0,0.0,0.0,0.0,0.0,0.0,0.0,0.0,1.0,1.0,0.0,0.0,0.0,0.0,74.03
NAN25-062,Nancayasan Elementary School,79.6,87.4,79.8,81.6,82.0,14,0.0,1.0,0.0,0.0,0.0,1.0,0.0,0.0,0.0,0.0,0.0,1.0,0.0,0.0,0.0,0.0,58.64
UICS25-030,Urdaneta I Central School,88.0,87.0,86.6,87.2,89.33333333333333,11,0.0,1.0,0.0,0.0,0.0,0.0,0.0,0.0,0.0,0.0,1.0,1.0,0.0,0.0,0.0,0.0,66.82
UICS24-036,Urdaneta I Central School,88.4,87.0,87.2,88.2,87.66666666666667,11,0.0,1.0,0.0,0.0,0.0,1.0,0.0,0.0,0.0,0.0,0.0,1.0,0.0,0.0,0.0,0.0,74.03
LANES25-029,Lananpin Elementary School,79.8,79.6,79.8,82.4,79.66666666666667,11,0.0,1.0,0.0,0.0,0.0,1.0,0.0,0.0,0.0,0.0,0.0,0.0,0.0,0.0,0.0,1.0,62.7
UISC25-050,Urdaneta City SPED Center,92.0,91.8,92.2,91.4,91.0,11,0.0,1.0,0.0,0.0,0.0,0.0,0.0,0.0,0.0,0.0,1.0,1.0,0.0,0.0,0.0,0.0,72.08
UICS25-283,Urdaneta I Central School,88.2,88.0,88.2,88.4,88.33333333333333,11,1.0,0.0,0.0,0.0,0.0,0.0,0.0,0.0,0.0,0.0,1.0,1.0,0.0,0.0,0.0,0.0,66.82
BES25-074,Badipa Elementary School,82.6,81.0,81.2,82.0,81.0,10,1.0,0.0,0.0,0.0,0.0,1.0,0.0,0.0,0.0,0.0,0.0,1.0,0.0,0.0,0.0,0.0,80.54
UICS25-352,Urdaneta I Central School,78.8,78.0,78.2,78.8,77.66666666666667,11,1.0,0.0,0.0,0.0,0.0,1.0,0.0,0.0,0.0,0.0,0.0,1.0,0.0,0.0,0.0,0.0,66.82
BES25-064,Badipa Elementary School,81.4,80.2,80.0,81.0,82.0,11,0.0,1.0,0.0,0.0,0.0,1.0,0.0,0.0,0.0,0.0,0.0,1.0,0.0,0.0,0.0,0.0,80.54
LANES24-011,Lananpin Elementary School,93.2,92.4,92.6,93.2,92.66666666666667,11,1.0,0.0,0.0,0.0,0.0,1.0,0.0,0.0,0.0,0.0,0.0,1.0,0.0,0.0,0.0,0.0,78.31
UICS25-311,Urdaneta I Central School,86.2,85.6,85.2,85.8,85.33333333333333,11,0.0,1.0,0.0,0.0,0.0,0.0,0.0,0.0,0.0,0.0,1.0,1.0,0.0,0.0,0.0,0.0,66.82
BES25-050,Badipa Elementary School,83.6,82.2,83.0,83.0,84.66666666666667,12,1.0,0.0,0.0,0.0,0.0,1.0,0.0,0.0,0.0,0.0,0.0,1.0,0.0,0.0,0.0,0.0,80.54
UICS25-067,Urdaneta I Central School,83.8,83.2,83.0,83.6,83.33333333333333,11,1.0,0.0,0.0,0.0,0.0,0.0,0.0,0.0,0.0,0.0,1.0,1.0,0.0,0.0,0.0,0.0,66.82
LANES25-017,Lananpin Elementary School,83.6,82.8,83.2,84.0,84.0,11,0.0,1.0,0.0,0.0,0.0,1.0,0.0,0.0,0.0,0.0,0.0,1.0,0.0,0.0,0.0,0.0,62.7
UISC24-019,Urdaneta City SPED Center,93.2,92.0,92.0,93.4,93.0,11,1.0,0.0,0.0,0.0,0.0,1.0,0.0,0.0,0.0,0.0,0.0,1.0,0.0,0.0,0.0,0.0,76.93
UICS25-181,Urdaneta I Central School,82.6,81.4,81.6,83.2,82.66666666666667,11,1.0,0.0,0.0,0.0,0.0,1.0,0.0,0.0,0.0,0.0,0.0,0.0,0.0,0.0,0.0,1.0,66.82
BES25-137,Badipa Elementary School,79.8,79.2,79.4,80.8,78.33333333333333,12,0.0,1.0,0.0,0.0,0.0,1.0,0.0,0.0,0.0,0.0,0.0,1.0,0.0,0.0,0.0,0.0,80.54
UICS25-074,Urdaneta I Central School,81.6,81.2,81.0,82.0,83.66666666666667,11,0.0,1.0,0.0,0.0,0.0,0.0,0.0,0.0,0.0,0.0,1.0,0.0,0.0,1.0,0.0,0.0,66.82
UISC25-088,Urdaneta City SPED Center,91.2,91.4,91.0,91.4,91.0,11,0.0,1.0,0.0,0.0,0.0,0.0,0.0,0.0,0.0,0.0,1.0,1.0,0.0,0.0,0.0,0.0,72.08
LANES25-070,Lananpin Elementary School,77.8,77.4,78.2,78.4,77.66666666666667,12,0.0,1.0,0.0,0.0,0.0,1.0,0.0,0.0,0.0,0.0,0.0,1.0,0.0,0.0,0.0,0.0,62.7
DAFSIS25-027,Don Alipio Fernandez Sr. Integrated School,84.0,83.8,84.8,84.2,84.0,12,1.0,0.0,0.0,0.0,0.0,1.0,0.0,0.0,0.0,0.0,0.0,1.0,0.0,0.0,0.0,0.0,73.08
NAN25-036,Nancayasan Elementary School,85.4,85.2,84.2,85.8,85.66666666666667,10,0.0,1.0,0.0,0.0,0.0,1.0,0.0,0.0,0.0,0.0,0.0,1.0,0.0,0.0,0.0,0.0,58.64
UISC25-019,Urdaneta City SPED Center,87.4,87.2,86.0,86.0,86.33333333333333,11,1.0,0.0,0.0,0.0,0.0,0.0,0.0,0.0,0.0,0.0,1.0,1.0,0.0,0.0,0.0,0.0,72.08
LANES24-002,Lananpin Elementary School,81.8,80.8,81.2,81.4,80.0,11,1.0,0.0,0.0,0.0,0.0,1.0,0.0,0.0,0.0,0.0,0.0,1.0,0.0,0.0,0.0,0.0,78.31
BES25-014,Badipa Elementary School,88.2,87.6,87.6,87.6,86.66666666666667,11,1.0,0.0,0.0,0.0,0.0,1.0,0.0,0.0,0.0,0.0,0.0,1.0,0.0,0.0,0.0,0.0,80.54
UISC25-026,Urdaneta City SPED Center,91.2,91.6,92.4,93.0,92.0,11,1.0,0.0,0.0,0.0,0.0,0.0,0.0,0.0,0.0,0.0,1.0,1.0,0.0,0.0,0.0,0.0,72.08
LANES25-118,Lananpin Elementary School,92.0,91.4,91.0,92.2,90.66666666666667,11,0.0,1.0,0.0,0.0,0.0,1.0,0.0,0.0,0.0,0.0,0.0,1.0,0.0,0.0,0.0,0.0,62.7
LANES25-151,Lananpin Elementary School,81.8,80.6,82.0,81.2,79.66666666666667,12,0.0,1.0,0.0,0.0,0.0,1.0,0.0,0.0,0.0,0.0,0.0,1.0,0.0,0.0,0.0,0.0,62.7
UICS25-172,Urdaneta I Central School,84.4,84.2,84.0,84.4,85.33333333333333,12,1.0,0.0,0.0,0.0,0.0,0.0,0.0,0.0,0.0,0.0,1.0,1.0,0.0,0.0,0.0,0.0,66.82
UICS25-312,Urdaneta I Central School,84.6,83.4,83.4,84.4,82.33333333333333,11,0.0,1.0,0.0,0.0,0.0,0.0,0.0,0.0,0.0,0.0,1.0,1.0,0.0,0.0,0.0,0.0,66.82
LANES25-010,Lananpin Elementary School,84.6,83.6,83.8,84.6,82.0,13,0.0,1.0,0.0,0.0,0.0,1.0,0.0,0.0,0.0,0.0,0.0,1.0,0.0,0.0,0.0,0.0,62.7
UISC25-011,Urdaneta City SPED Center,86.8,86.2,86.8,87.0,87.66666666666667,11,0.0,1.0,0.0,0.0,0.0,1.0,0.0,0.0,0.0,0.0,0.0,1.0,0.0,0.0,0.0,0.0,72.08
BES25-169,Badipa Elementary School,90.0,91.2,90.4,89.8,89.0,11,1.0,0.0,0.0,0.0,0.0,1.0,0.0,0.0,0.0,0.0,0.0,1.0,0.0,0.0,0.0,0.0,80.54
DCBMES25-003,Don Clemente Blanco Memorial Elementary School,82.6,81.0,81.4,81.4,83.33333333333333,11,0.0,1.0,0.0,0.0,0.0,1.0,0.0,0.0,0.0,0.0,0.0,1.0,0.0,0.0,0.0,0.0,33.59
UISC24-005,Urdaneta City SPED Center,90.4,91.0,90.0,91.0,90.66666666666667,12,0.0,1.0,0.0,0.0,0.0,1.0,0.0,0.0,0.0,0.0,0.0,1.0,0.0,0.0,0.0,0.0,76.93
UISC25-060,Urdaneta City SPED Center,93.2,93.6,92.0,93.8,92.66666666666667,12,1.0,0.0,0.0,0.0,0.0,0.0,0.0,0.0,0.0,0.0,1.0,1.0,0.0,0.0,0.0,0.0,72.08
UICS25-090,Urdaneta I Central School,85.4,85.6,84.2,85.4,85.66666666666667,11,1.0,0.0,0.0,0.0,0.0,0.0,0.0,0.0,0.0,0.0,1.0,1.0,0.0,0.0,0.0,0.0,66.82
BES25-024,Badipa Elementary School,83.2,82.0,81.8,82.4,83.33333333333333,12,1.0,0.0,0.0,0.0,0.0,1.0,0.0,0.0,0.0,0.0,0.0,1.0,0.0,0.0,0.0,0.0,80.54
UICS25-314,Urdaneta I Central School,85.4,84.6,84.6,85.8,86.33333333333333,11,1.0,0.0,0.0,0.0,0.0,0.0,0.0,0.0,0.0,0.0,1.0,1.0,0.0,0.0,0.0,0.0,66.82
UISC25-108,Urdaneta City SPED Center,88.8,88.2,88.2,87.6,88.33333333333333,11,1.0,0.0,0.0,0.0,0.0,1.0,0.0,0.0,0.0,0.0,0.0,1.0,0.0,0.0,0.0,0.0,72.08
UICS24-050,Urdaneta I Central School,85.4,84.4,84.8,85.4,84.66666666666667,14,1.0,0.0,0.0,0.0,0.0,1.0,0.0,0.0,0.0,0.0,0.0,1.0,0.0,0.0,0.0,0.0,74.03
UICS25-132,Urdaneta I Central School,86.6,85.4,85.8,86.6,86.0,11,0.0,1.0,0.0,0.0,0.0,0.0,0.0,0.0,0.0,0.0,1.0,1.0,0.0,0.0,0.0,0.0,66.82
UICS25-115,Urdaneta I Central School,87.2,86.6,86.4,86.0,83.66666666666667,11,1.0,0.0,0.0,0.0,0.0,0.0,0.0,0.0,0.0,0.0,1.0,1.0,0.0,0.0,0.0,0.0,66.82
BES25-042,Badipa Elementary School,83.0,82.2,82.6,83.2,86.0,11,1.0,0.0,0.0,0.0,0.0,1.0,0.0,0.0,0.0,0.0,0.0,1.0,0.0,0.0,0.0,0.0,80.54
LANES25-046,Lananpin Elementary School,87.8,87.0,88.4,88.0,88.0,12,0.0,1.0,0.0,0.0,0.0,1.0,0.0,0.0,0.0,0.0,0.0,0.0,0.0,1.0,0.0,0.0,62.7
UICS25-302,Urdaneta I Central School,85.6,83.8,84.2,84.0,84.66666666666667,12,1.0,0.0,0.0,0.0,0.0,0.0,0.0,0.0,0.0,0.0,1.0,1.0,0.0,0.0,0.0,0.0,66.82
UISC25-100,Urdaneta City SPED Center,90.2,90.6,89.2,90.2,89.0,12,1.0,0.0,0.0,0.0,0.0,0.0,0.0,0.0,0.0,0.0,1.0,1.0,0.0,0.0,0.0,0.0,72.08
UICS25-173,Urdaneta I Central School,77.6,77.4,77.2,77.6,78.33333333333333,12,0.0,1.0,0.0,0.0,0.0,1.0,0.0,0.0,0.0,0.0,0.0,1.0,0.0,0.0,0.0,0.0,66.82
UISC25-064,Urdaneta City SPED Center,91.6,91.6,91.0,91.6,90.0,12,1.0,0.0,0.0,0.0,0.0,0.0,0.0,0.0,0.0,0.0,1.0,1.0,0.0,0.0,0.0,0.0,72.08
UICS25-023,Urdaneta I Central School,87.6,87.8,88.8,87.8,86.66666666666667,11,1.0,0.0,0.0,0.0,0.0,1.0,0.0,0.0,0.0,0.0,0.0,1.0,0.0,0.0,0.0,0.0,66.82
BES25-075,Badipa Elementary School,76.2,76.2,76.0,76.8,77.0,11,1.0,0.0,0.0,0.0,0.0,1.0,0.0,0.0,0.0,0.0,0.0,1.0,0.0,0.0,0.0,0.0,80.54
UICS24-012,Urdaneta I Central School,87.2,86.0,85.6,86.2,86.33333333333333,11,0.0,1.0,0.0,0.0,0.0,1.0,0.0,0.0,0.0,0.0,0.0,0.0,0.0,1.0,0.0,0.0,74.03
UICS24-069,Urdaneta I Central School,78.2,77.6,77.4,78.4,78.33333333333333,12,0.0,1.0,0.0,0.0,0.0,0.0,0.0,0.0,0.0,1.0,0.0,1.0,0.0,0.0,0.0,0.0,74.03
LANES25-141,Lananpin Elementary School,87.8,86.2,87.8,87.8,88.33333333333333,11,1.0,0.0,0.0,0.0,0.0,1.0,0.0,0.0,0.0,0.0,0.0,1.0,0.0,0.0,0.0,0.0,62.7
UICS25-050,Urdaneta I Central School,88.4,89.2,88.0,87.6,87.33333333333333,11,0.0,1.0,0.0,0.0,0.0,0.0,0.0,1.0,0.0,0.0,0.0,1.0,0.0,0.0,0.0,0.0,66.82
BES25-210,Badipa Elementary School,86.4,85.8,85.6,86.2,84.33333333333333,11,0.0,1.0,0.0,0.0,0.0,1.0,0.0,0.0,0.0,0.0,0.0,1.0,0.0,0.0,0.0,0.0,80.54
UICS25-013,Urdaneta I Central School,89.8,89.6,89.4,89.0,90.0,11,1.0,0.0,0.0,0.0,0.0,0.0,0.0,0.0,0.0,0.0,1.0,1.0,0.0,0.0,0.0,0.0,66.82
NAN25-029,Nancayasan Elementary School,88.4,88.0,88.0,88.6,90.66666666666667,11,0.0,1.0,0.0,0.0,0.0,1.0,0.0,0.0,0.0,0.0,0.0,1.0,0.0,0.0,0.0,0.0,58.64
UISC25-017,Urdaneta City SPED Center,93.2,92.2,92.2,92.6,93.0,11,1.0,0.0,0.0,0.0,0.0,0.0,0.0,0.0,0.0,0.0,1.0,1.0,0.0,0.0,0.0,0.0,72.08
NAN25-009,Nancayasan Elementary School,91.0,90.4,90.6,90.8,92.0,11,1.0,0.0,0.0,0.0,0.0,1.0,0.0,0.0,0.0,0.0,0.0,1.0,0.0,0.0,0.0,0.0,58.64
LANES25-025,Lananpin Elementary School,89.4,88.6,88.8,89.2,90.33333333333333,12,0.0,1.0,0.0,0.0,0.0,1.0,0.0,0.0,0.0,0.0,0.0,1.0,0.0,0.0,0.0,0.0,62.7
UICS25-369,Urdaneta I Central School,77.8,77.0,77.4,78.0,78.33333333333333,11,1.0,0.0,0.0,0.0,0.0,1.0,0.0,0.0,0.0,0.0,0.0,1.0,0.0,0.0,0.0,0.0,66.82
UICS25-367,Urdaneta I Central School,77.6,77.4,77.4,78.6,77.0,11,0.0,1.0,0.0,0.0,0.0,0.0,0.0,0.0,0.0,0.0,1.0,1.0,0.0,0.0,0.0,0.0,66.82
LANES25-101,Lananpin Elementary School,87.0,86.2,86.8,86.6,87.33333333333333,12,1.0,0.0,0.0,0.0,0.0,1.0,0.0,0.0,0.0,0.0,0.0,0.0,0.0,0.0,0.0,1.0,62.7
BES25-088,Badipa Elementary School,76.6,76.0,76.4,77.0,76.33333333333333,14,0.0,1.0,0.0,0.0,0.0,1.0,0.0,0.0,0.0,0.0,0.0,1.0,0.0,0.0,0.0,0.0,80.54
UICS25-140,Urdaneta I Central School,81.4,82.0,80.8,84.0,79.66666666666667,11,0.0,1.0,0.0,0.0,0.0,1.0,0.0,0.0,0.0,0.0,0.0,1.0,0.0,0.0,0.0,0.0,66.82
LANES25-089,Lananpin Elementary School,80.2,79.4,79.4,80.8,79.66666666666667,11,0.0,1.0,0.0,0.0,0.0,1.0,0.0,0.0,0.0,0.0,0.0,1.0,0.0,0.0,0.0,0.0,62.7
BES25-115,Badipa Elementary School,80.6,79.8,78.6,79.8,78.66666666666667,11,1.0,0.0,0.0,0.0,0.0,1.0,0.0,0.0,0.0,0.0,0.0,1.0,0.0,0.0,0.0,0.0,80.54
LANES25-056,Lananpin Elementary School,79.4,78.2,79.4,79.6,79.66666666666667,12,0.0,1.0,0.0,0.0,0.0,1.0,0.0,0.0,0.0,0.0,0.0,1.0,0.0,0.0,0.0,0.0,62.7
BES25-090,Badipa Elementary School,78.2,77.2,77.6,78.0,76.33333333333333,11,0.0,1.0,0.0,0.0,0.0,1.0,0.0,0.0,0.0,0.0,0.0,1.0,0.0,0.0,0.0,0.0,80.54
UICS25-065,Urdaneta I Central School,91.6,91.0,90.6,91.2,89.66666666666667,11,0.0,1.0,0.0,0.0,0.0,0.0,0.0,0.0,0.0,0.0,1.0,1.0,0.0,0.0,0.0,0.0,66.82
UISC25-016,Urdaneta City SPED Center,90.2,91.6,89.8,90.8,91.66666666666667,11,0.0,1.0,0.0,0.0,0.0,0.0,0.0,0.0,0.0,0.0,1.0,1.0,0.0,0.0,0.0,0.0,72.08
UICS24-019,Urdaneta I Central School,84.4,84.0,84.2,84.2,84.0,12,0.0,1.0,0.0,0.0,0.0,1.0,0.0,0.0,0.0,0.0,0.0,1.0,0.0,0.0,0.0,0.0,74.03
BES24-025,Badipa Elementary School,82.4,81.0,81.8,82.4,81.66666666666667,11,1.0,0.0,0.0,0.0,0.0,1.0,0.0,0.0,0.0,0.0,0.0,1.0,0.0,0.0,0.0,0.0,75.7
UISC25-051,Urdaneta City SPED Center,91.6,91.6,90.8,91.6,91.0,11,0.0,1.0,0.0,0.0,0.0,0.0,0.0,0.0,0.0,0.0,1.0,1.0,0.0,0.0,0.0,0.0,72.08
LANES25-081,Lananpin Elementary School,87.4,87.0,86.6,87.6,87.33333333333333,11,1.0,0.0,0.0,0.0,0.0,1.0,0.0,0.0,0.0,0.0,0.0,1.0,0.0,0.0,0.0,0.0,62.7
NAN24-004,Nancayasan Elementary School,82.8,80.8,81.4,82.2,80.0,11,0.0,1.0,0.0,0.0,0.0,1.0,0.0,0.0,0.0,0.0,0.0,1.0,0.0,0.0,0.0,0.0,65.57
DCBMES25-017,Don Clemente Blanco Memorial Elementary School,85.6,84.0,83.2,84.2,85.66666666666667,11,1.0,0.0,0.0,0.0,0.0,1.0,0.0,0.0,0.0,0.0,0.0,1.0,0.0,0.0,0.0,0.0,33.59
UICS25-234,Urdaneta I Central School,85.783379502,86.2,86.6,86.2,85.66666666666667,11,1.0,0.0,0.0,0.0,0.0,0.0,0.0,0.0,0.0,0.0,1.0,1.0,0.0,0.0,0.0,0.0,66.82
BES25-079,Badipa Elementary School,79.4,79.2,79.2,79.4,79.0,11,1.0,0.0,0.0,0.0,0.0,1.0,0.0,0.0,0.0,0.0,0.0,1.0,0.0,0.0,0.0,0.0,80.54
UICS25-139,Urdaneta I Central School,79.4,78.4,78.0,78.8,78.33333333333333,12,0.0,1.0,0.0,0.0,0.0,0.0,0.0,0.0,0.0,0.0,1.0,0.0,0.0,0.0,1.0,0.0,66.82
UISC24-026,Urdaneta City SPED Center,90.0,89.8,89.8,89.8,90.33333333333333,11,0.0,1.0,0.0,0.0,0.0,0.0,0.0,0.0,0.0,0.0,1.0,0.0,0.0,1.0,0.0,0.0,76.93
UICS25-307,Urdaneta I Central School,87.2,86.8,86.6,86.6,84.33333333333333,11,1.0,0.0,0.0,0.0,0.0,1.0,0.0,0.0,0.0,0.0,0.0,1.0,0.0,0.0,0.0,0.0,66.82
UICS25-236,Urdaneta I Central School,84.983379502,86.4,85.8,85.0,85.33333333333333,11,1.0,0.0,0.0,0.0,0.0,1.0,0.0,0.0,0.0,0.0,0.0,1.0,0.0,0.0,0.0,0.0,66.82
UISC25-055,Urdaneta City SPED Center,91.4,92.8,91.0,92.0,92.33333333333333,11,1.0,0.0,0.0,0.0,0.0,0.0,0.0,0.0,0.0,0.0,1.0,0.0,0.0,1.0,0.0,0.0,72.08
NAN24-008,Nancayasan Elementary School,78.0,77.2,77.8,79.0,78.0,13,1.0,0.0,0.0,0.0,0.0,1.0,0.0,0.0,0.0,0.0,0.0,0.0,0.0,1.0,0.0,0.0,65.57
UISC25-056,Urdaneta City SPED Center,91.8,90.8,91.2,91.8,89.33333333333333,11,0.0,1.0,0.0,0.0,0.0,0.0,0.0,0.0,0.0,0.0,1.0,1.0,0.0,0.0,0.0,0.0,72.08
UISC25-040,Urdaneta City SPED Center,88.6,87.6,88.4,88.6,88.33333333333333,12,0.0,1.0,0.0,0.0,0.0,0.0,0.0,0.0,0.0,0.0,1.0,1.0,0.0,0.0,0.0,0.0,72.08
UISC25-042,Urdaneta City SPED Center,94.6,95.0,94.6,94.4,95.66666666666667,11,0.0,1.0,0.0,0.0,0.0,0.0,0.0,0.0,0.0,0.0,1.0,1.0,0.0,0.0,0.0,0.0,72.08
UICS25-099,Urdaneta I Central School,80.2,80.2,80.8,81.2,80.33333333333333,11,1.0,0.0,0.0,0.0,0.0,1.0,0.0,0.0,0.0,0.0,0.0,1.0,0.0,0.0,0.0,0.0,66.82
UICS25-145,Urdaneta I Central School,81.6,80.8,81.6,81.8,81.0,11,0.0,1.0,0.0,0.0,0.0,1.0,0.0,0.0,0.0,0.0,0.0,1.0,0.0,0.0,0.0,0.0,66.82
BES24-010,Badipa Elementary School,82.0,80.6,82.8,82.8,82.0,11,0.0,1.0,0.0,0.0,0.0,1.0,0.0,0.0,0.0,0.0,0.0,1.0,0.0,0.0,0.0,0.0,75.7
LANES25-040,Lananpin Elementary School,79.4,78.4,79.2,79.8,78.0,11,0.0,1.0,0.0,0.0,0.0,1.0,0.0,0.0,0.0,0.0,0.0,1.0,0.0,0.0,0.0,0.0,62.7
UICS24-054,Urdaneta I Central School,87.2,86.4,86.6,86.4,86.33333333333333,11,1.0,0.0,0.0,0.0,0.0,1.0,0.0,0.0,0.0,0.0,0.0,1.0,0.0,0.0,0.0,0.0,74.03
UICS25-327,Urdaneta I Central School,85.4,84.8,85.0,85.4,85.66666666666667,12,0.0,1.0,0.0,0.0,0.0,0.0,0.0,0.0,0.0,0.0,1.0,1.0,0.0,0.0,0.0,0.0,66.82
DAFSIS25-034,Don Alipio Fernandez Sr. Integrated School,85.0,83.6,85.4,84.0,84.66666666666667,12,0.0,1.0,0.0,0.0,0.0,1.0,0.0,0.0,0.0,0.0,0.0,1.0,0.0,0.0,0.0,0.0,73.08
UICS25-084,Urdaneta I Central School,92.8,92.0,91.2,91.2,91.66666666666667,11,1.0,0.0,0.0,0.0,0.0,1.0,0.0,0.0,0.0,0.0,0.0,1.0,0.0,0.0,0.0,0.0,66.82
UICS25-009,Urdaneta I Central School,90.6,89.8,90.0,90.0,89.33333333333333,11,1.0,0.0,0.0,0.0,0.0,0.0,0.0,0.0,0.0,0.0,1.0,1.0,0.0,0.0,0.0,0.0,66.82
BES25-015,Badipa Elementary School,86.6,87.0,86.2,87.0,86.66666666666667,12,0.0,1.0,0.0,0.0,0.0,1.0,0.0,0.0,0.0,0.0,0.0,1.0,0.0,0.0,0.0,0.0,80.54
DAFSIS25-037,Don Alipio Fernandez Sr. Integrated School,90.2,90.4,89.2,90.2,92.0,12,0.0,1.0,0.0,0.0,0.0,1.0,0.0,0.0,0.0,0.0,0.0,1.0,0.0,0.0,0.0,0.0,73.08
BES24-007,Badipa Elementary School,86.4,85.4,85.4,86.0,85.66666666666667,12,1.0,0.0,0.0,0.0,0.0,1.0,0.0,0.0,0.0,0.0,0.0,1.0,0.0,0.0,0.0,0.0,75.7
LANES25-113,Lananpin Elementary School,88.4,87.0,86.2,86.8,87.0,12,1.0,0.0,0.0,0.0,0.0,1.0,0.0,0.0,0.0,0.0,0.0,0.0,0.0,1.0,0.0,0.0,62.7
UICS24-071,Urdaneta I Central School,82.8,81.2,81.8,82.8,84.0,11,0.0,1.0,0.0,0.0,0.0,1.0,0.0,0.0,0.0,0.0,0.0,1.0,0.0,0.0,0.0,0.0,74.03
BES24-041,Badipa Elementary School,89.2,88.8,89.0,90.2,88.66666666666667,11,0.0,1.0,0.0,0.0,0.0,1.0,0.0,0.0,0.0,0.0,0.0,1.0,0.0,0.0,0.0,0.0,75.7
UICS25-255,Urdaneta I Central School,84.8,83.6,83.2,85.2,83.66666666666667,11,1.0,0.0,0.0,0.0,0.0,0.0,0.0,0.0,0.0,0.0,1.0,1.0,0.0,0.0,0.0,0.0,66.82
UICS25-143,Urdaneta I Central School,83.6,82.6,82.8,83.6,82.33333333333333,12,0.0,1.0,0.0,0.0,0.0,1.0,0.0,0.0,0.0,0.0,0.0,0.0,0.0,1.0,0.0,0.0,66.82
UISC25-063,Urdaneta City SPED Center,93.0,94.8,93.2,92.8,93.0,12,1.0,0.0,0.0,0.0,0.0,0.0,0.0,0.0,0.0,0.0,1.0,1.0,0.0,0.0,0.0,0.0,72.08
UICS24-051,Urdaneta I Central School,79.6,78.6,80.2,80.4,79.0,12,0.0,1.0,0.0,0.0,0.0,0.0,0.0,0.0,0.0,0.0,1.0,1.0,0.0,0.0,0.0,0.0,74.03
LANES25-121,Lananpin Elementary School,80.6,79.8,79.8,80.8,78.66666666666667,11,0.0,1.0,0.0,0.0,0.0,1.0,0.0,0.0,0.0,0.0,0.0,0.0,0.0,0.0,0.0,1.0,62.7
UICS25-249,Urdaneta I Central School,82.6,82.2,82.6,82.8,82.33333333333333,12,1.0,0.0,0.0,0.0,0.0,0.0,0.0,0.0,1.0,0.0,0.0,1.0,0.0,0.0,0.0,0.0,66.82
UICS25-066,Urdaneta I Central School,91.8,90.0,90.8,90.6,89.33333333333333,12,1.0,0.0,0.0,0.0,0.0,0.0,0.0,0.0,0.0,0.0,1.0,1.0,0.0,0.0,0.0,0.0,66.82
UICS25-211,Urdaneta I Central School,82.18337950200001,82.2,81.4,81.0,80.66666666666667,11,1.0,0.0,0.0,0.0,0.0,0.0,0.0,0.0,0.0,0.0,1.0,1.0,0.0,0.0,0.0,0.0,66.82
UICS25-015,Urdaneta I Central School,83.4,81.0,81.4,82.8,82.33333333333333,11,0.0,1.0,0.0,0.0,0.0,0.0,0.0,0.0,0.0,0.0,1.0,1.0,0.0,0.0,0.0,0.0,66.82
UISC24-032,Urdaneta City SPED Center,90.6,90.4,88.2,90.2,91.66666666666667,11,1.0,0.0,0.0,0.0,0.0,1.0,0.0,0.0,0.0,0.0,0.0,0.0,0.0,1.0,0.0,0.0,76.93
NAN25-043,Nancayasan Elementary School,86.8,82.2,79.8,85.0,81.33333333333333,11,1.0,0.0,0.0,0.0,0.0,0.0,0.0,0.0,0.0,0.0,1.0,0.0,1.0,0.0,0.0,0.0,58.64
UICS25-355,Urdaneta I Central School,80.6,80.2,79.2,81.2,79.66666666666667,11,0.0,1.0,0.0,0.0,0.0,0.0,0.0,0.0,0.0,0.0,1.0,1.0,0.0,0.0,0.0,0.0,66.82
LANES24-005,Lananpin Elementary School,83.8,82.0,82.0,83.4,84.0,11,1.0,0.0,0.0,0.0,0.0,1.0,0.0,0.0,0.0,0.0,0.0,1.0,0.0,0.0,0.0,0.0,78.31
UICS25-395,Urdaneta I Central School,86.2,85.2,85.6,85.2,83.66666666666667,11,1.0,0.0,0.0,0.0,0.0,0.0,0.0,0.0,0.0,0.0,1.0,1.0,0.0,0.0,0.0,0.0,66.82
UICS25-276,Urdaneta I Central School,78.8,77.8,78.6,79.0,78.66666666666667,11,1.0,0.0,0.0,0.0,0.0,0.0,0.0,0.0,0.0,0.0,1.0,0.0,0.0,0.0,1.0,0.0,66.82
UICS25-257,Urdaneta I Central School,81.2,80.8,80.0,82.6,80.0,11,1.0,0.0,0.0,0.0,0.0,0.0,0.0,0.0,0.0,0.0,1.0,1.0,0.0,0.0,0.0,0.0,66.82
UICS24-022,Urdaneta I Central School,80.2,79.8,79.8,80.2,79.33333333333333,12,1.0,0.0,0.0,0.0,0.0,1.0,0.0,0.0,0.0,0.0,0.0,1.0,0.0,0.0,0.0,0.0,74.03
UISC25-091,Urdaneta City SPED Center,90.2,89.2,89.2,89.8,88.33333333333333,11,1.0,0.0,0.0,0.0,0.0,0.0,0.0,0.0,0.0,0.0,1.0,1.0,0.0,0.0,0.0,0.0,72.08
LANES25-145,Lananpin Elementary School,86.4,85.6,85.2,85.8,85.66666666666667,12,0.0,1.0,0.0,0.0,0.0,1.0,0.0,0.0,0.0,0.0,0.0,1.0,0.0,0.0,0.0,0.0,62.7
LANES25-094,Lananpin Elementary School,82.2,81.2,81.2,81.4,82.0,11,1.0,0.0,0.0,0.0,0.0,1.0,0.0,0.0,0.0,0.0,0.0,1.0,0.0,0.0,0.0,0.0,62.7
NAN25-040,Nancayasan Elementary School,85.2,83.4,84.8,84.4,83.66666666666667,11,0.0,1.0,0.0,0.0,0.0,1.0,0.0,0.0,0.0,0.0,0.0,1.0,0.0,0.0,0.0,0.0,58.64
BES25-131,Badipa Elementary School,78.8,79.0,79.2,79.2,79.33333333333333,11,0.0,1.0,0.0,0.0,0.0,1.0,0.0,0.0,0.0,0.0,0.0,1.0,0.0,0.0,0.0,0.0,80.54
LANES25-011,Lananpin Elementary School,84.2,83.4,82.8,84.2,84.0,11,0.0,1.0,0.0,0.0,0.0,1.0,0.0,0.0,0.0,0.0,0.0,1.0,0.0,0.0,0.0,0.0,62.7
UICS25-007,Urdaneta I Central School,84.2,84.0,84.2,85.0,84.33333333333333,11,1.0,0.0,0.0,0.0,0.0,1.0,0.0,0.0,0.0,0.0,0.0,1.0,0.0,0.0,0.0,0.0,66.82
DCBMES25-010,Don Clemente Blanco Memorial Elementary School,90.2,91.6,90.4,90.2,85.66666666666667,11,0.0,1.0,0.0,0.0,0.0,1.0,0.0,0.0,0.0,0.0,0.0,0.0,0.0,1.0,0.0,0.0,33.59
UISC25-102,Urdaneta City SPED Center,92.8,91.2,90.4,91.4,91.33333333333333,12,1.0,0.0,0.0,0.0,0.0,0.0,0.0,0.0,0.0,0.0,1.0,1.0,0.0,0.0,0.0,0.0,72.08
BES25-093,Badipa Elementary School,75.2,75.2,75.2,75.2,75.33333333333333,13,0.0,1.0,0.0,0.0,0.0,1.0,0.0,0.0,0.0,0.0,0.0,1.0,0.0,0.0,0.0,0.0,80.54
BES25-183,Badipa Elementary School,78.8,78.2,78.6,79.0,79.33333333333333,11,1.0,0.0,0.0,0.0,0.0,1.0,0.0,0.0,0.0,0.0,0.0,1.0,0.0,0.0,0.0,0.0,80.54
NAN25-001,Nancayasan Elementary School,92.4,92.2,89.4,92.0,93.0,11,0.0,1.0,0.0,0.0,0.0,1.0,0.0,0.0,0.0,0.0,0.0,1.0,0.0,0.0,0.0,0.0,58.64
LANES25-050,Lananpin Elementary School,84.4,84.2,84.0,84.2,83.66666666666667,11,0.0,1.0,0.0,0.0,0.0,1.0,0.0,0.0,0.0,0.0,0.0,1.0,0.0,0.0,0.0,0.0,62.7
LANES25-138,Lananpin Elementary School,80.8,80.2,79.6,81.2,80.33333333333333,11,0.0,1.0,0.0,0.0,0.0,1.0,0.0,0.0,0.0,0.0,0.0,1.0,0.0,0.0,0.0,0.0,62.7
UICS25-010,Urdaneta I Central School,82.2,83.0,83.2,83.6,84.0,11,0.0,1.0,0.0,0.0,0.0,0.0,0.0,0.0,0.0,0.0,1.0,1.0,0.0,0.0,0.0,0.0,66.82
UICS25-188,Urdaneta I Central School,80.8,82.2,80.0,81.4,80.66666666666667,11,0.0,1.0,0.0,0.0,0.0,0.0,0.0,0.0,0.0,0.0,1.0,1.0,0.0,0.0,0.0,0.0,66.82
BES25-067,Badipa Elementary School,83.6,82.2,82.6,83.4,81.66666666666667,11,0.0,1.0,0.0,0.0,0.0,1.0,0.0,0.0,0.0,0.0,0.0,1.0,0.0,0.0,0.0,0.0,80.54
BES24-036,Badipa Elementary School,81.8,80.6,81.0,81.4,81.0,11,0.0,1.0,0.0,0.0,0.0,1.0,0.0,0.0,0.0,0.0,0.0,1.0,0.0,0.0,0.0,0.0,75.7
LANES25-043,Lananpin Elementary School,91.4,91.4,91.2,91.6,91.0,11,1.0,0.0,0.0,0.0,0.0,1.0,0.0,0.0,0.0,0.0,0.0,1.0,0.0,0.0,0.0,0.0,62.7
UICS25-268,Urdaneta I Central School,79.8,79.2,78.4,79.0,80.0,11,0.0,1.0,0.0,0.0,0.0,1.0,0.0,0.0,0.0,0.0,0.0,1.0,0.0,0.0,0.0,0.0,66.82
UICS25-280,Urdaneta I Central School,85.2,84.6,84.6,85.0,83.33333333333333,11,0.0,1.0,0.0,0.0,0.0,1.0,0.0,0.0,0.0,0.0,0.0,1.0,0.0,0.0,0.0,0.0,66.82
DAFSIS25-035,Don Alipio Fernandez Sr. Integrated School,89.8,89.2,88.4,88.2,90.33333333333333,12,0.0,1.0,0.0,0.0,0.0,1.0,0.0,0.0,0.0,0.0,0.0,1.0,0.0,0.0,0.0,0.0,73.08
NAN25-024,Nancayasan Elementary School,84.6,83.2,84.8,84.4,83.66666666666667,11,0.0,1.0,0.0,0.0,0.0,1.0,0.0,0.0,0.0,0.0,0.0,1.0,0.0,0.0,0.0,0.0,58.64
UICS25-014,Urdaneta I Central School,83.2,82.4,82.2,82.2,83.0,12,0.0,1.0,0.0,0.0,0.0,0.0,0.0,0.0,0.0,0.0,1.0,1.0,0.0,0.0,0.0,0.0,66.82
UISC24-030,Urdaneta City SPED Center,89.8,89.2,88.6,87.6,90.0,11,1.0,0.0,0.0,0.0,0.0,0.0,0.0,0.0,0.0,0.0,1.0,1.0,0.0,0.0,0.0,0.0,76.93
BES25-040,Badipa Elementary School,83.8,82.6,83.6,83.4,82.33333333333333,13,1.0,0.0,0.0,0.0,0.0,1.0,0.0,0.0,0.0,0.0,0.0,1.0,0.0,0.0,0.0,0.0,80.54
BES25-159,Badipa Elementary School,90.2,90.2,90.2,89.6,89.66666666666667,11,0.0,1.0,0.0,0.0,0.0,1.0,0.0,0.0,0.0,0.0,0.0,1.0,0.0,0.0,0.0,0.0,80.54
BES25-083,Badipa Elementary School,79.2,79.2,79.2,80.0,80.33333333333333,12,0.0,1.0,0.0,0.0,0.0,1.0,0.0,0.0,0.0,0.0,0.0,1.0,0.0,0.0,0.0,0.0,80.54
BES25-026,Badipa Elementary School,85.8,84.4,85.0,86.0,84.0,11,1.0,0.0,0.0,0.0,0.0,1.0,0.0,0.0,0.0,0.0,0.0,1.0,0.0,0.0,0.0,0.0,80.54
LANES24-020,Lananpin Elementary School,86.2,85.2,85.8,85.6,83.66666666666667,12,0.0,1.0,0.0,0.0,0.0,0.0,0.0,0.0,0.0,0.0,1.0,1.0,0.0,0.0,0.0,0.0,78.31
LANES25-137,Lananpin Elementary School,82.4,81.4,81.6,83.0,82.0,12,0.0,1.0,0.0,0.0,0.0,1.0,0.0,0.0,0.0,0.0,0.0,1.0,0.0,0.0,0.0,0.0,62.7
LANES25-014,Lananpin Elementary School,89.531578948,90.2,90.2,90.4,89.66666666666667,11,0.0,1.0,0.0,0.0,0.0,1.0,0.0,0.0,0.0,0.0,0.0,1.0,0.0,0.0,0.0,0.0,62.7
BES24-033,Badipa Elementary School,77.4,76.6,77.0,76.8,77.66666666666667,11,1.0,0.0,0.0,0.0,0.0,1.0,0.0,0.0,0.0,0.0,0.0,1.0,0.0,0.0,0.0,0.0,75.7
UICS25-301,Urdaneta I Central School,85.2,84.2,83.8,85.0,84.33333333333333,12,1.0,0.0,0.0,0.0,0.0,0.0,0.0,0.0,0.0,0.0,1.0,0.0,0.0,0.0,0.0,1.0,66.82
NAN25-071,Nancayasan Elementary School,86.4,87.4,84.2,79.2,82.66666666666667,14,0.0,1.0,0.0,0.0,0.0,1.0,0.0,0.0,0.0,0.0,0.0,1.0,0.0,0.0,0.0,0.0,58.64
UICS25-328,Urdaneta I Central School,88.8,88.0,89.2,88.4,88.66666666666667,12,1.0,0.0,0.0,0.0,0.0,1.0,0.0,0.0,0.0,0.0,0.0,1.0,0.0,0.0,0.0,0.0,66.82
UICS25-289,Urdaneta I Central School,85.4,84.6,83.8,85.6,83.0,11,1.0,0.0,0.0,0.0,0.0,0.0,0.0,0.0,0.0,0.0,1.0,1.0,0.0,0.0,0.0,0.0,66.82
UISC24-020,Urdaneta City SPED Center,91.2,91.8,91.8,91.6,93.33333333333333,12,1.0,0.0,0.0,0.0,0.0,1.0,0.0,0.0,0.0,0.0,0.0,1.0,0.0,0.0,0.0,0.0,76.93
BES25-080,Badipa Elementary School,77.4,77.0,77.2,77.2,77.0,11,1.0,0.0,0.0,0.0,0.0,1.0,0.0,0.0,0.0,0.0,0.0,1.0,0.0,0.0,0.0,0.0,80.54
UICS25-309,Urdaneta I Central School,89.6,89.4,88.6,88.6,89.33333333333333,11,1.0,0.0,0.0,0.0,0.0,0.0,0.0,0.0,0.0,0.0,1.0,1.0,0.0,0.0,0.0,0.0,66.82
UICS25-218,Urdaneta I Central School,84.18337950200001,87.6,85.0,85.4,83.0,11,1.0,0.0,0.0,0.0,0.0,1.0,0.0,0.0,0.0,0.0,0.0,1.0,0.0,0.0,0.0,0.0,66.82
UICS24-044,Urdaneta I Central School,88.8,89.2,87.0,87.6,87.33333333333333,12,1.0,0.0,0.0,0.0,0.0,1.0,0.0,0.0,0.0,0.0,0.0,0.0,0.0,1.0,0.0,0.0,74.03
BES24-001,Badipa Elementary School,83.2,81.4,82.2,83.6,82.33333333333333,11,0.0,1.0,0.0,0.0,0.0,1.0,0.0,0.0,0.0,0.0,0.0,1.0,0.0,0.0,0.0,0.0,75.7
UICS25-058,Urdaneta I Central School,88.4,88.0,88.0,88.2,86.66666666666667,11,1.0,0.0,0.0,0.0,0.0,0.0,0.0,0.0,0.0,0.0,1.0,1.0,0.0,0.0,0.0,0.0,66.82
DCBMES25-002,Don Clemente Blanco Memorial Elementary School,85.4,83.8,84.0,84.6,85.33333333333333,12,0.0,1.0,0.0,0.0,0.0,1.0,0.0,0.0,0.0,0.0,0.0,1.0,0.0,0.0,0.0,0.0,33.59
UICS25-290,Urdaneta I Central School,80.4,80.0,78.6,81.0,80.33333333333333,13,0.0,1.0,0.0,0.0,0.0,0.0,0.0,0.0,0.0,0.0,1.0,1.0,0.0,0.0,0.0,0.0,66.82
UICS25-337,Urdaneta I Central School,84.0,84.0,85.6,84.2,84.66666666666667,12,1.0,0.0,0.0,0.0,0.0,0.0,0.0,0.0,0.0,0.0,1.0,1.0,0.0,0.0,0.0,0.0,66.82
UICS25-194,Urdaneta I Central School,83.6,83.6,83.0,83.2,81.33333333333333,11,0.0,1.0,0.0,0.0,0.0,0.0,0.0,0.0,0.0,0.0,1.0,1.0,0.0,0.0,0.0,0.0,66.82
LANES25-132,Lananpin Elementary School,83.4,83.0,82.8,83.8,84.66666666666667,11,1.0,0.0,0.0,0.0,0.0,1.0,0.0,0.0,0.0,0.0,0.0,1.0,0.0,0.0,0.0,0.0,62.7
NAN25-057,Nancayasan Elementary School,85.6,82.4,84.2,87.0,78.33333333333333,14,0.0,1.0,0.0,0.0,0.0,0.0,0.0,0.0,0.0,0.0,1.0,1.0,0.0,0.0,0.0,0.0,58.64
UISC25-081,Urdaneta City SPED Center,91.6,93.0,93.4,92.0,91.33333333333333,11,0.0,1.0,0.0,0.0,0.0,0.0,0.0,0.0,0.0,0.0,1.0,1.0,0.0,0.0,0.0,0.0,72.08
BES25-124,Badipa Elementary School,79.4,78.6,78.4,79.0,77.33333333333333,11,0.0,1.0,0.0,0.0,0.0,1.0,0.0,0.0,0.0,0.0,0.0,1.0,0.0,0.0,0.0,0.0,80.54
UICS25-313,Urdaneta I Central School,86.6,85.4,87.2,87.4,87.0,11,1.0,0.0,0.0,0.0,0.0,0.0,0.0,0.0,0.0,0.0,1.0,1.0,0.0,0.0,0.0,0.0,66.82
UISC25-119,Urdaneta City SPED Center,94.4,94.6,94.4,94.8,95.33333333333333,11,0.0,1.0,0.0,0.0,0.0,0.0,0.0,0.0,0.0,0.0,1.0,0.0,0.0,1.0,0.0,0.0,72.08
UICS24-042,Urdaneta I Central School,85.8,85.2,85.4,85.4,84.33333333333333,11,1.0,0.0,0.0,0.0,0.0,1.0,0.0,0.0,0.0,0.0,0.0,1.0,0.0,0.0,0.0,0.0,74.03
UICS25-059,Urdaneta I Central School,89.6,89.6,87.6,87.8,88.33333333333333,11,1.0,0.0,0.0,0.0,0.0,0.0,0.0,0.0,0.0,0.0,1.0,1.0,0.0,0.0,0.0,0.0,66.82
UISC25-007,Urdaneta City SPED Center,93.4,93.6,93.8,92.4,93.0,11,1.0,0.0,0.0,0.0,0.0,0.0,0.0,0.0,0.0,0.0,1.0,1.0,0.0,0.0,0.0,0.0,72.08
BES25-034,Badipa Elementary School,85.6,83.6,84.8,85.0,83.33333333333333,12,1.0,0.0,0.0,0.0,0.0,1.0,0.0,0.0,0.0,0.0,0.0,1.0,0.0,0.0,0.0,0.0,80.54
UICS25-088,Urdaneta I Central School,89.6,89.4,90.0,90.2,89.33333333333333,12,1.0,0.0,0.0,0.0,0.0,0.0,0.0,0.0,0.0,0.0,1.0,1.0,0.0,0.0,0.0,0.0,66.82
BES25-013,Badipa Elementary School,90.4,89.6,90.8,89.4,91.0,11,0.0,1.0,0.0,0.0,0.0,0.0,0.0,0.0,0.0,0.0,1.0,1.0,0.0,0.0,0.0,0.0,80.54
BES24-044,Badipa Elementary School,87.2,87.4,86.8,87.0,86.66666666666667,11,1.0,0.0,0.0,0.0,0.0,1.0,0.0,0.0,0.0,0.0,0.0,1.0,0.0,0.0,0.0,0.0,75.7
BES25-108,Badipa Elementary School,83.4,82.6,83.4,83.4,83.0,11,1.0,0.0,0.0,0.0,0.0,1.0,0.0,0.0,0.0,0.0,0.0,0.0,0.0,1.0,0.0,0.0,80.54
LANES25-147,Lananpin Elementary School,81.0,80.6,79.4,80.4,80.0,12,0.0,1.0,0.0,0.0,0.0,1.0,0.0,0.0,0.0,0.0,0.0,1.0,0.0,0.0,0.0,0.0,62.7
NAN25-015,Nancayasan Elementary School,85.6,85.6,85.2,85.4,86.0,11,1.0,0.0,0.0,0.0,0.0,1.0,0.0,0.0,0.0,0.0,0.0,0.0,0.0,1.0,0.0,0.0,58.64
UICS25-101,Urdaneta I Central School,80.6,79.8,79.6,80.6,80.66666666666667,12,0.0,1.0,0.0,0.0,0.0,0.0,0.0,0.0,0.0,0.0,1.0,1.0,0.0,0.0,0.0,0.0,66.82
LANES25-139,Lananpin Elementary School,84.4,84.4,84.8,84.4,86.66666666666667,11,0.0,1.0,0.0,0.0,0.0,1.0,0.0,0.0,0.0,0.0,0.0,0.0,0.0,1.0,0.0,0.0,62.7
UISC25-109,Urdaneta City SPED Center,84.8,85.6,84.4,85.4,86.33333333333333,11,1.0,0.0,0.0,0.0,0.0,0.0,0.0,0.0,0.0,0.0,1.0,1.0,0.0,0.0,0.0,0.0,72.08
DAPSMECSE25-012,Don Amadeo Perez Sr. Memorial Elementary School - East,80.2,79.6,79.8,81.4,81.66666666666667,11,1.0,0.0,0.0,0.0,0.0,1.0,0.0,0.0,0.0,0.0,0.0,1.0,0.0,0.0,0.0,0.0,75.71
NAN25-016,Nancayasan Elementary School,91.2,90.2,89.6,90.2,90.66666666666667,11,1.0,0.0,0.0,0.0,0.0,1.0,0.0,0.0,0.0,0.0,0.0,1.0,0.0,0.0,0.0,0.0,58.64
LANES25-133,Lananpin Elementary School,87.2,86.0,85.6,86.6,86.66666666666667,12,1.0,0.0,0.0,0.0,0.0,1.0,0.0,0.0,0.0,0.0,0.0,0.0,0.0,0.0,0.0,1.0,62.7
UICS25-298,Urdaneta I Central School,86.0,85.0,85.4,85.4,82.66666666666667,12,0.0,1.0,0.0,0.0,0.0,0.0,0.0,0.0,0.0,0.0,1.0,1.0,0.0,0.0,0.0,0.0,66.82
DCBMES25-013,Don Clemente Blanco Memorial Elementary School,89.4,88.8,88.4,89.0,90.33333333333333,11,1.0,0.0,0.0,0.0,0.0,1.0,0.0,0.0,0.0,0.0,0.0,1.0,0.0,0.0,0.0,0.0,33.59
LANES25-128,Lananpin Elementary School,79.6,78.6,79.4,79.8,78.0,11,0.0,1.0,0.0,0.0,0.0,1.0,0.0,0.0,0.0,0.0,0.0,1.0,0.0,0.0,0.0,0.0,62.7
DAPSMECSE25-011,Don Amadeo Perez Sr. Memorial Elementary School - East,89.8,88.0,86.8,87.6,88.66666666666667,12,1.0,0.0,0.0,0.0,0.0,1.0,0.0,0.0,0.0,0.0,0.0,1.0,0.0,0.0,0.0,0.0,75.71
UICS25-209,Urdaneta I Central School,84.783379502,84.0,84.6,83.4,82.0,11,1.0,0.0,0.0,0.0,0.0,1.0,0.0,0.0,0.0,0.0,0.0,1.0,0.0,0.0,0.0,0.0,66.82
UICS25-079,Urdaneta I Central School,89.58121827400001,88.994936708,88.121518988,88.636775818,89.0,12,0.0,1.0,0.0,0.0,0.0,0.0,0.0,0.0,0.0,0.0,1.0,0.0,0.0,1.0,0.0,0.0,66.82
LANES24-014,Lananpin Elementary School,86.0,84.6,85.4,85.0,85.0,13,1.0,0.0,0.0,0.0,0.0,1.0,0.0,0.0,0.0,0.0,0.0,1.0,0.0,0.0,0.0,0.0,78.31
NAN25-056,Nancayasan Elementary School,85.6,82.4,83.8,83.8,86.66666666666667,11,1.0,0.0,0.0,0.0,0.0,0.0,0.0,0.0,0.0,0.0,1.0,1.0,0.0,0.0,0.0,0.0,58.64
BES24-026,Badipa Elementary School,83.6,82.0,83.4,84.4,82.66666666666667,12,1.0,0.0,0.0,0.0,0.0,1.0,0.0,0.0,0.0,0.0,0.0,1.0,0.0,0.0,0.0,0.0,75.7
LANES25-131,Lananpin Elementary School,78.2,78.2,78.6,78.4,78.0,12,1.0,0.0,0.0,0.0,0.0,1.0,0.0,0.0,0.0,0.0,0.0,1.0,0.0,0.0,0.0,0.0,62.7
UICS25-229,Urdaneta I Central School,85.964597776,88.594936708,87.721518988,89.4,87.33333333333333,13,1.0,0.0,0.0,0.0,0.0,0.0,0.0,0.0,1.0,0.0,0.0,1.0,0.0,0.0,0.0,0.0,66.82
UICS24-047,Urdaneta I Central School,86.6,85.4,85.2,85.4,84.66666666666667,12,0.0,1.0,0.0,0.0,0.0,1.0,0.0,0.0,0.0,0.0,0.0,1.0,0.0,0.0,0.0,0.0,74.03
UISC25-046,Urdaneta City SPED Center,94.4,94.8,93.6,94.4,94.66666666666667,12,1.0,0.0,0.0,0.0,0.0,0.0,0.0,0.0,0.0,0.0,1.0,1.0,0.0,0.0,0.0,0.0,72.08
BES25-140,Badipa Elementary School,78.4,79.0,77.8,78.0,79.0,11,0.0,1.0,0.0,0.0,0.0,1.0,0.0,0.0,0.0,0.0,0.0,1.0,0.0,0.0,0.0,0.0,80.54
UICS25-287,Urdaneta I Central School,87.8,86.4,86.6,87.8,88.0,12,0.0,1.0,0.0,0.0,0.0,0.0,0.0,0.0,0.0,0.0,1.0,1.0,0.0,0.0,0.0,0.0,66.82
UICS25-082,Urdaneta I Central School,90.4,90.0,89.2,89.4,89.0,11,1.0,0.0,0.0,0.0,0.0,0.0,0.0,0.0,0.0,0.0,1.0,1.0,0.0,0.0,0.0,0.0,66.82
DAFSIS25-008,Don Alipio Fernandez Sr. Integrated School,84.6,85.2,84.2,84.0,83.66666666666667,11,0.0,1.0,0.0,0.0,0.0,1.0,0.0,0.0,0.0,0.0,0.0,1.0,0.0,0.0,0.0,0.0,73.08
UISC25-085,Urdaneta City SPED Center,91.2,91.0,91.4,91.2,91.66666666666667,11,1.0,0.0,0.0,0.0,0.0,0.0,0.0,0.0,0.0,0.0,1.0,1.0,0.0,0.0,0.0,0.0,72.08
BES25-198,Badipa Elementary School,85.2,84.8,84.0,84.6,81.33333333333333,11,1.0,0.0,0.0,0.0,0.0,1.0,0.0,0.0,0.0,0.0,0.0,1.0,0.0,0.0,0.0,0.0,80.54
BES24-023,Badipa Elementary School,85.8,85.6,85.8,86.0,85.33333333333333,11,1.0,0.0,0.0,0.0,0.0,1.0,0.0,0.0,0.0,0.0,0.0,1.0,0.0,0.0,0.0,0.0,75.7
UICS25-399,Urdaneta I Central School,82.6,82.2,82.0,82.8,83.0,12,0.0,1.0,0.0,0.0,0.0,1.0,0.0,0.0,0.0,0.0,0.0,1.0,0.0,0.0,0.0,0.0,66.82
BES25-139,Badipa Elementary School,78.4,77.6,78.0,78.2,78.0,11,0.0,1.0,0.0,0.0,0.0,1.0,0.0,0.0,0.0,0.0,0.0,1.0,0.0,0.0,0.0,0.0,80.54
BES25-107,Badipa Elementary School,88.0,87.4,88.2,88.2,86.66666666666667,11,1.0,0.0,0.0,0.0,0.0,1.0,0.0,0.0,0.0,0.0,0.0,1.0,0.0,0.0,0.0,0.0,80.54
LANES25-060,Lananpin Elementary School,84.0,83.2,81.8,81.8,82.66666666666667,11,1.0,0.0,0.0,0.0,0.0,1.0,0.0,0.0,0.0,0.0,0.0,0.0,0.0,1.0,0.0,0.0,62.7
UICS25-378,Urdaneta I Central School,84.4,83.8,83.6,84.4,82.66666666666667,12,0.0,1.0,0.0,0.0,0.0,0.0,0.0,0.0,0.0,1.0,0.0,1.0,0.0,0.0,0.0,0.0,66.82
BES25-119,Badipa Elementary School,79.2,78.4,79.2,79.8,80.0,11,1.0,0.0,0.0,0.0,0.0,1.0,0.0,0.0,0.0,0.0,0.0,1.0,0.0,0.0,0.0,0.0,80.54
BES25-072,Badipa Elementary School,83.8,83.4,83.6,84.6,83.0,11,1.0,0.0,0.0,0.0,0.0,1.0,0.0,0.0,0.0,0.0,0.0,1.0,0.0,0.0,0.0,0.0,80.54
DAFSIS25-036,Don Alipio Fernandez Sr. Integrated School,81.0,80.2,81.2,81.0,79.0,12,0.0,1.0,0.0,0.0,0.0,1.0,0.0,0.0,0.0,0.0,0.0,1.0,0.0,0.0,0.0,0.0,73.08
BES25-213,Badipa Elementary School,80.0,79.0,79.2,80.2,80.33333333333333,11,0.0,1.0,0.0,0.0,0.0,1.0,0.0,0.0,0.0,0.0,0.0,1.0,0.0,0.0,0.0,0.0,80.54
NAN25-012,Nancayasan Elementary School,91.6,90.4,90.8,90.2,91.33333333333333,11,1.0,0.0,0.0,0.0,0.0,1.0,0.0,0.0,0.0,0.0,0.0,1.0,0.0,0.0,0.0,0.0,58.64
LANES25-136,Lananpin Elementary School,91.2,91.2,91.2,91.4,90.66666666666667,11,0.0,1.0,0.0,0.0,0.0,1.0,0.0,0.0,0.0,0.0,0.0,1.0,0.0,0.0,0.0,0.0,62.7
BES24-005,Badipa Elementary School,81.6,81.0,80.8,81.2,83.33333333333333,11,1.0,0.0,0.0,0.0,0.0,1.0,0.0,0.0,0.0,0.0,0.0,1.0,0.0,0.0,0.0,0.0,75.7
LANES25-103,Lananpin Elementary School,82.2,80.8,79.4,79.8,81.66666666666667,11,1.0,0.0,0.0,0.0,0.0,1.0,0.0,0.0,0.0,0.0,0.0,1.0,0.0,0.0,0.0,0.0,62.7
UICS25-051,Urdaneta I Central School,89.4,88.8,88.8,89.6,88.33333333333333,12,1.0,0.0,0.0,0.0,0.0,0.0,0.0,0.0,0.0,0.0,1.0,1.0,0.0,0.0,0.0,0.0,66.82
UISC24-015,Urdaneta City SPED Center,93.6,92.6,93.0,92.6,93.66666666666667,11,1.0,0.0,0.0,0.0,0.0,1.0,0.0,0.0,0.0,0.0,0.0,1.0,0.0,0.0,0.0,0.0,76.93
UICS24-049,Urdaneta I Central School,83.0,82.0,82.0,82.4,83.33333333333333,12,1.0,0.0,0.0,0.0,0.0,1.0,0.0,0.0,0.0,0.0,0.0,1.0,0.0,0.0,0.0,0.0,74.03
UICS24-039,Urdaneta I Central School,83.0,82.4,82.0,82.8,82.66666666666667,12,1.0,0.0,0.0,0.0,0.0,1.0,0.0,0.0,0.0,0.0,0.0,1.0,0.0,0.0,0.0,0.0,74.03
BES25-089,Badipa Elementary School,77.2,77.2,77.2,77.2,77.66666666666667,11,0.0,1.0,0.0,0.0,0.0,1.0,0.0,0.0,0.0,0.0,0.0,1.0,0.0,0.0,0.0,0.0,80.54
LANES24-016,Lananpin Elementary School,82.8,82.2,82.0,82.8,83.0,11,1.0,0.0,0.0,0.0,0.0,1.0,0.0,0.0,0.0,0.0,0.0,1.0,0.0,0.0,0.0,0.0,78.31
DCBMES25-020,Don Clemente Blanco Memorial Elementary School,83.4,80.6,81.4,81.2,82.33333333333333,11,1.0,0.0,0.0,0.0,0.0,1.0,0.0,0.0,0.0,0.0,0.0,1.0,0.0,0.0,0.0,0.0,33.59
BES25-156,Badipa Elementary School,88.6,88.8,88.4,88.2,88.66666666666667,11,0.0,1.0,0.0,0.0,0.0,1.0,0.0,0.0,0.0,0.0,0.0,1.0,0.0,0.0,0.0,0.0,80.54
LANES24-028,Lananpin Elementary School,86.0,85.0,86.0,85.6,86.66666666666667,11,0.0,1.0,0.0,0.0,0.0,1.0,0.0,0.0,0.0,0.0,0.0,1.0,0.0,0.0,0.0,0.0,78.31
UISC25-087,Urdaneta City SPED Center,93.0,93.6,92.0,92.8,93.33333333333333,11,1.0,0.0,0.0,0.0,0.0,0.0,0.0,0.0,0.0,0.0,1.0,1.0,0.0,0.0,0.0,0.0,72.08
UISC24-029,Urdaneta City SPED Center,90.8,90.2,88.0,90.2,90.66666666666667,11,0.0,1.0,0.0,0.0,0.0,0.0,0.0,0.0,0.0,0.0,1.0,0.0,0.0,1.0,0.0,0.0,76.93
BES24-013,Badipa Elementary School,82.0,81.6,80.8,81.6,82.0,11,1.0,0.0,0.0,0.0,0.0,1.0,0.0,0.0,0.0,0.0,0.0,1.0,0.0,0.0,0.0,0.0,75.7
UICS25-144,Urdaneta I Central School,87.0,84.2,84.0,84.8,85.66666666666667,12,0.0,1.0,0.0,0.0,1.0,0.0,0.0,0.0,0.0,0.0,0.0,1.0,0.0,0.0,0.0,0.0,66.82
BES25-164,Badipa Elementary School,90.8,90.6,90.8,90.0,91.33333333333333,11,0.0,1.0,0.0,0.0,0.0,0.0,0.0,0.0,0.0,0.0,1.0,1.0,0.0,0.0,0.0,0.0,80.54
NAN25-020,Nancayasan Elementary School,83.4,82.2,81.6,82.4,81.33333333333333,12,1.0,0.0,0.0,0.0,0.0,1.0,0.0,0.0,0.0,0.0,0.0,1.0,0.0,0.0,0.0,0.0,58.64
LANES24-022,Lananpin Elementary School,83.2,82.4,82.0,82.4,85.33333333333333,11,1.0,0.0,0.0,0.0,0.0,1.0,0.0,0.0,0.0,0.0,0.0,1.0,0.0,0.0,0.0,0.0,78.31
UICS25-016,Urdaneta I Central School,85.2,86.2,85.0,85.0,85.66666666666667,11,0.0,1.0,0.0,0.0,0.0,1.0,0.0,0.0,0.0,0.0,0.0,1.0,0.0,0.0,0.0,0.0,66.82
LANES25-122,Lananpin Elementary School,79.6,78.8,79.0,80.0,78.66666666666667,11,0.0,1.0,0.0,0.0,0.0,1.0,0.0,0.0,0.0,0.0,0.0,1.0,0.0,0.0,0.0,0.0,62.7
UICS25-380,Urdaneta I Central School,79.8,79.0,80.0,81.4,79.33333333333333,11,0.0,1.0,0.0,0.0,0.0,0.0,0.0,0.0,0.0,0.0,1.0,1.0,0.0,0.0,0.0,0.0,66.82
NAN25-034,Nancayasan Elementary School,81.4,80.4,81.0,81.4,80.0,10,0.0,1.0,0.0,0.0,0.0,1.0,0.0,0.0,0.0,0.0,0.0,1.0,0.0,0.0,0.0,0.0,58.64
UISC25-049,Urdaneta City SPED Center,93.2,92.6,92.0,92.0,92.33333333333333,11,1.0,0.0,0.0,0.0,0.0,0.0,0.0,0.0,0.0,0.0,1.0,1.0,0.0,0.0,0.0,0.0,72.08
LANES25-069,Lananpin Elementary School,83.4,82.6,83.6,83.6,83.66666666666667,11,0.0,1.0,0.0,0.0,0.0,1.0,0.0,0.0,0.0,0.0,0.0,1.0,0.0,0.0,0.0,0.0,62.7
LANES25-053,Lananpin Elementary School,85.6,85.2,85.2,85.6,86.33333333333333,11,1.0,0.0,0.0,0.0,0.0,1.0,0.0,0.0,0.0,0.0,0.0,1.0,0.0,0.0,0.0,0.0,62.7
BES24-043,Badipa Elementary School,90.2,90.4,89.8,90.4,90.66666666666667,11,1.0,0.0,0.0,0.0,0.0,1.0,0.0,0.0,0.0,0.0,0.0,1.0,0.0,0.0,0.0,0.0,75.7
UISC25-041,Urdaneta City SPED Center,92.2,91.4,90.4,91.8,93.0,11,0.0,1.0,0.0,0.0,0.0,0.0,0.0,0.0,0.0,0.0,1.0,1.0,0.0,0.0,0.0,0.0,72.08
BES25-032,Badipa Elementary School,85.4,84.6,84.6,84.6,85.33333333333333,11,1.0,0.0,0.0,0.0,0.0,1.0,0.0,0.0,0.0,0.0,0.0,1.0,0.0,0.0,0.0,0.0,80.54
BES24-032,Badipa Elementary School,84.6,84.8,84.6,85.0,81.66666666666667,17,0.0,1.0,0.0,0.0,0.0,1.0,0.0,0.0,0.0,0.0,0.0,1.0,0.0,0.0,0.0,0.0,75.7
UICS25-118,Urdaneta I Central School,82.2,80.6,81.4,81.0,79.33333333333333,12,0.0,1.0,0.0,0.0,0.0,0.0,0.0,0.0,0.0,0.0,1.0,1.0,0.0,0.0,0.0,0.0,66.82
BES24-042,Badipa Elementary School,88.8,89.8,88.2,89.8,88.33333333333333,11,1.0,0.0,0.0,0.0,0.0,1.0,0.0,0.0,0.0,0.0,0.0,1.0,0.0,0.0,0.0,0.0,75.7
BES25-087,Badipa Elementary School,79.8,78.8,80.4,80.4,79.33333333333333,11,0.0,1.0,0.0,0.0,0.0,1.0,0.0,0.0,0.0,0.0,0.0,1.0,0.0,0.0,0.0,0.0,80.54
BES25-206,Badipa Elementary School,82.4,81.0,82.4,82.0,82.66666666666667,11,0.0,1.0,0.0,0.0,0.0,1.0,0.0,0.0,0.0,0.0,0.0,1.0,0.0,0.0,0.0,0.0,80.54
UICS25-103,Urdaneta I Central School,81.0,80.4,79.8,81.8,82.0,12,0.0,1.0,0.0,0.0,0.0,0.0,0.0,0.0,0.0,0.0,1.0,1.0,0.0,0.0,0.0,0.0,66.82
UICS25-239,Urdaneta I Central School,81.8,80.8,81.4,81.2,79.66666666666667,11,0.0,1.0,0.0,0.0,0.0,1.0,0.0,0.0,0.0,0.0,0.0,1.0,0.0,0.0,0.0,0.0,66.82
DAPSMECSE25-028,Don Amadeo Perez Sr. Memorial Elementary School - East,80.2,80.0,79.2,80.0,78.33333333333333,11,0.0,1.0,0.0,0.0,0.0,1.0,0.0,0.0,0.0,0.0,0.0,1.0,0.0,0.0,0.0,0.0,75.71
UICS25-180,Urdaneta I Central School,84.4,82.4,82.6,83.0,84.0,11,1.0,0.0,0.0,0.0,0.0,1.0,0.0,0.0,0.0,0.0,0.0,1.0,0.0,0.0,0.0,0.0,66.82
UISC25-079,Urdaneta City SPED Center,91.0,92.0,89.8,90.4,91.33333333333333,11,0.0,1.0,0.0,0.0,0.0,1.0,0.0,0.0,0.0,0.0,0.0,1.0,0.0,0.0,0.0,0.0,72.08
UICS25-012,Urdaneta I Central School,85.6,84.8,85.0,86.4,85.0,12,1.0,0.0,0.0,0.0,0.0,0.0,0.0,0.0,0.0,0.0,1.0,1.0,0.0,0.0,0.0,0.0,66.82
LANES24-007,Lananpin Elementary School,83.6,82.6,82.4,83.0,83.33333333333333,12,0.0,1.0,0.0,0.0,0.0,1.0,0.0,0.0,0.0,0.0,0.0,1.0,0.0,0.0,0.0,0.0,78.31
LANES25-059,Lananpin Elementary School,85.8,85.6,84.6,85.6,84.0,11,1.0,0.0,0.0,0.0,0.0,1.0,0.0,0.0,0.0,0.0,0.0,1.0,0.0,0.0,0.0,0.0,62.7
UICS24-025,Urdaneta I Central School,80.8,80.2,80.4,80.4,80.0,12,0.0,1.0,0.0,0.0,0.0,1.0,0.0,0.0,0.0,0.0,0.0,1.0,0.0,0.0,0.0,0.0,74.03
UICS25-020,Urdaneta I Central School,87.4,87.0,86.4,86.8,88.33333333333333,11,1.0,0.0,0.0,0.0,0.0,0.0,0.0,0.0,0.0,0.0,1.0,1.0,0.0,0.0,0.0,0.0,66.82
DCBMES25-006,Don Clemente Blanco Memorial Elementary School,81.2,79.2,80.6,80.6,81.66666666666667,11,0.0,1.0,0.0,0.0,0.0,1.0,0.0,0.0,0.0,0.0,0.0,1.0,0.0,0.0,0.0,0.0,33.59
BES25-030,Badipa Elementary School,85.6,84.8,85.0,85.6,84.66666666666667,11,1.0,0.0,0.0,0.0,0.0,1.0,0.0,0.0,0.0,0.0,0.0,1.0,0.0,0.0,0.0,0.0,80.54
UICS25-266,Urdaneta I Central School,84.2,84.0,84.2,84.8,82.66666666666667,12,1.0,0.0,0.0,0.0,0.0,0.0,0.0,0.0,0.0,0.0,1.0,1.0,0.0,0.0,0.0,0.0,66.82
UICS25-004,Urdaneta I Central School,88.6,89.0,89.2,89.6,88.33333333333333,11,0.0,1.0,0.0,0.0,0.0,0.0,0.0,0.0,0.0,0.0,1.0,1.0,0.0,0.0,0.0,0.0,66.82
UICS25-175,Urdaneta I Central School,83.8,83.2,82.8,82.8,84.0,11,0.0,1.0,0.0,0.0,0.0,1.0,0.0,0.0,0.0,0.0,0.0,1.0,0.0,0.0,0.0,0.0,66.82
LANES25-127,Lananpin Elementary School,78.0,77.2,78.0,79.2,78.66666666666667,11,0.0,1.0,0.0,0.0,0.0,1.0,0.0,0.0,0.0,0.0,0.0,0.0,0.0,0.0,0.0,1.0,62.7
BES25-193,Badipa Elementary School,81.4,81.6,81.4,81.0,80.66666666666667,11,1.0,0.0,0.0,0.0,0.0,1.0,0.0,0.0,0.0,0.0,0.0,1.0,0.0,0.0,0.0,0.0,80.54
UISC24-025,Urdaneta City SPED Center,90.6,90.6,89.8,90.4,90.0,11,0.0,1.0,0.0,0.0,0.0,1.0,0.0,0.0,0.0,0.0,0.0,1.0,0.0,0.0,0.0,0.0,76.93
BES25-060,Badipa Elementary School,84.8,82.8,84.4,85.0,83.33333333333333,12,0.0,1.0,0.0,0.0,0.0,1.0,0.0,0.0,0.0,0.0,0.0,1.0,0.0,0.0,0.0,0.0,80.54
DAFSIS25-048,Don Alipio Fernandez Sr. Integrated School,89.8,90.4,89.2,90.2,91.66666666666667,11,0.0,1.0,0.0,0.0,0.0,1.0,0.0,0.0,0.0,0.0,0.0,1.0,0.0,0.0,0.0,0.0,73.08
UICS25-315,Urdaneta I Central School,87.4,87.4,87.0,87.6,85.66666666666667,11,1.0,0.0,0.0,0.0,0.0,0.0,0.0,0.0,0.0,0.0,1.0,0.0,0.0,0.0,0.0,1.0,66.82
UICS24-062,Urdaneta I Central School,83.2,82.2,82.4,82.8,82.33333333333333,11,0.0,1.0,0.0,0.0,0.0,1.0,0.0,0.0,0.0,0.0,0.0,1.0,0.0,0.0,0.0,0.0,74.03
UISC25-032,Urdaneta City SPED Center,88.4,87.8,88.8,87.6,90.0,12,0.0,1.0,0.0,0.0,0.0,0.0,0.0,0.0,0.0,0.0,1.0,1.0,0.0,0.0,0.0,0.0,72.08
UICS25-210,Urdaneta I Central School,83.983379502,84.4,83.8,83.4,84.0,11,0.0,1.0,0.0,0.0,0.0,0.0,0.0,0.0,0.0,0.0,1.0,0.0,0.0,1.0,0.0,0.0,66.82
UISC25-073,Urdaneta City SPED Center,92.0,92.8,91.4,91.2,92.33333333333333,11,1.0,0.0,0.0,0.0,0.0,0.0,0.0,0.0,0.0,0.0,1.0,1.0,0.0,0.0,0.0,0.0,72.08
UICS24-063,Urdaneta I Central School,81.6,80.2,80.4,81.2,80.33333333333333,11,0.0,1.0,0.0,0.0,0.0,0.0,0.0,0.0,0.0,0.0,1.0,1.0,0.0,0.0,0.0,0.0,74.03
LANES25-077,Lananpin Elementary School,85.4,85.4,84.8,85.8,85.66666666666667,11,1.0,0.0,0.0,0.0,0.0,1.0,0.0,0.0,0.0,0.0,0.0,1.0,0.0,0.0,0.0,0.0,62.7
BES25-166,Badipa Elementary School,89.6,90.2,89.6,89.6,89.0,11,1.0,0.0,0.0,0.0,0.0,1.0,0.0,0.0,0.0,0.0,0.0,1.0,0.0,0.0,0.0,0.0,80.54
UICS25-324,Urdaneta I Central School,89.8,88.6,88.6,89.4,89.33333333333333,11,1.0,0.0,0.0,0.0,0.0,0.0,0.0,0.0,0.0,0.0,1.0,1.0,0.0,0.0,0.0,0.0,66.82
BES25-142,Badipa Elementary School,83.0,80.0,80.2,80.4,80.66666666666667,11,0.0,1.0,0.0,0.0,0.0,1.0,0.0,0.0,0.0,0.0,0.0,1.0,0.0,0.0,0.0,0.0,80.54
BES25-078,Badipa Elementary School,75.8,75.8,75.6,76.0,75.66666666666667,13,1.0,0.0,0.0,0.0,0.0,1.0,0.0,0.0,0.0,0.0,0.0,1.0,0.0,0.0,0.0,0.0,80.54
UICS25-191,Urdaneta I Central School,81.0,80.0,80.4,82.6,80.0,11,0.0,1.0,0.0,0.0,0.0,0.0,0.0,0.0,0.0,0.0,1.0,1.0,0.0,0.0,0.0,0.0,66.82
UICS25-160,Urdaneta I Central School,78.0,77.8,77.2,78.6,77.33333333333333,11,0.0,1.0,0.0,0.0,0.0,0.0,0.0,0.0,0.0,0.0,1.0,1.0,0.0,0.0,0.0,0.0,66.82
UISC25-089,Urdaneta City SPED Center,91.0,90.6,90.0,90.2,90.0,11,1.0,0.0,0.0,0.0,0.0,1.0,0.0,0.0,0.0,0.0,0.0,1.0,0.0,0.0,0.0,0.0,72.08
NAN25-061,Nancayasan Elementary School,90.4,82.4,84.2,90.4,88.33333333333333,11,0.0,1.0,0.0,0.0,0.0,1.0,0.0,0.0,0.0,0.0,0.0,1.0,0.0,0.0,0.0,0.0,58.64
UICS25-025,Urdaneta I Central School,89.2,87.4,88.0,88.0,88.0,11,0.0,1.0,0.0,0.0,0.0,0.0,0.0,0.0,0.0,0.0,1.0,1.0,0.0,0.0,0.0,0.0,66.82
UICS25-370,Urdaneta I Central School,81.6,80.2,81.2,81.6,79.0,11,0.0,1.0,0.0,0.0,0.0,0.0,0.0,0.0,0.0,0.0,1.0,0.0,0.0,1.0,0.0,0.0,66.82
DAFSIS25-021,Don Alipio Fernandez Sr. Integrated School,82.4,82.4,81.0,82.0,83.33333333333333,11,1.0,0.0,0.0,0.0,0.0,1.0,0.0,0.0,0.0,0.0,0.0,1.0,0.0,0.0,0.0,0.0,73.08
BES25-121,Badipa Elementary School,79.8,79.4,79.8,81.6,79.0,11,1.0,0.0,0.0,0.0,0.0,1.0,0.0,0.0,0.0,0.0,0.0,1.0,0.0,0.0,0.0,0.0,80.54
UICS24-027,Urdaneta I Central School,78.8,78.4,78.4,79.2,80.0,12,0.0,1.0,0.0,0.0,0.0,1.0,0.0,0.0,0.0,0.0,0.0,1.0,0.0,0.0,0.0,0.0,74.03
BES25-114,Badipa Elementary School,82.8,82.4,82.4,82.4,81.0,11,1.0,0.0,0.0,0.0,0.0,1.0,0.0,0.0,0.0,0.0,0.0,1.0,0.0,0.0,0.0,0.0,80.54
LANES25-001,Lananpin Elementary School,79.4,79.0,79.2,79.6,79.0,12,0.0,1.0,0.0,0.0,0.0,1.0,0.0,0.0,0.0,0.0,0.0,1.0,0.0,0.0,0.0,0.0,62.7
DCBMES25-014,Don Clemente Blanco Memorial Elementary School,85.4,83.8,85.8,85.4,85.66666666666667,11,1.0,0.0,0.0,0.0,0.0,1.0,0.0,0.0,0.0,0.0,0.0,1.0,0.0,0.0,0.0,0.0,33.59
LANES25-063,Lananpin Elementary School,88.6,87.8,88.2,87.6,88.33333333333333,11,1.0,0.0,0.0,0.0,0.0,1.0,0.0,0.0,0.0,0.0,0.0,1.0,0.0,0.0,0.0,0.0,62.7
UICS24-005,Urdaneta I Central School,79.6,79.6,79.6,79.6,82.66666666666667,11,0.0,1.0,0.0,0.0,0.0,1.0,0.0,0.0,0.0,0.0,0.0,1.0,0.0,0.0,0.0,0.0,74.03
UICS25-039,Urdaneta I Central School,84.2,85.0,84.6,84.0,86.33333333333333,12,0.0,1.0,0.0,0.0,0.0,0.0,0.0,0.0,0.0,0.0,1.0,1.0,0.0,0.0,0.0,0.0,66.82
UISC25-105,Urdaneta City SPED Center,92.8,93.4,93.0,92.2,92.0,12,1.0,0.0,0.0,0.0,0.0,1.0,0.0,0.0,0.0,0.0,0.0,1.0,0.0,0.0,0.0,0.0,72.08
NAN25-046,Nancayasan Elementary School,88.4,87.0,83.0,83.8,81.66666666666667,13,1.0,0.0,0.0,0.0,0.0,1.0,0.0,0.0,0.0,0.0,0.0,1.0,0.0,0.0,0.0,0.0,58.64
NAN24-012,Nancayasan Elementary School,84.2,83.4,83.8,83.4,83.0,11,0.0,1.0,0.0,0.0,0.0,1.0,0.0,0.0,0.0,0.0,0.0,1.0,0.0,0.0,0.0,0.0,65.57
UISC25-076,Urdaneta City SPED Center,94.0,95.0,94.4,94.8,94.0,12,0.0,1.0,0.0,0.0,0.0,0.0,0.0,0.0,0.0,0.0,1.0,1.0,0.0,0.0,0.0,0.0,72.08
UICS24-034,Urdaneta I Central School,81.4,80.4,80.6,80.8,81.33333333333333,12,0.0,1.0,0.0,0.0,0.0,1.0,0.0,0.0,0.0,0.0,0.0,1.0,0.0,0.0,0.0,0.0,74.03
UICS25-113,Urdaneta I Central School,82.8,82.4,82.2,82.4,81.66666666666667,11,0.0,1.0,0.0,0.0,0.0,0.0,0.0,0.0,0.0,0.0,1.0,1.0,0.0,0.0,0.0,0.0,66.82
BES24-011,Badipa Elementary School,79.4,79.2,79.0,78.8,80.66666666666667,13,1.0,0.0,0.0,0.0,0.0,1.0,0.0,0.0,0.0,0.0,0.0,1.0,0.0,0.0,0.0,0.0,75.7
LANES24-003,Lananpin Elementary School,79.4,79.2,79.8,79.6,78.0,11,0.0,1.0,0.0,0.0,0.0,1.0,0.0,0.0,0.0,0.0,0.0,1.0,0.0,0.0,0.0,0.0,78.31
BES25-207,Badipa Elementary School,81.2,80.2,80.0,81.0,81.66666666666667,11,0.0,1.0,0.0,0.0,0.0,1.0,0.0,0.0,0.0,0.0,0.0,1.0,0.0,0.0,0.0,0.0,80.54
DAPSMECSE25-006,Don Amadeo Perez Sr. Memorial Elementary School - East,85.0,83.6,83.8,85.8,84.66666666666667,12,1.0,0.0,0.0,0.0,0.0,1.0,0.0,0.0,0.0,0.0,0.0,1.0,0.0,0.0,0.0,0.0,75.71
LANES25-088,Lananpin Elementary School,82.8,82.6,83.2,83.8,84.0,11,0.0,1.0,0.0,0.0,0.0,1.0,0.0,0.0,0.0,0.0,0.0,0.0,0.0,1.0,0.0,0.0,62.7
UICS25-258,Urdaneta I Central School,84.4,83.6,83.4,84.6,82.33333333333333,11,1.0,0.0,0.0,0.0,0.0,0.0,0.0,0.0,0.0,0.0,1.0,1.0,0.0,0.0,0.0,0.0,66.82
LANES25-107,Lananpin Elementary School,86.0,85.8,86.8,87.0,86.66666666666667,11,0.0,1.0,0.0,0.0,0.0,1.0,0.0,0.0,0.0,0.0,0.0,1.0,0.0,0.0,0.0,0.0,62.7
DAFSIS25-003,Don Alipio Fernandez Sr. Integrated School,85.6,84.6,85.8,84.0,85.33333333333333,11,0.0,1.0,0.0,0.0,0.0,1.0,0.0,0.0,0.0,0.0,0.0,1.0,0.0,0.0,0.0,0.0,73.08
LANES25-066,Lananpin Elementary School,80.2,79.0,78.8,79.6,79.33333333333333,11,0.0,1.0,0.0,0.0,0.0,1.0,0.0,0.0,0.0,0.0,0.0,1.0,0.0,0.0,0.0,0.0,62.7
BES25-211,Badipa Elementary School,84.2,83.4,83.4,84.6,83.66666666666667,11,0.0,1.0,0.0,0.0,0.0,1.0,0.0,0.0,0.0,0.0,0.0,1.0,0.0,0.0,0.0,0.0,80.54
UICS25-349,Urdaneta I Central School,86.2,86.0,86.2,86.2,86.66666666666667,11,1.0,0.0,0.0,0.0,0.0,0.0,0.0,0.0,0.0,0.0,1.0,1.0,0.0,0.0,0.0,0.0,66.82
LANES25-110,Lananpin Elementary School,84.0,83.4,83.8,83.6,83.33333333333333,12,0.0,1.0,0.0,0.0,0.0,1.0,0.0,0.0,0.0,0.0,0.0,1.0,0.0,0.0,0.0,0.0,62.7
BES24-031,Badipa Elementary School,81.0,79.8,80.0,81.4,77.66666666666667,11,1.0,0.0,0.0,0.0,0.0,1.0,0.0,0.0,0.0,0.0,0.0,1.0,0.0,0.0,0.0,0.0,75.7
LANES25-030,Lananpin Elementary School,89.0,87.4,88.4,87.6,87.0,12,1.0,0.0,0.0,0.0,0.0,0.0,0.0,0.0,0.0,0.0,1.0,1.0,0.0,0.0,0.0,0.0,62.7
BES25-165,Badipa Elementary School,87.8,89.0,87.6,88.0,89.0,11,1.0,0.0,0.0,0.0,0.0,1.0,0.0,0.0,0.0,0.0,0.0,1.0,0.0,0.0,0.0,0.0,80.54
UICS25-064,Urdaneta I Central School,92.2,90.4,90.6,92.2,88.66666666666667,12,1.0,0.0,0.0,0.0,0.0,0.0,0.0,0.0,0.0,0.0,1.0,1.0,0.0,0.0,0.0,0.0,66.82
UISC25-120,Urdaneta City SPED Center,92.0,92.8,91.4,91.6,92.33333333333333,11,1.0,0.0,0.0,0.0,0.0,0.0,0.0,0.0,0.0,0.0,1.0,1.0,0.0,0.0,0.0,0.0,72.08
DAFSIS25-018,Don Alipio Fernandez Sr. Integrated School,84.0,83.4,84.2,83.8,82.0,11,1.0,0.0,0.0,0.0,0.0,1.0,0.0,0.0,0.0,0.0,0.0,1.0,0.0,0.0,0.0,0.0,73.08
LANES25-104,Lananpin Elementary School,87.0,86.0,86.2,86.2,87.33333333333333,11,0.0,1.0,0.0,0.0,0.0,1.0,0.0,0.0,0.0,0.0,0.0,1.0,0.0,0.0,0.0,0.0,62.7
DAFSIS25-043,Don Alipio Fernandez Sr. Integrated School,76.8,76.8,77.0,77.2,78.33333333333333,11,0.0,1.0,0.0,0.0,0.0,1.0,0.0,0.0,0.0,0.0,0.0,1.0,0.0,0.0,0.0,0.0,73.08
UICS25-354,Urdaneta I Central School,81.2,80.2,80.4,80.4,80.66666666666667,11,0.0,1.0,0.0,0.0,0.0,0.0,0.0,0.0,0.0,0.0,1.0,1.0,0.0,0.0,0.0,0.0,66.82
UICS25-288,Urdaneta I Central School,84.2,83.6,84.6,84.4,83.33333333333333,11,0.0,1.0,0.0,0.0,0.0,0.0,0.0,0.0,0.0,0.0,1.0,1.0,0.0,0.0,0.0,0.0,66.82
UICS25-392,Urdaneta I Central School,88.8,88.4,88.6,88.0,88.0,11,1.0,0.0,0.0,0.0,0.0,1.0,0.0,0.0,0.0,0.0,0.0,1.0,0.0,0.0,0.0,0.0,66.82
NAN24-001,Nancayasan Elementary School,87.2,87.2,87.2,87.4,88.66666666666667,11,1.0,0.0,0.0,0.0,0.0,1.0,0.0,0.0,0.0,0.0,0.0,1.0,0.0,0.0,0.0,0.0,65.57
UICS25-205,Urdaneta I Central School,83.783379502,82.0,83.6,82.2,82.33333333333333,12,1.0,0.0,0.0,0.0,0.0,0.0,0.0,0.0,0.0,0.0,1.0,1.0,0.0,0.0,0.0,0.0,66.82
UICS25-269,Urdaneta I Central School,84.2,83.6,83.4,84.0,81.66666666666667,13,0.0,1.0,0.0,0.0,0.0,0.0,0.0,0.0,0.0,0.0,1.0,1.0,0.0,0.0,0.0,0.0,66.82
DAPSMECSE25-033,Don Amadeo Perez Sr. Memorial Elementary School - East,79.2,78.6,78.6,78.8,81.66666666666667,11,0.0,1.0,0.0,0.0,0.0,1.0,0.0,0.0,0.0,0.0,0.0,1.0,0.0,0.0,0.0,0.0,75.71
LANES25-006,Lananpin Elementary School,77.2,76.6,76.4,76.6,78.0,12,1.0,0.0,0.0,0.0,0.0,1.0,0.0,0.0,0.0,0.0,0.0,1.0,0.0,0.0,0.0,0.0,62.7
UICS25-049,Urdaneta I Central School,89.6,89.4,89.6,89.2,88.66666666666667,12,0.0,1.0,0.0,0.0,0.0,0.0,0.0,0.0,0.0,0.0,1.0,0.0,0.0,1.0,0.0,0.0,66.82
UISC25-029,Urdaneta City SPED Center,89.6,88.8,88.8,89.6,88.66666666666667,11,1.0,0.0,0.0,0.0,0.0,0.0,0.0,0.0,0.0,0.0,1.0,1.0,0.0,0.0,0.0,0.0,72.08
NAN25-021,Nancayasan Elementary School,94.2,93.6,94.8,93.2,93.0,11,0.0,1.0,0.0,0.0,0.0,1.0,0.0,0.0,0.0,0.0,0.0,1.0,0.0,0.0,0.0,0.0,58.64
LANES25-087,Lananpin Elementary School,84.0,83.2,83.2,83.6,84.0,11,0.0,1.0,0.0,0.0,0.0,1.0,0.0,0.0,0.0,0.0,0.0,1.0,0.0,0.0,0.0,0.0,62.7
DAFSIS24-003,Don Alipio Fernandez Sr. Integrated School,80.6,80.0,80.0,79.8,81.33333333333333,11,0.0,1.0,0.0,0.0,0.0,1.0,0.0,0.0,0.0,0.0,0.0,1.0,0.0,0.0,0.0,0.0,74.93
LANES25-091,Lananpin Elementary School,83.2,82.0,82.6,83.8,82.33333333333333,11,0.0,1.0,0.0,0.0,0.0,1.0,0.0,0.0,0.0,0.0,0.0,1.0,0.0,0.0,0.0,0.0,62.7
UISC25-106,Urdaneta City SPED Center,90.8,92.4,91.8,90.6,92.66666666666667,12,1.0,0.0,0.0,0.0,0.0,0.0,0.0,0.0,0.0,0.0,1.0,1.0,0.0,0.0,0.0,0.0,72.08
BES25-146,Badipa Elementary School,80.8,80.6,81.0,81.0,82.0,11,0.0,1.0,0.0,0.0,0.0,0.0,0.0,0.0,0.0,0.0,1.0,1.0,0.0,0.0,0.0,0.0,80.54
UICS25-124,Urdaneta I Central School,85.4,83.6,83.6,85.2,83.66666666666667,11,1.0,0.0,0.0,0.0,0.0,1.0,0.0,0.0,0.0,0.0,0.0,1.0,0.0,0.0,0.0,0.0,66.82
UICS25-248,Urdaneta I Central School,80.6,79.8,80.2,80.8,78.66666666666667,11,0.0,1.0,0.0,0.0,0.0,1.0,0.0,0.0,0.0,0.0,0.0,1.0,0.0,0.0,0.0,0.0,66.82
LANES25-098,Lananpin Elementary School,82.0,81.0,81.6,82.4,81.33333333333333,11,1.0,0.0,0.0,0.0,0.0,1.0,0.0,0.0,0.0,0.0,0.0,1.0,0.0,0.0,0.0,0.0,62.7
LANES25-102,Lananpin Elementary School,88.0,87.2,85.8,87.2,88.0,11,1.0,0.0,0.0,0.0,0.0,1.0,0.0,0.0,0.0,0.0,0.0,1.0,0.0,0.0,0.0,0.0,62.7
LANES25-054,Lananpin Elementary School,87.4,87.6,87.6,88.2,88.0,12,1.0,0.0,0.0,0.0,0.0,1.0,0.0,0.0,0.0,0.0,0.0,1.0,0.0,0.0,0.0,0.0,62.7
LANES25-016,Lananpin Elementary School,85.2,84.8,84.4,85.0,86.0,11,0.0,1.0,0.0,0.0,0.0,1.0,0.0,0.0,0.0,0.0,0.0,0.0,1.0,0.0,0.0,0.0,62.7
NAN25-052,Nancayasan Elementary School,80.2,80.4,84.2,89.2,81.33333333333333,12,0.0,1.0,0.0,0.0,0.0,0.0,0.0,0.0,0.0,0.0,1.0,1.0,0.0,0.0,0.0,0.0,58.64
UICS25-108,Urdaneta I Central School,84.2,82.0,83.2,83.6,83.33333333333333,11,1.0,0.0,0.0,0.0,0.0,1.0,0.0,0.0,0.0,0.0,0.0,1.0,0.0,0.0,0.0,0.0,66.82
DAPSMECSE25-017,Don Amadeo Perez Sr. Memorial Elementary School - East,80.2,80.0,79.2,80.0,79.33333333333333,10,0.0,1.0,0.0,0.0,0.0,1.0,0.0,0.0,0.0,0.0,0.0,1.0,0.0,0.0,0.0,0.0,75.71
UICS25-163,Urdaneta I Central School,75.8,75.8,75.6,75.8,75.66666666666667,13,0.0,1.0,0.0,0.0,0.0,1.0,0.0,0.0,0.0,0.0,0.0,1.0,0.0,0.0,0.0,0.0,66.82
UICS25-038,Urdaneta I Central School,86.0,85.8,85.8,86.4,86.33333333333333,12,1.0,0.0,0.0,0.0,0.0,0.0,0.0,0.0,0.0,0.0,1.0,1.0,0.0,0.0,0.0,0.0,66.82
UICS25-247,Urdaneta I Central School,80.6,79.4,80.0,80.6,80.66666666666667,11,0.0,1.0,0.0,0.0,0.0,0.0,0.0,0.0,0.0,0.0,1.0,1.0,0.0,0.0,0.0,0.0,66.82
UICS25-072,Urdaneta I Central School,88.0,87.2,87.0,88.0,88.33333333333333,12,0.0,1.0,0.0,0.0,0.0,0.0,0.0,0.0,0.0,0.0,1.0,0.0,1.0,0.0,0.0,0.0,66.82
DAPSMECSE25-026,Don Amadeo Perez Sr. Memorial Elementary School - East,84.4,83.0,84.2,84.4,85.0,15,1.0,0.0,0.0,0.0,0.0,0.0,0.0,0.0,0.0,0.0,1.0,1.0,0.0,0.0,0.0,0.0,75.71
UICS24-029,Urdaneta I Central School,79.2,78.6,78.6,79.0,80.0,12,1.0,0.0,0.0,0.0,0.0,1.0,0.0,0.0,0.0,0.0,0.0,1.0,0.0,0.0,0.0,0.0,74.03
LANES25-076,Lananpin Elementary School,78.8,77.2,77.4,78.4,78.66666666666667,12,0.0,1.0,0.0,0.0,0.0,0.0,0.0,0.0,0.0,0.0,1.0,0.0,0.0,0.0,0.0,1.0,62.7
UICS24-068,Urdaneta I Central School,82.2,81.4,81.0,81.2,81.0,11,0.0,1.0,0.0,0.0,0.0,0.0,0.0,0.0,0.0,0.0,1.0,1.0,0.0,0.0,0.0,0.0,74.03
LANES25-044,Lananpin Elementary School,89.2,89.0,88.2,89.2,90.33333333333333,11,0.0,1.0,0.0,0.0,0.0,1.0,0.0,0.0,0.0,0.0,0.0,1.0,0.0,0.0,0.0,0.0,62.7
DAFSIS25-045,Don Alipio Fernandez Sr. Integrated School,91.4,88.6,89.6,89.8,90.66666666666667,11,0.0,1.0,0.0,0.0,0.0,1.0,0.0,0.0,0.0,0.0,0.0,0.0,0.0,0.0,0.0,1.0,73.08
UICS25-141,Urdaneta I Central School,82.6,81.6,82.0,82.8,82.66666666666667,12,0.0,1.0,0.0,0.0,0.0,1.0,0.0,0.0,0.0,0.0,0.0,1.0,0.0,0.0,0.0,0.0,66.82
BES24-029,Badipa Elementary School,78.4,79.0,78.0,78.2,78.66666666666667,11,1.0,0.0,0.0,0.0,0.0,1.0,0.0,0.0,0.0,0.0,0.0,1.0,0.0,0.0,0.0,0.0,75.7
BES25-185,Badipa Elementary School,82.0,81.8,81.6,82.4,80.66666666666667,11,1.0,0.0,0.0,0.0,0.0,1.0,0.0,0.0,0.0,0.0,0.0,1.0,0.0,0.0,0.0,0.0,80.54
LANES24-008,Lananpin Elementary School,83.4,82.4,83.0,83.8,85.33333333333333,11,0.0,1.0,0.0,0.0,0.0,1.0,0.0,0.0,0.0,0.0,0.0,1.0,0.0,0.0,0.0,0.0,78.31
BES24-017,Badipa Elementary School,82.4,81.4,82.0,82.2,82.0,11,0.0,1.0,0.0,0.0,0.0,1.0,0.0,0.0,0.0,0.0,0.0,1.0,0.0,0.0,0.0,0.0,75.7
UICS25-104,Urdaneta I Central School,82.0,81.2,80.4,81.4,81.33333333333333,12,1.0,0.0,0.0,0.0,0.0,1.0,0.0,0.0,0.0,0.0,0.0,1.0,0.0,0.0,0.0,0.0,66.82
NAN25-048,Nancayasan Elementary School,82.4,89.0,85.8,88.4,84.0,12,1.0,0.0,0.0,0.0,0.0,0.0,0.0,0.0,0.0,0.0,1.0,1.0,0.0,0.0,0.0,0.0,58.64
LANES25-106,Lananpin Elementary School,85.6,85.4,85.0,85.2,85.66666666666667,11,0.0,1.0,0.0,0.0,0.0,1.0,0.0,0.0,0.0,0.0,0.0,1.0,0.0,0.0,0.0,0.0,62.7
UISC25-068,Urdaneta City SPED Center,92.4,92.8,93.0,91.6,93.0,11,0.0,1.0,0.0,0.0,0.0,0.0,0.0,0.0,0.0,0.0,1.0,1.0,0.0,0.0,0.0,0.0,72.08
UISC25-075,Urdaneta City SPED Center,92.8,92.6,92.6,92.4,93.0,11,1.0,0.0,0.0,0.0,0.0,0.0,0.0,0.0,0.0,0.0,1.0,1.0,0.0,0.0,0.0,0.0,72.08
UICS25-398,Urdaneta I Central School,79.0,78.4,78.2,79.0,78.33333333333333,11,1.0,0.0,0.0,0.0,0.0,0.0,0.0,0.0,0.0,0.0,1.0,0.0,0.0,1.0,0.0,0.0,66.82
NAN25-060,Nancayasan Elementary School,84.2,89.2,85.0,85.4,88.66666666666667,14,0.0,1.0,0.0,0.0,0.0,1.0,0.0,0.0,0.0,0.0,0.0,1.0,0.0,0.0,0.0,0.0,58.64
LANES25-021,Lananpin Elementary School,79.0,78.6,78.8,79.2,78.33333333333333,11,0.0,1.0,0.0,0.0,0.0,1.0,0.0,0.0,0.0,0.0,0.0,1.0,0.0,0.0,0.0,0.0,62.7
DAFSIS25-031,Don Alipio Fernandez Sr. Integrated School,81.4,79.8,79.6,80.8,79.66666666666667,12,0.0,1.0,0.0,0.0,0.0,1.0,0.0,0.0,0.0,0.0,0.0,1.0,0.0,0.0,0.0,0.0,73.08
UICS25-032,Urdaneta I Central School,89.2,87.6,87.6,87.8,85.66666666666667,12,1.0,0.0,0.0,0.0,0.0,0.0,0.0,0.0,0.0,0.0,1.0,1.0,0.0,0.0,0.0,0.0,66.82
NAN25-030,Nancayasan Elementary School,83.4,82.2,82.6,82.6,82.33333333333333,11,0.0,1.0,0.0,0.0,0.0,1.0,0.0,0.0,0.0,0.0,0.0,1.0,0.0,0.0,0.0,0.0,58.64
BES25-044,Badipa Elementary School,84.6,83.8,83.0,85.0,83.66666666666667,12,1.0,0.0,0.0,0.0,0.0,1.0,0.0,0.0,0.0,0.0,0.0,1.0,0.0,0.0,0.0,0.0,80.54
UICS25-241,Urdaneta I Central School,85.8,84.4,84.8,85.8,85.66666666666667,11,1.0,0.0,0.0,0.0,0.0,1.0,0.0,0.0,0.0,0.0,0.0,1.0,0.0,0.0,0.0,0.0,66.82
DAPSMECSE25-003,Don Amadeo Perez Sr. Memorial Elementary School - East,90.2,89.4,90.2,89.4,93.33333333333333,11,0.0,1.0,0.0,0.0,0.0,1.0,0.0,0.0,0.0,0.0,0.0,1.0,0.0,0.0,0.0,0.0,75.71
UICS25-053,Urdaneta I Central School,88.4,87.4,87.2,87.6,87.0,11,1.0,0.0,0.0,0.0,0.0,1.0,0.0,0.0,0.0,0.0,0.0,1.0,0.0,0.0,0.0,0.0,66.82
UISC25-077,Urdaneta City SPED Center,91.6,92.4,90.6,91.8,91.0,11,1.0,0.0,0.0,0.0,0.0,0.0,0.0,0.0,0.0,0.0,1.0,1.0,0.0,0.0,0.0,0.0,72.08
UISC25-061,Urdaneta City SPED Center,92.4,92.2,91.2,92.6,91.66666666666667,12,1.0,0.0,0.0,0.0,0.0,0.0,0.0,0.0,0.0,0.0,1.0,0.0,0.0,1.0,0.0,0.0,72.08
UICS25-002,Urdaneta I Central School,89.2,87.2,86.8,87.0,86.66666666666667,11,1.0,0.0,0.0,0.0,0.0,1.0,0.0,0.0,0.0,0.0,0.0,1.0,0.0,0.0,0.0,0.0,66.82
BES24-019,Badipa Elementary School,85.8,84.4,84.4,84.4,83.33333333333333,11,0.0,1.0,0.0,0.0,0.0,1.0,0.0,0.0,0.0,0.0,0.0,1.0,0.0,0.0,0.0,0.0,75.7
UICS25-231,Urdaneta I Central School,85.583379502,87.0,86.4,85.8,85.0,11,1.0,0.0,0.0,0.0,0.0,1.0,0.0,0.0,0.0,0.0,0.0,1.0,0.0,0.0,0.0,0.0,66.82
LANES25-143,Lananpin Elementary School,85.6,85.2,85.4,85.6,86.0,12,0.0,1.0,0.0,0.0,0.0,1.0,0.0,0.0,0.0,0.0,0.0,1.0,0.0,0.0,0.0,0.0,62.7
UICS25-184,Urdaneta I Central School,83.8,82.4,82.6,83.8,83.0,11,1.0,0.0,0.0,0.0,0.0,1.0,0.0,0.0,0.0,0.0,0.0,0.0,0.0,0.0,0.0,1.0,66.82
UICS25-153,Urdaneta I Central School,79.8,79.6,79.6,80.2,81.33333333333333,11,0.0,1.0,0.0,0.0,0.0,1.0,0.0,0.0,0.0,0.0,0.0,1.0,0.0,0.0,0.0,0.0,66.82
NAN25-005,Nancayasan Elementary School,85.4,84.6,84.0,84.4,83.33333333333333,11,1.0,0.0,0.0,0.0,0.0,1.0,0.0,0.0,0.0,0.0,0.0,1.0,0.0,0.0,0.0,0.0,58.64
BES25-177,Badipa Elementary School,90.0,89.4,89.4,91.2,87.66666666666667,11,1.0,0.0,0.0,0.0,0.0,1.0,0.0,0.0,0.0,0.0,0.0,1.0,0.0,0.0,0.0,0.0,80.54
LANES25-065,Lananpin Elementary School,84.2,82.8,84.8,85.2,81.66666666666667,12,1.0,0.0,0.0,0.0,0.0,1.0,0.0,0.0,0.0,0.0,0.0,0.0,0.0,1.0,0.0,0.0,62.7
UICS25-133,Urdaneta I Central School,80.2,79.2,79.4,79.6,79.33333333333333,11,0.0,1.0,0.0,0.0,0.0,0.0,0.0,0.0,0.0,0.0,1.0,1.0,0.0,0.0,0.0,0.0,66.82
BES25-171,Badipa Elementary School,89.4,89.0,89.8,88.6,90.0,12,1.0,0.0,0.0,0.0,0.0,1.0,0.0,0.0,0.0,0.0,0.0,1.0,0.0,0.0,0.0,0.0,80.54
NAN25-064,Nancayasan Elementary School,83.2,82.0,85.2,89.8,87.0,12,0.0,1.0,0.0,0.0,0.0,1.0,0.0,0.0,0.0,0.0,0.0,1.0,0.0,0.0,0.0,0.0,58.64
UICS25-279,Urdaneta I Central School,88.6,87.8,87.0,88.6,86.0,11,1.0,0.0,0.0,0.0,0.0,1.0,0.0,0.0,0.0,0.0,0.0,0.0,0.0,1.0,0.0,0.0,66.82
BES25-004,Badipa Elementary School,83.8,84.0,83.2,83.8,84.33333333333333,11,0.0,1.0,0.0,0.0,0.0,0.0,0.0,0.0,0.0,0.0,1.0,0.0,0.0,0.0,0.0,1.0,80.54
BES25-141,Badipa Elementary School,77.6,77.2,77.6,78.0,76.33333333333333,11,0.0,1.0,0.0,0.0,0.0,1.0,0.0,0.0,0.0,0.0,0.0,1.0,0.0,0.0,0.0,0.0,80.54
UICS25-055,Urdaneta I Central School,90.8,89.6,89.2,90.0,90.0,11,1.0,0.0,0.0,0.0,0.0,0.0,0.0,0.0,0.0,0.0,1.0,0.0,0.0,1.0,0.0,0.0,66.82
UICS25-272,Urdaneta I Central School,83.6,83.6,82.0,83.0,83.0,11,1.0,0.0,0.0,0.0,0.0,1.0,0.0,0.0,0.0,0.0,0.0,1.0,0.0,0.0,0.0,0.0,66.82
UICS25-383,Urdaneta I Central School,82.6,82.0,82.2,83.0,81.66666666666667,11,1.0,0.0,0.0,0.0,0.0,1.0,0.0,0.0,0.0,0.0,0.0,0.0,0.0,1.0,0.0,0.0,66.82
LANES25-034,Lananpin Elementary School,88.4,87.6,86.2,87.2,86.0,11,1.0,0.0,0.0,0.0,0.0,1.0,0.0,0.0,0.0,0.0,0.0,1.0,0.0,0.0,0.0,0.0,62.7
BES25-045,Badipa Elementary School,80.8,79.6,80.4,80.4,82.33333333333333,12,1.0,0.0,0.0,0.0,0.0,1.0,0.0,0.0,0.0,0.0,0.0,0.0,0.0,1.0,0.0,0.0,80.54
UISC25-031,Urdaneta City SPED Center,90.2,90.4,89.6,88.4,89.0,11,1.0,0.0,0.0,0.0,0.0,0.0,0.0,0.0,0.0,0.0,1.0,1.0,0.0,0.0,0.0,0.0,72.08
UICS25-220,Urdaneta I Central School,87.583379502,86.8,88.0,89.0,87.66666666666667,11,0.0,1.0,0.0,0.0,0.0,0.0,0.0,0.0,0.0,0.0,1.0,1.0,0.0,0.0,0.0,0.0,66.82
LANES25-045,Lananpin Elementary School,84.4,83.6,83.4,84.0,84.66666666666667,11,0.0,1.0,0.0,0.0,0.0,1.0,0.0,0.0,0.0,0.0,0.0,1.0,0.0,0.0,0.0,0.0,62.7
UICS25-178,Urdaneta I Central School,89.2,88.4,88.4,89.4,88.0,11,1.0,0.0,0.0,0.0,0.0,0.0,0.0,0.0,0.0,0.0,1.0,1.0,0.0,0.0,0.0,0.0,66.82
UICS25-169,Urdaneta I Central School,79.2,78.8,79.2,80.6,80.0,12,1.0,0.0,0.0,0.0,0.0,0.0,0.0,0.0,0.0,0.0,1.0,1.0,0.0,0.0,0.0,0.0,66.82
UICS25-196,Urdaneta I Central School,85.8,86.4,85.8,85.4,85.33333333333333,11,1.0,0.0,0.0,0.0,0.0,0.0,0.0,0.0,0.0,0.0,1.0,1.0,0.0,0.0,0.0,0.0,66.82
UICS25-278,Urdaneta I Central School,84.6,83.6,84.8,84.4,83.33333333333333,11,0.0,1.0,0.0,0.0,0.0,1.0,0.0,0.0,0.0,0.0,0.0,1.0,0.0,0.0,0.0,0.0,66.82
BES25-011,Badipa Elementary School,84.4,84.0,83.6,84.0,84.0,11,0.0,1.0,0.0,0.0,0.0,1.0,0.0,0.0,0.0,0.0,0.0,1.0,0.0,0.0,0.0,0.0,80.54
BES25-134,Badipa Elementary School,81.2,79.2,79.8,79.6,79.0,13,0.0,1.0,0.0,0.0,0.0,1.0,0.0,0.0,0.0,0.0,0.0,1.0,0.0,0.0,0.0,0.0,80.54
UICS25-151,Urdaneta I Central School,80.4,80.4,81.2,81.2,81.0,13,1.0,0.0,0.0,0.0,0.0,0.0,0.0,0.0,0.0,0.0,1.0,1.0,0.0,0.0,0.0,0.0,66.82
UICS25-262,Urdaneta I Central School,79.4,78.6,78.6,79.2,79.66666666666667,11,1.0,0.0,0.0,0.0,0.0,0.0,0.0,0.0,0.0,0.0,1.0,1.0,0.0,0.0,0.0,0.0,66.82
BES25-066,Badipa Elementary School,86.6,85.2,85.8,85.4,85.0,11,0.0,1.0,0.0,0.0,0.0,1.0,0.0,0.0,0.0,0.0,0.0,1.0,0.0,0.0,0.0,0.0,80.54
BES25-008,Badipa Elementary School,84.2,83.8,84.2,83.8,84.66666666666667,11,0.0,1.0,0.0,0.0,0.0,1.0,0.0,0.0,0.0,0.0,0.0,1.0,0.0,0.0,0.0,0.0,80.54
UICS25-394,Urdaneta I Central School,86.6,85.6,86.4,86.4,86.33333333333333,11,1.0,0.0,0.0,0.0,0.0,1.0,0.0,0.0,0.0,0.0,0.0,1.0,0.0,0.0,0.0,0.0,66.82
BES25-182,Badipa Elementary School,87.6,87.0,87.6,87.2,87.33333333333333,10,1.0,0.0,0.0,0.0,0.0,1.0,0.0,0.0,0.0,0.0,0.0,1.0,0.0,0.0,0.0,0.0,80.54
UICS24-013,Urdaneta I Central School,85.6,84.6,85.2,85.0,86.0,12,0.0,1.0,0.0,0.0,0.0,1.0,0.0,0.0,0.0,0.0,0.0,1.0,0.0,0.0,0.0,0.0,74.03
UICS25-339,Urdaneta I Central School,86.0,86.0,86.0,86.0,86.0,11,1.0,0.0,0.0,0.0,0.0,1.0,0.0,0.0,0.0,0.0,0.0,1.0,0.0,0.0,0.0,0.0,66.82
UICS25-193,Urdaneta I Central School,86.8,85.2,86.0,86.8,85.66666666666667,11,0.0,1.0,0.0,0.0,0.0,1.0,0.0,0.0,0.0,0.0,0.0,1.0,0.0,0.0,0.0,0.0,66.82
UICS25-254,Urdaneta I Central School,81.4,81.2,80.4,80.6,80.66666666666667,11,0.0,1.0,0.0,0.0,0.0,0.0,0.0,0.0,0.0,0.0,1.0,1.0,0.0,0.0,0.0,0.0,66.82
BES25-091,Badipa Elementary School,75.8,75.8,75.6,75.8,75.33333333333333,13,0.0,1.0,0.0,0.0,0.0,0.0,0.0,0.0,0.0,0.0,1.0,1.0,0.0,0.0,0.0,0.0,80.54
UICS25-299,Urdaneta I Central School,84.2,82.8,82.4,83.8,82.0,11,0.0,1.0,0.0,0.0,0.0,1.0,0.0,0.0,0.0,0.0,0.0,1.0,0.0,0.0,0.0,0.0,66.82
UISC25-053,Urdaneta City SPED Center,94.0,93.2,92.4,93.2,92.33333333333333,11,1.0,0.0,0.0,0.0,0.0,0.0,0.0,0.0,0.0,0.0,1.0,1.0,0.0,0.0,0.0,0.0,72.08
NAN25-022,Nancayasan Elementary School,91.0,90.0,90.2,91.0,91.33333333333333,11,0.0,1.0,0.0,0.0,0.0,1.0,0.0,0.0,0.0,0.0,0.0,0.0,0.0,0.0,0.0,1.0,58.64
LANES25-041,Lananpin Elementary School,85.6,84.0,83.8,85.2,84.33333333333333,13,1.0,0.0,0.0,0.0,0.0,1.0,0.0,0.0,0.0,0.0,0.0,1.0,0.0,0.0,0.0,0.0,62.7
UISC25-113,Urdaneta City SPED Center,92.8,91.0,89.0,91.2,91.33333333333333,11,1.0,0.0,0.0,0.0,0.0,0.0,0.0,0.0,0.0,0.0,1.0,1.0,0.0,0.0,0.0,0.0,72.08
UICS25-361,Urdaneta I Central School,82.4,82.2,82.0,82.2,82.33333333333333,11,0.0,1.0,0.0,0.0,0.0,0.0,0.0,0.0,0.0,0.0,1.0,1.0,0.0,0.0,0.0,0.0,66.82
UICS25-336,Urdaneta I Central School,86.6,85.8,86.2,85.8,85.0,11,0.0,1.0,0.0,0.0,0.0,0.0,0.0,0.0,0.0,0.0,1.0,1.0,0.0,0.0,0.0,0.0,66.82
DAFSIS25-024,Don Alipio Fernandez Sr. Integrated School,87.2,85.6,87.2,86.6,86.0,12,1.0,0.0,0.0,0.0,0.0,1.0,0.0,0.0,0.0,0.0,0.0,1.0,0.0,0.0,0.0,0.0,73.08
UISC24-023,Urdaneta City SPED Center,94.6,93.8,93.0,93.6,94.0,12,1.0,0.0,0.0,0.0,0.0,1.0,0.0,0.0,0.0,0.0,0.0,1.0,0.0,0.0,0.0,0.0,76.93
UISC24-007,Urdaneta City SPED Center,91.2,91.0,90.6,91.2,90.33333333333333,12,1.0,0.0,0.0,0.0,0.0,0.0,0.0,0.0,0.0,0.0,1.0,1.0,0.0,0.0,0.0,0.0,76.93
LANES24-006,Lananpin Elementary School,81.2,81.0,81.6,81.2,81.66666666666667,12,0.0,1.0,0.0,0.0,0.0,1.0,0.0,0.0,0.0,0.0,0.0,1.0,0.0,0.0,0.0,0.0,78.31
DAPSMECSE25-029,Don Amadeo Perez Sr. Memorial Elementary School - East,85.4,84.2,87.4,85.4,86.0,11,0.0,1.0,0.0,0.0,0.0,1.0,0.0,0.0,0.0,0.0,0.0,1.0,0.0,0.0,0.0,0.0,75.71
UICS25-019,Urdaneta I Central School,88.8,88.0,88.8,88.4,87.33333333333333,11,0.0,1.0,0.0,0.0,0.0,1.0,0.0,0.0,0.0,0.0,0.0,1.0,0.0,0.0,0.0,0.0,66.82
UICS25-345,Urdaneta I Central School,89.2,89.0,88.8,89.2,88.66666666666667,11,1.0,0.0,0.0,0.0,0.0,1.0,0.0,0.0,0.0,0.0,0.0,1.0,0.0,0.0,0.0,0.0,66.82
NAN25-065,Nancayasan Elementary School,88.2,84.2,84.2,81.0,84.66666666666667,13,1.0,0.0,0.0,0.0,0.0,0.0,0.0,0.0,0.0,0.0,1.0,1.0,0.0,0.0,0.0,0.0,58.64
UICS25-384,Urdaneta I Central School,86.2,85.4,85.6,86.0,85.33333333333333,11,1.0,0.0,0.0,0.0,0.0,0.0,0.0,0.0,0.0,0.0,1.0,1.0,0.0,0.0,0.0,0.0,66.82
UISC25-027,Urdaneta City SPED Center,87.6,88.0,87.6,88.4,89.0,11,1.0,0.0,0.0,0.0,0.0,0.0,0.0,0.0,0.0,0.0,1.0,0.0,0.0,0.0,1.0,0.0,72.08
DCBMES25-001,Don Clemente Blanco Memorial Elementary School,87.6,85.4,85.0,87.0,87.66666666666667,12,0.0,1.0,0.0,0.0,0.0,1.0,0.0,0.0,0.0,0.0,0.0,1.0,0.0,0.0,0.0,0.0,33.59
BES24-027,Badipa Elementary School,81.2,79.8,80.0,81.2,81.33333333333333,12,0.0,1.0,0.0,0.0,0.0,1.0,0.0,0.0,0.0,0.0,0.0,1.0,0.0,0.0,0.0,0.0,75.7
BES25-174,Badipa Elementary School,93.0,92.0,92.2,91.0,90.66666666666667,11,1.0,0.0,0.0,0.0,0.0,1.0,0.0,0.0,0.0,0.0,0.0,1.0,0.0,0.0,0.0,0.0,80.54
BES25-209,Badipa Elementary School,81.2,80.8,80.8,81.2,81.0,11,0.0,1.0,0.0,0.0,0.0,1.0,0.0,0.0,0.0,0.0,0.0,1.0,0.0,0.0,0.0,0.0,80.54
LANES25-100,Lananpin Elementary School,90.0,89.2,89.8,89.6,90.33333333333333,12,1.0,0.0,0.0,0.0,0.0,1.0,0.0,0.0,0.0,0.0,0.0,1.0,0.0,0.0,0.0,0.0,62.7
LANES25-116,Lananpin Elementary School,84.2,82.0,84.6,83.6,83.0,11,1.0,0.0,0.0,0.0,0.0,1.0,0.0,0.0,0.0,0.0,0.0,1.0,0.0,0.0,0.0,0.0,62.7
BES25-082,Badipa Elementary School,82.4,81.8,81.4,82.6,82.33333333333333,11,1.0,0.0,0.0,0.0,0.0,1.0,0.0,0.0,0.0,0.0,0.0,1.0,0.0,0.0,0.0,0.0,80.54
BES25-132,Badipa Elementary School,79.4,80.0,79.6,79.8,79.33333333333333,11,0.0,1.0,0.0,0.0,0.0,1.0,0.0,0.0,0.0,0.0,0.0,1.0,0.0,0.0,0.0,0.0,80.54
LANES25-019,Lananpin Elementary School,81.2,80.4,79.8,81.0,80.33333333333333,12,0.0,1.0,0.0,0.0,0.0,1.0,0.0,0.0,0.0,0.0,0.0,1.0,0.0,0.0,0.0,0.0,62.7
UISC25-015,Urdaneta City SPED Center,88.2,88.6,87.4,88.0,89.66666666666667,11,1.0,0.0,0.0,0.0,0.0,0.0,0.0,0.0,0.0,0.0,1.0,0.0,0.0,1.0,0.0,0.0,72.08
DCBMES25-019,Don Clemente Blanco Memorial Elementary School,88.0,87.0,88.4,89.0,88.33333333333333,11,1.0,0.0,0.0,0.0,0.0,1.0,0.0,0.0,0.0,0.0,0.0,1.0,0.0,0.0,0.0,0.0,33.59
LANES25-078,Lananpin Elementary School,81.8,80.6,81.4,81.4,81.33333333333333,11,1.0,0.0,0.0,0.0,0.0,1.0,0.0,0.0,0.0,0.0,0.0,1.0,0.0,0.0,0.0,0.0,62.7
DCBMES25-008,Don Clemente Blanco Memorial Elementary School,83.0,82.0,82.2,84.2,83.0,11,0.0,1.0,0.0,0.0,0.0,1.0,0.0,0.0,0.0,0.0,0.0,1.0,0.0,0.0,0.0,0.0,33.59
DAPSMECSE25-022,Don Amadeo Perez Sr. Memorial Elementary School - East,78.8,77.2,78.8,78.4,80.0,11,0.0,1.0,0.0,0.0,0.0,1.0,0.0,0.0,0.0,0.0,0.0,1.0,0.0,0.0,0.0,0.0,75.71
UICS25-171,Urdaneta I Central School,83.4,82.4,81.8,83.2,81.66666666666667,13,0.0,1.0,0.0,0.0,0.0,0.0,0.0,0.0,0.0,0.0,1.0,1.0,0.0,0.0,0.0,0.0,66.82
UICS25-341,Urdaneta I Central School,87.2,85.4,86.6,86.8,87.66666666666667,12,1.0,0.0,0.0,0.0,0.0,0.0,0.0,0.0,0.0,0.0,1.0,1.0,0.0,0.0,0.0,0.0,66.82
BES25-173,Badipa Elementary School,89.8,88.4,90.6,88.4,89.66666666666667,11,1.0,0.0,0.0,0.0,0.0,1.0,0.0,0.0,0.0,0.0,0.0,1.0,0.0,0.0,0.0,0.0,80.54
BES24-034,Badipa Elementary School,81.6,81.2,81.0,81.6,81.66666666666667,11,1.0,0.0,0.0,0.0,0.0,1.0,0.0,0.0,0.0,0.0,0.0,1.0,0.0,0.0,0.0,0.0,75.7
DAPSMECSE25-031,Don Amadeo Perez Sr. Memorial Elementary School - East,84.2,83.2,82.2,83.4,81.66666666666667,11,0.0,1.0,0.0,0.0,0.0,0.0,0.0,0.0,0.0,1.0,0.0,1.0,0.0,0.0,0.0,0.0,75.71
UICS24-045,Urdaneta I Central School,84.8,84.4,83.8,83.8,84.66666666666667,12,0.0,1.0,0.0,0.0,0.0,1.0,0.0,0.0,0.0,0.0,0.0,1.0,0.0,0.0,0.0,0.0,74.03
DAFSIS25-011,Don Alipio Fernandez Sr. Integrated School,89.8,88.6,89.6,89.4,90.66666666666667,11,0.0,1.0,0.0,0.0,0.0,1.0,0.0,0.0,0.0,0.0,0.0,1.0,0.0,0.0,0.0,0.0,73.08
UICS25-186,Urdaneta I Central School,86.8,85.0,85.2,85.4,83.0,11,1.0,0.0,0.0,0.0,0.0,0.0,0.0,0.0,0.0,0.0,1.0,1.0,0.0,0.0,0.0,0.0,66.82
UISC25-110,Urdaneta City SPED Center,90.0,89.2,89.0,89.8,88.33333333333333,12,0.0,1.0,0.0,0.0,0.0,0.0,0.0,0.0,0.0,0.0,1.0,1.0,0.0,0.0,0.0,0.0,72.08
DAPSMECSE25-007,Don Amadeo Perez Sr. Memorial Elementary School - East,86.0,83.8,84.0,85.6,85.0,11,1.0,0.0,0.0,0.0,0.0,1.0,0.0,0.0,0.0,0.0,0.0,1.0,0.0,0.0,0.0,0.0,75.71
NAN24-019,Nancayasan Elementary School,88.2,86.8,86.2,87.6,87.33333333333333,11,0.0,1.0,0.0,0.0,0.0,1.0,0.0,0.0,0.0,0.0,0.0,0.0,0.0,0.0,0.0,1.0,65.57
UICS24-008,Urdaneta I Central School,90.6,89.8,90.0,90.0,90.0,12,1.0,0.0,0.0,0.0,0.0,1.0,0.0,0.0,0.0,0.0,0.0,1.0,0.0,0.0,0.0,0.0,74.03
BES25-085,Badipa Elementary School,81.4,80.8,81.0,81.2,81.66666666666667,12,0.0,1.0,0.0,0.0,0.0,1.0,0.0,0.0,0.0,0.0,0.0,1.0,0.0,0.0,0.0,0.0,80.54
DAPSMECSE25-034,Don Amadeo Perez Sr. Memorial Elementary School - East,76.6,76.0,76.2,76.4,77.0,11,0.0,1.0,0.0,0.0,0.0,1.0,0.0,0.0,0.0,0.0,0.0,1.0,0.0,0.0,0.0,0.0,75.71
UICS25-281,Urdaneta I Central School,89.8,89.4,89.0,88.8,88.33333333333333,12,1.0,0.0,0.0,0.0,0.0,1.0,0.0,0.0,0.0,0.0,0.0,1.0,0.0,0.0,0.0,0.0,66.82
UICS25-274,Urdaneta I Central School,82.0,81.0,80.8,82.0,83.33333333333333,12,0.0,1.0,0.0,0.0,0.0,0.0,0.0,0.0,0.0,1.0,0.0,1.0,0.0,0.0,0.0,0.0,66.82
UICS24-066,Urdaneta I Central School,84.2,82.8,82.8,83.2,84.0,11,1.0,0.0,0.0,0.0,0.0,0.0,0.0,0.0,0.0,0.0,1.0,1.0,0.0,0.0,0.0,0.0,74.03
UICS25-146,Urdaneta I Central School,81.0,80.6,80.8,81.0,79.33333333333333,11,0.0,1.0,0.0,0.0,0.0,0.0,0.0,0.0,0.0,0.0,1.0,1.0,0.0,0.0,0.0,0.0,66.82
DAPSMECSE25-030,Don Amadeo Perez Sr. Memorial Elementary School - East,81.4,80.8,83.2,82.6,83.0,12,0.0,1.0,0.0,0.0,0.0,1.0,0.0,0.0,0.0,0.0,0.0,1.0,0.0,0.0,0.0,0.0,75.71
UICS25-150,Urdaneta I Central School,80.0,79.4,78.6,79.4,79.0,11,1.0,0.0,0.0,0.0,0.0,0.0,0.0,0.0,0.0,0.0,1.0,1.0,0.0,0.0,0.0,0.0,66.82
UISC25-104,Urdaneta City SPED Center,86.8,88.0,86.2,86.6,87.0,11,1.0,0.0,0.0,0.0,0.0,0.0,0.0,0.0,0.0,0.0,1.0,1.0,0.0,0.0,0.0,0.0,72.08
UICS25-371,Urdaneta I Central School,85.6,85.0,84.8,85.6,83.66666666666667,11,1.0,0.0,0.0,0.0,0.0,0.0,0.0,0.0,0.0,0.0,1.0,1.0,0.0,0.0,0.0,0.0,66.82
BES25-187,Badipa Elementary School,84.0,82.8,84.0,85.2,82.66666666666667,11,1.0,0.0,0.0,0.0,0.0,1.0,0.0,0.0,0.0,0.0,0.0,1.0,0.0,0.0,0.0,0.0,80.54
BES25-197,Badipa Elementary School,85.0,83.8,85.0,84.8,84.0,11,1.0,0.0,0.0,0.0,0.0,1.0,0.0,0.0,0.0,0.0,0.0,1.0,0.0,0.0,0.0,0.0,80.54
DAFSIS25-030,Don Alipio Fernandez Sr. Integrated School,86.6,85.2,84.4,85.2,85.66666666666667,12,0.0,1.0,0.0,0.0,0.0,1.0,0.0,0.0,0.0,0.0,0.0,1.0,0.0,0.0,0.0,0.0,73.08
BES25-123,Badipa Elementary School,79.2,77.8,79.4,79.8,78.0,11,0.0,1.0,0.0,0.0,0.0,1.0,0.0,0.0,0.0,0.0,0.0,1.0,0.0,0.0,0.0,0.0,80.54
UICS25-244,Urdaneta I Central School,82.0,81.2,81.4,81.4,80.66666666666667,11,1.0,0.0,0.0,0.0,0.0,1.0,0.0,0.0,0.0,0.0,0.0,1.0,0.0,0.0,0.0,0.0,66.82
UICS25-317,Urdaneta I Central School,89.8,88.8,89.2,89.4,88.33333333333333,11,1.0,0.0,0.0,0.0,0.0,0.0,0.0,0.0,0.0,0.0,1.0,0.0,0.0,0.0,1.0,0.0,66.82
BES25-010,Badipa Elementary School,87.0,86.4,86.4,86.8,87.33333333333333,11,1.0,0.0,0.0,0.0,0.0,1.0,0.0,0.0,0.0,0.0,0.0,1.0,0.0,0.0,0.0,0.0,80.54
UICS24-024,Urdaneta I Central School,81.4,80.8,80.8,81.0,81.33333333333333,11,1.0,0.0,0.0,0.0,0.0,1.0,0.0,0.0,0.0,0.0,0.0,1.0,0.0,0.0,0.0,0.0,74.03
UISC25-080,Urdaneta City SPED Center,89.2,89.6,87.4,88.2,90.0,11,0.0,1.0,0.0,0.0,0.0,0.0,0.0,0.0,0.0,0.0,1.0,0.0,1.0,0.0,0.0,0.0,72.08
UISC25-034,Urdaneta City SPED Center,91.8,90.6,90.2,91.2,91.0,11,1.0,0.0,0.0,0.0,0.0,0.0,0.0,0.0,0.0,0.0,1.0,1.0,0.0,0.0,0.0,0.0,72.08
BES25-041,Badipa Elementary School,84.2,83.0,84.4,86.6,85.0,11,1.0,0.0,0.0,0.0,0.0,1.0,0.0,0.0,0.0,0.0,0.0,1.0,0.0,0.0,0.0,0.0,80.54
BES24-040,Badipa Elementary School,93.0,92.4,92.4,91.0,91.66666666666667,11,0.0,1.0,0.0,0.0,0.0,1.0,0.0,0.0,0.0,0.0,0.0,1.0,0.0,0.0,0.0,0.0,75.7
UISC25-025,Urdaneta City SPED Center,91.8,92.4,90.8,90.8,90.33333333333333,12,1.0,0.0,0.0,1.0,0.0,0.0,0.0,0.0,0.0,0.0,0.0,1.0,0.0,0.0,0.0,0.0,72.08
UICS25-346,Urdaneta I Central School,92.2,93.2,92.6,92.0,91.0,11,1.0,0.0,0.0,0.0,0.0,0.0,0.0,0.0,0.0,0.0,1.0,1.0,0.0,0.0,0.0,0.0,66.82
UICS25-216,Urdaneta I Central School,83.583379502,84.2,83.2,83.0,82.0,11,1.0,0.0,0.0,0.0,0.0,0.0,0.0,0.0,0.0,0.0,1.0,1.0,0.0,0.0,0.0,0.0,66.82
UISC25-058,Urdaneta City SPED Center,93.8,94.8,93.8,93.8,95.33333333333333,11,1.0,0.0,0.0,0.0,0.0,0.0,0.0,0.0,0.0,0.0,1.0,1.0,0.0,0.0,0.0,0.0,72.08
NAN24-005,Nancayasan Elementary School,86.8,86.2,85.4,86.4,87.0,12,1.0,0.0,0.0,0.0,0.0,0.0,0.0,0.0,0.0,0.0,1.0,1.0,0.0,0.0,0.0,0.0,65.57
DAPSMECSE24-002,Don Amadeo Perez Sr. Memorial Elementary School - East,83.0,81.4,81.4,83.0,83.66666666666667,12,0.0,1.0,0.0,0.0,0.0,1.0,0.0,0.0,0.0,0.0,0.0,1.0,0.0,0.0,0.0,0.0,78.17
UICS25-148,Urdaneta I Central School,80.2,79.2,79.4,80.2,79.33333333333333,11,0.0,1.0,0.0,0.0,0.0,0.0,0.0,0.0,0.0,0.0,1.0,1.0,0.0,0.0,0.0,0.0,66.82
BES25-065,Badipa Elementary School,85.8,85.2,86.0,85.2,84.0,11,0.0,1.0,0.0,0.0,0.0,1.0,0.0,0.0,0.0,0.0,0.0,1.0,0.0,0.0,0.0,0.0,80.54
NAN24-020,Nancayasan Elementary School,87.0,85.6,86.4,85.8,83.66666666666667,12,0.0,1.0,0.0,0.0,0.0,1.0,0.0,0.0,0.0,0.0,0.0,1.0,0.0,0.0,0.0,0.0,65.57
UICS25-333,Urdaneta I Central School,88.4,89.2,88.2,89.0,89.66666666666667,11,0.0,1.0,0.0,0.0,0.0,0.0,0.0,0.0,0.0,0.0,1.0,0.0,0.0,1.0,0.0,0.0,66.82
UICS25-130,Urdaneta I Central School,87.6,86.0,87.0,87.4,85.66666666666667,11,1.0,0.0,0.0,0.0,0.0,1.0,0.0,0.0,0.0,0.0,0.0,1.0,0.0,0.0,0.0,0.0,66.82
UICS25-031,Urdaneta I Central School,82.4,82.0,82.2,82.4,86.0,11,0.0,1.0,0.0,0.0,0.0,1.0,0.0,0.0,0.0,0.0,0.0,1.0,0.0,0.0,0.0,0.0,66.82
UICS25-041,Urdaneta I Central School,90.0,88.8,89.0,90.6,87.33333333333333,11,1.0,0.0,0.0,0.0,0.0,0.0,0.0,0.0,0.0,0.0,1.0,1.0,0.0,0.0,0.0,0.0,66.82
BES25-205,Badipa Elementary School,79.4,78.6,78.8,79.6,79.66666666666667,12,0.0,1.0,0.0,0.0,0.0,1.0,0.0,0.0,0.0,0.0,0.0,1.0,0.0,0.0,0.0,0.0,80.54
NAN24-006,Nancayasan Elementary School,88.4,86.8,87.2,88.0,87.0,11,0.0,1.0,0.0,0.0,0.0,1.0,0.0,0.0,0.0,0.0,0.0,1.0,0.0,0.0,0.0,0.0,65.57
NAN25-037,Nancayasan Elementary School,85.2,83.8,83.4,84.2,87.33333333333333,11,0.0,1.0,0.0,0.0,0.0,1.0,0.0,0.0,0.0,0.0,0.0,1.0,0.0,0.0,0.0,0.0,58.64
UICS25-377,Urdaneta I Central School,79.0,78.4,78.8,80.2,79.66666666666667,11,0.0,1.0,0.0,0.0,0.0,0.0,0.0,0.0,0.0,0.0,1.0,1.0,0.0,0.0,0.0,0.0,66.82
LANES25-071,Lananpin Elementary School,83.2,82.8,83.0,83.2,82.33333333333333,11,0.0,1.0,0.0,0.0,0.0,1.0,0.0,0.0,0.0,0.0,0.0,1.0,0.0,0.0,0.0,0.0,62.7
UICS25-243,Urdaneta I Central School,81.0,80.0,80.6,82.0,81.0,11,1.0,0.0,0.0,0.0,0.0,0.0,0.0,0.0,0.0,0.0,1.0,1.0,0.0,0.0,0.0,0.0,66.82
UICS25-350,Urdaneta I Central School,86.8,85.8,85.8,86.6,83.33333333333333,12,0.0,1.0,0.0,0.0,0.0,1.0,0.0,0.0,0.0,0.0,0.0,1.0,0.0,0.0,0.0,0.0,66.82
UISC25-013,Urdaneta City SPED Center,90.2,89.4,89.0,90.2,90.0,11,1.0,0.0,0.0,0.0,0.0,0.0,0.0,0.0,0.0,0.0,1.0,1.0,0.0,0.0,0.0,0.0,72.08
UISC25-047,Urdaneta City SPED Center,92.2,92.0,91.8,92.0,92.33333333333333,12,0.0,1.0,0.0,0.0,0.0,0.0,0.0,0.0,0.0,0.0,1.0,1.0,0.0,0.0,0.0,0.0,72.08
UICS25-360,Urdaneta I Central School,81.4,81.0,80.8,81.4,80.66666666666667,11,0.0,1.0,0.0,0.0,0.0,0.0,0.0,0.0,0.0,0.0,1.0,0.0,0.0,1.0,0.0,0.0,66.82
LANES25-125,Lananpin Elementary School,84.4,83.4,83.2,83.8,84.66666666666667,11,1.0,0.0,0.0,0.0,0.0,1.0,0.0,0.0,0.0,0.0,0.0,1.0,0.0,0.0,0.0,0.0,62.7
DAFSIS25-001,Don Alipio Fernandez Sr. Integrated School,83.6,81.4,84.4,83.6,82.33333333333333,11,0.0,1.0,0.0,0.0,0.0,1.0,0.0,0.0,0.0,0.0,0.0,1.0,0.0,0.0,0.0,0.0,73.08
UICS25-259,Urdaneta I Central School,81.8,80.4,81.6,81.6,79.33333333333333,11,0.0,1.0,0.0,0.0,0.0,1.0,0.0,0.0,0.0,0.0,0.0,1.0,0.0,0.0,0.0,0.0,66.82
BES24-020,Badipa Elementary School,86.8,86.2,86.0,87.0,86.33333333333333,11,0.0,1.0,0.0,0.0,0.0,0.0,0.0,0.0,0.0,0.0,1.0,1.0,0.0,0.0,0.0,0.0,75.7
DAFSIS25-038,Don Alipio Fernandez Sr. Integrated School,77.2,77.2,77.4,77.8,78.66666666666667,11,0.0,1.0,0.0,0.0,0.0,1.0,0.0,0.0,0.0,0.0,0.0,1.0,0.0,0.0,0.0,0.0,73.08
BES25-184,Badipa Elementary School,82.0,81.4,81.4,81.0,82.33333333333333,11,1.0,0.0,0.0,0.0,0.0,1.0,0.0,0.0,0.0,0.0,0.0,0.0,0.0,0.0,0.0,1.0,80.54
UISC25-002,Urdaneta City SPED Center,87.2,86.8,86.2,86.4,87.33333333333333,12,1.0,0.0,0.0,0.0,0.0,1.0,0.0,0.0,0.0,0.0,0.0,1.0,0.0,0.0,0.0,0.0,72.08
LANES25-115,Lananpin Elementary School,84.4,81.4,83.0,85.2,83.0,10,1.0,0.0,0.0,0.0,0.0,1.0,0.0,0.0,0.0,0.0,0.0,1.0,0.0,0.0,0.0,0.0,62.7
UISC25-052,Urdaneta City SPED Center,94.2,94.4,94.0,93.4,93.0,11,0.0,1.0,0.0,0.0,0.0,0.0,0.0,0.0,0.0,0.0,1.0,1.0,0.0,0.0,0.0,0.0,72.08
UICS25-338,Urdaneta I Central School,89.8,88.8,89.0,89.0,89.33333333333333,11,1.0,0.0,0.0,0.0,0.0,0.0,0.0,0.0,0.0,0.0,1.0,1.0,0.0,0.0,0.0,0.0,66.82
LANES25-084,Lananpin Elementary School,85.4,84.6,85.0,85.0,86.0,13,0.0,1.0,0.0,0.0,0.0,0.0,0.0,0.0,0.0,0.0,1.0,0.0,0.0,0.0,0.0,1.0,62.7
BES25-167,Badipa Elementary School,83.6,82.6,83.4,82.4,85.33333333333333,11,1.0,0.0,0.0,0.0,0.0,1.0,0.0,0.0,0.0,0.0,0.0,1.0,0.0,0.0,0.0,0.0,80.54
UICS24-009,Urdaneta I Central School,86.6,85.6,85.6,85.6,86.33333333333333,12,1.0,0.0,0.0,0.0,0.0,1.0,0.0,0.0,0.0,0.0,0.0,1.0,0.0,0.0,0.0,0.0,74.03
BES25-136,Badipa Elementary School,78.6,77.6,78.4,78.6,78.66666666666667,11,0.0,1.0,0.0,0.0,0.0,1.0,0.0,0.0,0.0,0.0,0.0,1.0,0.0,0.0,0.0,0.0,80.54
BES25-097,Badipa Elementary School,77.2,76.8,77.0,77.4,76.0,11,0.0,1.0,0.0,0.0,0.0,1.0,0.0,0.0,0.0,0.0,0.0,1.0,0.0,0.0,0.0,0.0,80.54
UISC25-057,Urdaneta City SPED Center,93.0,92.6,91.6,92.2,91.66666666666667,12,1.0,0.0,0.0,0.0,0.0,0.0,0.0,0.0,0.0,0.0,1.0,1.0,0.0,0.0,0.0,0.0,72.08
LANES25-048,Lananpin Elementary School,79.0,78.2,77.4,80.2,77.66666666666667,11,1.0,0.0,0.0,0.0,0.0,1.0,0.0,0.0,0.0,0.0,0.0,1.0,0.0,0.0,0.0,0.0,62.7
DAPSMECSE25-002,Don Amadeo Perez Sr. Memorial Elementary School - East,81.6,80.8,80.8,81.8,83.33333333333333,11,1.0,0.0,0.0,0.0,0.0,1.0,0.0,0.0,0.0,0.0,0.0,1.0,0.0,0.0,0.0,0.0,75.71
BES25-109,Badipa Elementary School,81.6,80.6,81.8,82.6,81.33333333333333,11,1.0,0.0,0.0,0.0,0.0,1.0,0.0,0.0,0.0,0.0,0.0,1.0,0.0,0.0,0.0,0.0,80.54
UICS25-222,Urdaneta I Central School,85.18337950200001,86.0,85.0,84.0,83.33333333333333,12,1.0,0.0,0.0,0.0,0.0,0.0,0.0,0.0,0.0,1.0,0.0,1.0,0.0,0.0,0.0,0.0,66.82
UISC25-043,Urdaneta City SPED Center,92.6,92.6,91.6,92.4,92.0,11,1.0,0.0,0.0,0.0,0.0,0.0,0.0,0.0,0.0,0.0,1.0,1.0,0.0,0.0,0.0,0.0,72.08
UICS24-053,Urdaneta I Central School,78.2,77.8,78.8,79.0,79.0,11,0.0,1.0,0.0,0.0,0.0,1.0,0.0,0.0,0.0,0.0,0.0,1.0,0.0,0.0,0.0,0.0,74.03
DCBMES25-011,Don Clemente Blanco Memorial Elementary School,78.8,77.8,78.2,77.8,80.33333333333333,11,1.0,0.0,0.0,0.0,0.0,1.0,0.0,0.0,0.0,0.0,0.0,1.0,0.0,0.0,0.0,0.0,33.59
UICS24-003,Urdaneta I Central School,84.6,84.4,84.0,85.4,86.0,12,0.0,1.0,0.0,0.0,0.0,1.0,0.0,0.0,0.0,0.0,0.0,0.0,0.0,1.0,0.0,0.0,74.03
LANES25-093,Lananpin Elementary School,83.0,80.4,79.8,81.6,82.66666666666667,11,0.0,1.0,0.0,0.0,0.0,1.0,0.0,0.0,0.0,0.0,0.0,0.0,0.0,0.0,0.0,1.0,62.7
UICS25-386,Urdaneta I Central School,85.2,84.2,84.4,84.8,82.0,11,1.0,0.0,0.0,0.0,0.0,1.0,0.0,0.0,0.0,0.0,0.0,1.0,0.0,0.0,0.0,0.0,66.82
LANES25-038,Lananpin Elementary School,90.6,90.0,89.8,91.2,89.66666666666667,11,1.0,0.0,0.0,0.0,0.0,0.0,0.0,0.0,0.0,0.0,1.0,1.0,0.0,0.0,0.0,0.0,62.7
UISC25-022,Urdaneta City SPED Center,88.4,86.8,86.6,87.8,87.0,11,1.0,0.0,0.0,0.0,0.0,0.0,0.0,0.0,0.0,0.0,1.0,0.0,0.0,0.0,1.0,0.0,72.08
DCBMES25-015,Don Clemente Blanco Memorial Elementary School,87.6,87.8,87.2,87.8,86.66666666666667,11,1.0,0.0,0.0,0.0,0.0,1.0,0.0,0.0,0.0,0.0,0.0,1.0,0.0,0.0,0.0,0.0,33.59
DAFSIS25-041,Don Alipio Fernandez Sr. Integrated School,80.0,79.2,79.4,79.6,78.33333333333333,12,0.0,1.0,0.0,0.0,0.0,1.0,0.0,0.0,0.0,0.0,0.0,1.0,0.0,0.0,0.0,0.0,73.08
UICS25-347,Urdaneta I Central School,85.8,85.4,87.2,86.2,85.66666666666667,12,1.0,0.0,0.0,0.0,0.0,1.0,0.0,0.0,0.0,0.0,0.0,1.0,0.0,0.0,0.0,0.0,66.82
DAFSIS25-047,Don Alipio Fernandez Sr. Integrated School,91.0,89.8,89.4,90.8,91.33333333333333,11,1.0,0.0,0.0,0.0,0.0,1.0,0.0,0.0,0.0,0.0,0.0,1.0,0.0,0.0,0.0,0.0,73.08
BES25-175,Badipa Elementary School,90.8,90.6,90.4,90.0,90.0,11,1.0,0.0,0.0,0.0,0.0,1.0,0.0,0.0,0.0,0.0,0.0,1.0,0.0,0.0,0.0,0.0,80.54
LANES25-130,Lananpin Elementary School,83.6,83.0,83.0,83.6,85.33333333333333,11,0.0,1.0,0.0,0.0,0.0,1.0,0.0,0.0,0.0,0.0,0.0,0.0,1.0,0.0,0.0,0.0,62.7
BES25-178,Badipa Elementary School,84.2,82.4,83.4,82.8,84.0,12,1.0,0.0,0.0,0.0,0.0,0.0,0.0,0.0,0.0,0.0,1.0,1.0,0.0,0.0,0.0,0.0,80.54
BES25-029,Badipa Elementary School,86.6,84.8,85.2,85.6,83.66666666666667,12,1.0,0.0,0.0,0.0,0.0,1.0,0.0,0.0,0.0,0.0,0.0,1.0,0.0,0.0,0.0,0.0,80.54
UICS25-048,Urdaneta I Central School,88.4,86.2,86.4,88.0,85.66666666666667,11,0.0,1.0,0.0,0.0,0.0,0.0,0.0,0.0,0.0,0.0,1.0,0.0,1.0,0.0,0.0,0.0,66.82
UICS25-251,Urdaneta I Central School,81.0,79.8,79.8,80.4,79.33333333333333,11,0.0,1.0,0.0,0.0,0.0,1.0,0.0,0.0,0.0,0.0,0.0,1.0,0.0,0.0,0.0,0.0,66.82
NAN25-027,Nancayasan Elementary School,83.4,83.0,82.0,83.6,85.0,11,0.0,1.0,0.0,0.0,0.0,1.0,0.0,0.0,0.0,0.0,0.0,1.0,0.0,0.0,0.0,0.0,58.64
LANES25-073,Lananpin Elementary School,81.4,80.4,81.6,81.0,80.33333333333333,11,0.0,1.0,0.0,0.0,0.0,1.0,0.0,0.0,0.0,0.0,0.0,1.0,0.0,0.0,0.0,0.0,62.7
UICS25-107,Urdaneta I Central School,81.6,80.6,81.8,81.8,78.66666666666667,14,1.0,0.0,0.0,0.0,0.0,1.0,0.0,0.0,0.0,0.0,0.0,0.0,0.0,1.0,0.0,0.0,66.82
BES24-024,Badipa Elementary School,88.2,87.0,87.2,87.8,87.0,11,1.0,0.0,0.0,0.0,0.0,1.0,0.0,0.0,0.0,0.0,0.0,1.0,0.0,0.0,0.0,0.0,75.7
BES25-071,Badipa Elementary School,82.4,80.6,80.4,82.6,81.66666666666667,11,1.0,0.0,0.0,0.0,0.0,1.0,0.0,0.0,0.0,0.0,0.0,1.0,0.0,0.0,0.0,0.0,80.54
UICS25-168,Urdaneta I Central School,82.6,82.4,80.8,82.0,81.33333333333333,11,1.0,0.0,0.0,0.0,0.0,0.0,0.0,0.0,0.0,0.0,1.0,1.0,0.0,0.0,0.0,0.0,66.82
DAFSIS25-002,Don Alipio Fernandez Sr. Integrated School,82.2,81.8,82.0,82.0,82.0,11,0.0,1.0,0.0,0.0,0.0,1.0,0.0,0.0,0.0,0.0,0.0,1.0,0.0,0.0,0.0,0.0,73.08
UICS25-114,Urdaneta I Central School,86.0,85.4,85.8,85.8,84.66666666666667,11,1.0,0.0,0.0,0.0,0.0,0.0,0.0,0.0,0.0,0.0,1.0,1.0,0.0,0.0,0.0,0.0,66.82
UICS25-043,Urdaneta I Central School,90.0,88.6,88.0,89.4,87.33333333333333,12,0.0,1.0,0.0,0.0,0.0,0.0,0.0,0.0,0.0,0.0,1.0,1.0,0.0,0.0,0.0,0.0,66.82
BES25-149,Badipa Elementary School,88.0,87.4,88.2,87.2,87.66666666666667,11,0.0,1.0,0.0,0.0,0.0,1.0,0.0,0.0,0.0,0.0,0.0,1.0,0.0,0.0,0.0,0.0,80.54
LANES25-095,Lananpin Elementary School,86.0,85.4,86.4,86.2,87.0,11,0.0,1.0,0.0,0.0,0.0,1.0,0.0,0.0,0.0,0.0,0.0,1.0,0.0,0.0,0.0,0.0,62.7
LANES25-027,Lananpin Elementary School,79.4,79.6,79.2,80.2,79.0,11,0.0,1.0,0.0,0.0,0.0,1.0,0.0,0.0,0.0,0.0,0.0,1.0,0.0,0.0,0.0,0.0,62.7
UICS25-075,Urdaneta I Central School,90.6,90.8,89.0,89.6,90.0,12,0.0,1.0,0.0,0.0,0.0,0.0,0.0,0.0,0.0,0.0,1.0,1.0,0.0,0.0,0.0,0.0,66.82
BES25-062,Badipa Elementary School,84.4,83.2,84.2,84.0,83.33333333333333,12,0.0,1.0,0.0,0.0,0.0,1.0,0.0,0.0,0.0,0.0,0.0,1.0,0.0,0.0,0.0,0.0,80.54
BES25-102,Badipa Elementary School,78.0,77.6,78.0,78.0,78.0,11,0.0,1.0,0.0,0.0,0.0,1.0,0.0,0.0,0.0,0.0,0.0,1.0,0.0,0.0,0.0,0.0,80.54
UISC25-012,Urdaneta City SPED Center,92.8,92.0,92.0,92.0,93.33333333333333,11,0.0,1.0,0.0,0.0,0.0,0.0,0.0,0.0,0.0,0.0,1.0,1.0,0.0,0.0,0.0,0.0,72.08
LANES25-035,Lananpin Elementary School,82.0,81.8,82.4,81.6,80.33333333333333,11,0.0,1.0,0.0,0.0,0.0,1.0,0.0,0.0,0.0,0.0,0.0,1.0,0.0,0.0,0.0,0.0,62.7
UISC25-036,Urdaneta City SPED Center,85.8,85.6,86.4,85.6,86.33333333333333,12,0.0,1.0,0.0,0.0,0.0,0.0,0.0,0.0,0.0,0.0,1.0,1.0,0.0,0.0,0.0,0.0,72.08
UICS25-080,Urdaneta I Central School,79.0,77.8,78.6,80.0,78.33333333333333,11,0.0,1.0,0.0,0.0,0.0,0.0,0.0,0.0,0.0,0.0,1.0,1.0,0.0,0.0,0.0,0.0,66.82
UICS25-363,Urdaneta I Central School,84.6,82.0,83.4,85.2,82.33333333333333,12,0.0,1.0,0.0,0.0,0.0,1.0,0.0,0.0,0.0,0.0,0.0,1.0,0.0,0.0,0.0,0.0,66.82
NAN25-055,Nancayasan Elementary School,90.8,82.0,87.6,82.8,92.33333333333333,13,0.0,1.0,0.0,0.0,0.0,0.0,0.0,0.0,0.0,0.0,1.0,1.0,0.0,0.0,0.0,0.0,58.64
DAPSMECSE25-015,Don Amadeo Perez Sr. Memorial Elementary School - East,78.8,78.6,78.8,79.6,80.33333333333333,11,0.0,1.0,0.0,0.0,0.0,1.0,0.0,0.0,0.0,0.0,0.0,1.0,0.0,0.0,0.0,0.0,75.71
UICS25-199,Urdaneta I Central School,81.8,80.8,81.2,82.0,83.0,10,1.0,0.0,0.0,0.0,0.0,1.0,0.0,0.0,0.0,0.0,0.0,1.0,0.0,0.0,0.0,0.0,66.82
BES25-129,Badipa Elementary School,78.0,78.4,78.0,78.0,78.33333333333333,11,0.0,1.0,0.0,0.0,0.0,1.0,0.0,0.0,0.0,0.0,0.0,1.0,0.0,0.0,0.0,0.0,80.54
UICS25-226,Urdaneta I Central School,83.583379502,80.6,83.0,81.2,80.66666666666667,12,0.0,1.0,0.0,0.0,0.0,1.0,0.0,0.0,0.0,0.0,0.0,0.0,0.0,1.0,0.0,0.0,66.82
BES25-126,Badipa Elementary School,83.0,81.2,82.0,82.6,80.66666666666667,11,0.0,1.0,0.0,0.0,0.0,1.0,0.0,0.0,0.0,0.0,0.0,1.0,0.0,0.0,0.0,0.0,80.54
UICS25-135,Urdaneta I Central School,85.2,84.2,83.2,84.0,84.33333333333333,11,0.0,1.0,0.0,0.0,0.0,1.0,0.0,0.0,0.0,0.0,0.0,1.0,0.0,0.0,0.0,0.0,66.82
BES25-111,Badipa Elementary School,80.0,79.2,79.6,79.8,79.0,11,1.0,0.0,0.0,0.0,0.0,1.0,0.0,0.0,0.0,0.0,0.0,1.0,0.0,0.0,0.0,0.0,80.54
UICS24-040,Urdaneta I Central School,88.8,87.8,87.8,87.6,85.0,12,1.0,0.0,0.0,0.0,0.0,1.0,0.0,0.0,0.0,0.0,0.0,0.0,1.0,0.0,0.0,0.0,74.03
LANES25-015,Lananpin Elementary School,87.0,87.0,86.6,87.6,87.66666666666667,12,0.0,1.0,0.0,0.0,0.0,1.0,0.0,0.0,0.0,0.0,0.0,1.0,0.0,0.0,0.0,0.0,62.7
DAFSIS25-019,Don Alipio Fernandez Sr. Integrated School,89.6,88.2,87.8,88.6,90.0,11,1.0,0.0,0.0,0.0,0.0,1.0,0.0,0.0,0.0,0.0,0.0,1.0,0.0,0.0,0.0,0.0,73.08
UISC25-072,Urdaneta City SPED Center,94.6,94.4,94.0,93.4,93.66666666666667,11,1.0,0.0,0.0,0.0,0.0,0.0,0.0,0.0,0.0,0.0,1.0,1.0,0.0,0.0,0.0,0.0,72.08
NAN25-058,Nancayasan Elementary School,88.2,85.2,81.0,87.8,91.0,13,0.0,1.0,0.0,0.0,0.0,0.0,0.0,0.0,0.0,0.0,1.0,0.0,0.0,0.0,0.0,1.0,58.64
UICS25-263,Urdaneta I Central School,83.6,82.6,82.6,85.2,84.33333333333333,11,1.0,0.0,0.0,0.0,0.0,0.0,0.0,0.0,0.0,0.0,1.0,1.0,0.0,0.0,0.0,0.0,66.82
UICS25-275,Urdaneta I Central School,81.8,81.0,81.4,82.2,80.66666666666667,11,0.0,1.0,0.0,0.0,0.0,0.0,0.0,0.0,0.0,0.0,1.0,0.0,0.0,0.0,0.0,1.0,66.82
BES25-179,Badipa Elementary School,92.8,92.2,91.6,91.4,91.33333333333333,11,1.0,0.0,0.0,0.0,0.0,1.0,0.0,0.0,0.0,0.0,0.0,1.0,0.0,0.0,0.0,0.0,80.54
UICS25-334,Urdaneta I Central School,89.6,88.2,88.2,90.0,87.66666666666667,11,0.0,1.0,0.0,0.0,0.0,0.0,0.0,0.0,0.0,0.0,1.0,1.0,0.0,0.0,0.0,0.0,66.82
BES25-077,Badipa Elementary School,77.8,77.4,76.8,77.4,78.66666666666667,12,1.0,0.0,0.0,0.0,0.0,1.0,0.0,0.0,0.0,0.0,0.0,1.0,0.0,0.0,0.0,0.0,80.54
UICS25-321,Urdaneta I Central School,85.8,85.4,85.2,85.8,83.66666666666667,11,0.0,1.0,0.0,0.0,0.0,0.0,0.0,0.0,0.0,0.0,1.0,0.0,0.0,0.0,0.0,1.0,66.82
DAFSIS25-029,Don Alipio Fernandez Sr. Integrated School,86.8,86.8,85.6,87.8,86.0,11,0.0,1.0,0.0,0.0,0.0,1.0,0.0,0.0,0.0,0.0,0.0,1.0,0.0,0.0,0.0,0.0,73.08
UICS25-054,Urdaneta I Central School,88.2,87.2,87.2,88.0,88.0,11,1.0,0.0,0.0,0.0,0.0,0.0,0.0,0.0,0.0,0.0,1.0,1.0,0.0,0.0,0.0,0.0,66.82
UICS25-157,Urdaneta I Central School,79.2,78.6,78.8,79.2,78.66666666666667,11,0.0,1.0,0.0,0.0,0.0,1.0,0.0,0.0,0.0,0.0,0.0,1.0,0.0,0.0,0.0,0.0,66.82
BES24-045,Badipa Elementary School,80.0,78.6,79.0,79.4,79.0,11,1.0,0.0,0.0,0.0,0.0,1.0,0.0,0.0,0.0,0.0,0.0,1.0,0.0,0.0,0.0,0.0,75.7
UICS25-329,Urdaneta I Central School,86.2,84.4,85.6,86.6,85.33333333333333,11,0.0,1.0,0.0,0.0,0.0,1.0,0.0,0.0,0.0,0.0,0.0,1.0,0.0,0.0,0.0,0.0,66.82
UICS25-373,Urdaneta I Central School,81.4,80.8,80.4,82.2,81.0,11,0.0,1.0,0.0,0.0,0.0,0.0,0.0,0.0,0.0,0.0,1.0,1.0,0.0,0.0,0.0,0.0,66.82
UICS25-155,Urdaneta I Central School,79.2,78.8,78.6,78.8,77.0,11,0.0,1.0,0.0,0.0,0.0,1.0,0.0,0.0,0.0,0.0,0.0,1.0,0.0,0.0,0.0,0.0,66.82
DCBMES25-009,Don Clemente Blanco Memorial Elementary School,81.2,80.0,81.0,79.8,82.66666666666667,11,0.0,1.0,0.0,0.0,0.0,1.0,0.0,0.0,0.0,0.0,0.0,1.0,0.0,0.0,0.0,0.0,33.59
UICS25-187,Urdaneta I Central School,85.0,85.0,85.8,86.8,85.33333333333333,11,0.0,1.0,0.0,0.0,0.0,1.0,0.0,0.0,0.0,0.0,0.0,1.0,0.0,0.0,0.0,0.0,66.82
UISC24-033,Urdaneta City SPED Center,92.2,91.0,91.4,92.0,91.33333333333333,11,1.0,0.0,0.0,0.0,0.0,1.0,0.0,0.0,0.0,0.0,0.0,1.0,0.0,0.0,0.0,0.0,76.93
BES25-194,Badipa Elementary School,87.2,87.0,86.6,87.4,87.0,11,1.0,0.0,0.0,0.0,0.0,1.0,0.0,0.0,0.0,0.0,0.0,1.0,0.0,0.0,0.0,0.0,80.54
DAPSMECSE25-018,Don Amadeo Perez Sr. Memorial Elementary School - East,88.8,88.0,86.8,87.6,88.66666666666667,11,1.0,0.0,0.0,0.0,0.0,1.0,0.0,0.0,0.0,0.0,0.0,1.0,0.0,0.0,0.0,0.0,75.71
DAPSMECSE24-001,Don Amadeo Perez Sr. Memorial Elementary School - East,82.8,83.2,82.0,82.0,86.0,12,0.0,1.0,0.0,0.0,0.0,1.0,0.0,0.0,0.0,0.0,0.0,1.0,0.0,0.0,0.0,0.0,78.17
BES25-057,Badipa Elementary School,85.8,85.0,84.6,85.4,84.33333333333333,12,0.0,1.0,0.0,0.0,0.0,1.0,0.0,0.0,0.0,0.0,0.0,1.0,0.0,0.0,0.0,0.0,80.54
LANES24-004,Lananpin Elementary School,81.2,80.4,81.4,81.0,77.33333333333333,13,0.0,1.0,0.0,0.0,0.0,1.0,0.0,0.0,0.0,0.0,0.0,1.0,0.0,0.0,0.0,0.0,78.31
BES25-007,Badipa Elementary School,87.6,87.2,88.4,87.0,88.33333333333333,12,0.0,1.0,0.0,0.0,0.0,1.0,0.0,0.0,0.0,0.0,0.0,1.0,0.0,0.0,0.0,0.0,80.54
UICS25-213,Urdaneta I Central School,85.983379502,86.0,86.8,86.4,86.0,11,1.0,0.0,0.0,0.0,0.0,1.0,0.0,0.0,0.0,0.0,0.0,1.0,0.0,0.0,0.0,0.0,66.82
BES25-214,Badipa Elementary School,80.8,80.2,79.8,80.4,81.66666666666667,11,0.0,1.0,0.0,0.0,0.0,1.0,0.0,0.0,0.0,0.0,0.0,0.0,0.0,1.0,0.0,0.0,80.54
UICS25-306,Urdaneta I Central School,88.0,87.4,87.8,87.8,87.33333333333333,12,1.0,0.0,0.0,0.0,0.0,0.0,0.0,0.0,0.0,0.0,1.0,1.0,0.0,0.0,0.0,0.0,66.82
UICS25-092,Urdaneta I Central School,83.0,83.0,82.8,83.0,83.66666666666667,11,0.0,1.0,0.0,0.0,0.0,0.0,0.0,0.0,0.0,0.0,1.0,0.0,0.0,0.0,1.0,0.0,66.82
UICS24-023,Urdaneta I Central School,80.0,78.8,80.48828828828829,79.8,80.66666666666667,12,1.0,0.0,0.0,0.0,0.0,1.0,0.0,0.0,0.0,0.0,0.0,1.0,0.0,0.0,0.0,0.0,74.03
NAN25-053,Nancayasan Elementary School,86.8,85.4,83.0,81.8,90.33333333333333,12,0.0,1.0,0.0,0.0,0.0,1.0,0.0,0.0,0.0,0.0,0.0,1.0,0.0,0.0,0.0,0.0,58.64
BES25-003,Badipa Elementary School,85.4,83.8,84.8,84.4,83.66666666666667,12,0.0,1.0,0.0,0.0,0.0,1.0,0.0,0.0,0.0,0.0,0.0,1.0,0.0,0.0,0.0,0.0,80.54
UICS25-097,Urdaneta I Central School,89.6,88.0,88.6,89.8,88.0,12,0.0,1.0,0.0,0.0,0.0,0.0,0.0,0.0,0.0,0.0,1.0,1.0,0.0,0.0,0.0,0.0,66.82
BES25-063,Badipa Elementary School,84.8,84.6,83.0,84.2,84.33333333333333,11,0.0,1.0,0.0,0.0,0.0,1.0,0.0,0.0,0.0,0.0,0.0,1.0,0.0,0.0,0.0,0.0,80.54
UICS25-073,Urdaneta I Central School,89.0,89.2,88.6,89.8,88.66666666666667,11,0.0,1.0,0.0,0.0,0.0,0.0,0.0,0.0,0.0,0.0,1.0,1.0,0.0,0.0,0.0,0.0,66.82
BES25-112,Badipa Elementary School,78.6,78.2,78.2,78.8,78.33333333333333,11,1.0,0.0,0.0,0.0,0.0,1.0,0.0,0.0,0.0,0.0,0.0,1.0,0.0,0.0,0.0,0.0,80.54
UICS25-391,Urdaneta I Central School,90.8,90.6,90.6,90.6,89.66666666666667,11,1.0,0.0,0.0,0.0,0.0,1.0,0.0,0.0,0.0,0.0,0.0,1.0,0.0,0.0,0.0,0.0,66.82
UICS24-064,Urdaneta I Central School,79.0,77.8,78.4,78.2,78.0,12,1.0,0.0,0.0,0.0,0.0,0.0,0.0,0.0,0.0,0.0,1.0,1.0,0.0,0.0,0.0,0.0,74.03
BES25-098,Badipa Elementary School,82.4,81.4,81.6,81.8,79.66666666666667,11,0.0,1.0,0.0,0.0,0.0,1.0,0.0,0.0,0.0,0.0,0.0,1.0,0.0,0.0,0.0,0.0,80.54
UICS25-122,Urdaneta I Central School,83.8,83.6,83.4,84.0,84.33333333333333,11,0.0,1.0,0.0,0.0,0.0,0.0,0.0,0.0,0.0,0.0,1.0,1.0,0.0,0.0,0.0,0.0,66.82
UICS25-340,Urdaneta I Central School,84.8,83.6,84.0,82.6,85.33333333333333,11,1.0,0.0,0.0,0.0,0.0,0.0,0.0,0.0,0.0,0.0,1.0,1.0,0.0,0.0,0.0,0.0,66.82
UICS25-116,Urdaneta I Central School,82.6,82.0,83.2,83.6,81.66666666666667,11,0.0,1.0,0.0,0.0,0.0,1.0,0.0,0.0,0.0,0.0,0.0,0.0,0.0,0.0,0.0,1.0,66.82
LANES25-108,Lananpin Elementary School,83.0,82.0,82.2,82.6,79.66666666666667,12,0.0,1.0,0.0,0.0,0.0,1.0,0.0,0.0,0.0,0.0,0.0,1.0,0.0,0.0,0.0,0.0,62.7
BES24-016,Badipa Elementary School,84.4,82.6,83.8,83.0,79.66666666666667,11,0.0,1.0,0.0,0.0,0.0,1.0,0.0,0.0,0.0,0.0,0.0,1.0,0.0,0.0,0.0,0.0,75.7
BES25-006,Badipa Elementary School,90.6,88.8,90.6,91.0,90.0,12,0.0,1.0,0.0,0.0,0.0,0.0,0.0,0.0,0.0,0.0,1.0,1.0,0.0,0.0,0.0,0.0,80.54
BES25-056,Badipa Elementary School,80.6,79.4,82.0,81.4,81.66666666666667,11,0.0,1.0,0.0,0.0,0.0,1.0,0.0,0.0,0.0,0.0,0.0,1.0,0.0,0.0,0.0,0.0,80.54
LANES25-150,Lananpin Elementary School,82.4,81.2,80.4,80.8,80.33333333333333,11,1.0,0.0,0.0,0.0,0.0,1.0,0.0,0.0,0.0,0.0,0.0,1.0,0.0,0.0,0.0,0.0,62.7
DAFSIS25-013,Don Alipio Fernandez Sr. Integrated School,84.8,85.4,83.2,83.8,84.0,11,0.0,1.0,0.0,0.0,0.0,1.0,0.0,0.0,0.0,0.0,0.0,1.0,0.0,0.0,0.0,0.0,73.08
UICS24-006,Urdaneta I Central School,89.2,89.2,88.4,89.2,88.33333333333333,12,0.0,1.0,0.0,0.0,0.0,1.0,0.0,0.0,0.0,0.0,0.0,0.0,1.0,0.0,0.0,0.0,74.03
UICS25-230,Urdaneta I Central School,80.783379502,80.4,79.8,80.0,78.66666666666667,12,1.0,0.0,0.0,0.0,0.0,1.0,0.0,0.0,0.0,0.0,0.0,1.0,0.0,0.0,0.0,0.0,66.82
BES25-052,Badipa Elementary School,87.0,85.8,86.2,86.8,84.0,11,1.0,0.0,0.0,0.0,0.0,1.0,0.0,0.0,0.0,0.0,0.0,1.0,0.0,0.0,0.0,0.0,80.54
BES25-202,Badipa Elementary School,78.8,78.0,78.2,78.2,80.33333333333333,11,0.0,1.0,0.0,0.0,0.0,1.0,0.0,0.0,0.0,0.0,0.0,1.0,0.0,0.0,0.0,0.0,80.54
UICS24-011,Urdaneta I Central School,90.4,89.4,91.4,90.4,90.66666666666667,12,0.0,1.0,0.0,0.0,0.0,1.0,0.0,0.0,0.0,0.0,0.0,0.0,0.0,1.0,0.0,0.0,74.03
UICS25-256,Urdaneta I Central School,83.2,82.4,82.6,83.2,83.33333333333333,11,1.0,0.0,0.0,0.0,0.0,0.0,0.0,0.0,0.0,0.0,1.0,1.0,0.0,0.0,0.0,0.0,66.82
BES25-130,Badipa Elementary School,78.4,76.6,77.2,77.2,76.66666666666667,11,0.0,1.0,0.0,0.0,0.0,1.0,0.0,0.0,0.0,0.0,0.0,1.0,0.0,0.0,0.0,0.0,80.54
UISC25-048,Urdaneta City SPED Center,92.2,92.4,91.4,92.2,91.0,11,1.0,0.0,0.0,0.0,0.0,0.0,0.0,0.0,0.0,0.0,1.0,1.0,0.0,0.0,0.0,0.0,72.08
BES24-037,Badipa Elementary School,75.6,75.2,75.4,76.0,75.0,11,1.0,0.0,0.0,0.0,0.0,1.0,0.0,0.0,0.0,0.0,0.0,1.0,0.0,0.0,0.0,0.0,75.7
UISC25-008,Urdaneta City SPED Center,91.2,91.0,89.761983472,90.6,90.33333333333333,12,1.0,0.0,0.0,0.0,0.0,1.0,0.0,0.0,0.0,0.0,0.0,1.0,0.0,0.0,0.0,0.0,72.08
BES25-101,Badipa Elementary School,76.8,76.4,76.2,77.4,76.66666666666667,11,0.0,1.0,0.0,0.0,0.0,1.0,0.0,0.0,0.0,0.0,0.0,1.0,0.0,0.0,0.0,0.0,80.54
UICS24-014,Urdaneta I Central School,83.8,83.4,84.0,84.4,82.66666666666667,11,1.0,0.0,0.0,0.0,0.0,1.0,0.0,0.0,0.0,0.0,0.0,1.0,0.0,0.0,0.0,0.0,74.03
LANES24-013,Lananpin Elementary School,81.4,81.4,81.6,83.0,82.0,11,1.0,0.0,0.0,0.0,0.0,1.0,0.0,0.0,0.0,0.0,0.0,1.0,0.0,0.0,0.0,0.0,78.31
UICS24-033,Urdaneta I Central School,78.0,77.6,77.2,78.4,78.0,12,1.0,0.0,0.0,0.0,0.0,1.0,0.0,0.0,0.0,0.0,0.0,1.0,0.0,0.0,0.0,0.0,74.03
BES25-186,Badipa Elementary School,85.6,85.6,85.4,85.4,84.33333333333333,11,1.0,0.0,0.0,0.0,0.0,1.0,0.0,0.0,0.0,0.0,0.0,1.0,0.0,0.0,0.0,0.0,80.54
UICS25-109,Urdaneta I Central School,83.6,82.6,82.6,83.4,81.33333333333333,12,0.0,1.0,0.0,0.0,0.0,0.0,0.0,0.0,0.0,0.0,1.0,1.0,0.0,0.0,0.0,0.0,66.82
BES24-030,Badipa Elementary School,82.2,80.8,82.2,82.8,80.0,11,0.0,1.0,0.0,0.0,0.0,0.0,0.0,0.0,0.0,0.0,1.0,1.0,0.0,0.0,0.0,0.0,75.7
UICS25-271,Urdaneta I Central School,90.4,89.6,90.2,90.2,90.33333333333333,11,1.0,0.0,0.0,0.0,0.0,0.0,0.0,0.0,0.0,0.0,1.0,1.0,0.0,0.0,0.0,0.0,66.82
UICS25-089,Urdaneta I Central School,88.2,86.4,87.6,87.4,88.66666666666667,11,1.0,0.0,0.0,0.0,0.0,0.0,0.0,0.0,0.0,0.0,1.0,1.0,0.0,0.0,0.0,0.0,66.82
BES25-133,Badipa Elementary School,77.0,77.0,77.2,77.2,77.0,11,0.0,1.0,0.0,0.0,0.0,1.0,0.0,0.0,0.0,0.0,0.0,1.0,0.0,0.0,0.0,0.0,80.54
BES25-070,Badipa Elementary School,82.4,81.8,81.6,82.2,81.66666666666667,12,1.0,0.0,0.0,0.0,0.0,1.0,0.0,0.0,0.0,0.0,0.0,1.0,0.0,0.0,0.0,0.0,80.54
DAFSIS25-025,Don Alipio Fernandez Sr. Integrated School,90.6,89.8,89.0,89.4,91.33333333333333,12,1.0,0.0,0.0,0.0,0.0,1.0,0.0,0.0,0.0,0.0,0.0,1.0,0.0,0.0,0.0,0.0,73.08
UICS24-004,Urdaneta I Central School,84.4,84.4,83.6,84.6,85.0,11,0.0,1.0,0.0,0.0,0.0,1.0,0.0,0.0,0.0,0.0,0.0,1.0,0.0,0.0,0.0,0.0,74.03
NAN25-049,Nancayasan Elementary School,83.0,88.6,90.8,84.8,92.0,11,1.0,0.0,0.0,0.0,0.0,0.0,0.0,0.0,0.0,0.0,1.0,1.0,0.0,0.0,0.0,0.0,58.64
UICS25-093,Urdaneta I Central School,81.0,80.6,80.8,82.0,81.66666666666667,11,0.0,1.0,0.0,0.0,0.0,1.0,0.0,0.0,0.0,0.0,0.0,1.0,0.0,0.0,0.0,0.0,66.82
NAN24-013,Nancayasan Elementary School,83.6,82.8,82.8,84.2,83.66666666666667,11,0.0,1.0,0.0,0.0,0.0,1.0,0.0,0.0,0.0,0.0,0.0,1.0,0.0,0.0,0.0,0.0,65.57
UICS25-238,Urdaneta I Central School,85.764597776,85.594936708,85.521518988,85.0,87.33333333333333,12,0.0,1.0,0.0,0.0,0.0,1.0,0.0,0.0,0.0,0.0,0.0,1.0,0.0,0.0,0.0,0.0,66.82
LANES25-148,Lananpin Elementary School,84.2,83.8,84.2,84.4,84.33333333333333,12,0.0,1.0,0.0,0.0,0.0,1.0,0.0,0.0,0.0,0.0,0.0,1.0,0.0,0.0,0.0,0.0,62.7
UICS25-008,Urdaneta I Central School,86.0,85.4,85.4,86.2,85.33333333333333,12,1.0,0.0,0.0,0.0,0.0,1.0,0.0,0.0,0.0,0.0,0.0,1.0,0.0,0.0,0.0,0.0,66.82
UICS25-397,Urdaneta I Central School,85.0,84.4,84.6,85.2,82.66666666666667,11,1.0,0.0,0.0,0.0,0.0,1.0,0.0,0.0,0.0,0.0,0.0,1.0,0.0,0.0,0.0,0.0,66.82
NAN25-044,Nancayasan Elementary School,85.8,86.4,85.0,88.0,82.33333333333333,12,0.0,1.0,0.0,0.0,0.0,0.0,0.0,0.0,0.0,0.0,1.0,1.0,0.0,0.0,0.0,0.0,58.64
DAPSMECSE25-032,Don Amadeo Perez Sr. Memorial Elementary School - East,87.8,86.4,86.4,87.8,86.33333333333333,11,0.0,1.0,0.0,0.0,0.0,0.0,0.0,0.0,0.0,0.0,1.0,1.0,0.0,0.0,0.0,0.0,75.71
BES25-122,Badipa Elementary School,84.0,84.0,84.2,84.8,85.0,11,1.0,0.0,0.0,0.0,0.0,1.0,0.0,0.0,0.0,0.0,0.0,1.0,0.0,0.0,0.0,0.0,80.54
UICS25-096,Urdaneta I Central School,86.0,84.8,85.4,85.4,85.66666666666667,11,1.0,0.0,0.0,0.0,0.0,1.0,0.0,0.0,0.0,0.0,0.0,1.0,0.0,0.0,0.0,0.0,66.82
NAN24-002,Nancayasan Elementary School,82.4,81.8,81.4,81.8,81.66666666666667,11,0.0,1.0,0.0,0.0,0.0,1.0,0.0,0.0,0.0,0.0,0.0,1.0,0.0,0.0,0.0,0.0,65.57
UICS25-237,Urdaneta I Central School,83.18337950200001,82.6,84.4,84.2,85.0,12,0.0,1.0,0.0,0.0,0.0,1.0,0.0,0.0,0.0,0.0,0.0,1.0,0.0,0.0,0.0,0.0,66.82
UICS25-195,Urdaneta I Central School,86.2,85.4,85.4,85.8,83.66666666666667,11,0.0,1.0,0.0,0.0,0.0,1.0,0.0,0.0,0.0,0.0,0.0,0.0,0.0,1.0,0.0,0.0,66.82
BES25-203,Badipa Elementary School,83.2,81.8,82.6,82.8,82.0,11,0.0,1.0,0.0,0.0,0.0,1.0,0.0,0.0,0.0,0.0,0.0,1.0,0.0,0.0,0.0,0.0,80.54
BES25-110,Badipa Elementary School,80.2,79.2,79.4,80.4,79.66666666666667,11,1.0,0.0,0.0,0.0,0.0,0.0,0.0,0.0,0.0,0.0,1.0,1.0,0.0,0.0,0.0,0.0,80.54
UICS25-310,Urdaneta I Central School,86.8,85.6,86.6,87.2,85.66666666666667,12,0.0,1.0,0.0,0.0,0.0,1.0,0.0,0.0,0.0,0.0,0.0,1.0,0.0,0.0,0.0,0.0,66.82
NAN24-017,Nancayasan Elementary School,82.6,81.8,81.8,82.8,85.66666666666667,11,0.0,1.0,0.0,0.0,0.0,1.0,0.0,0.0,0.0,0.0,0.0,1.0,0.0,0.0,0.0,0.0,65.57
UICS25-029,Urdaneta I Central School,88.4,87.2,86.2,86.4,85.66666666666667,11,0.0,1.0,0.0,0.0,0.0,0.0,0.0,0.0,0.0,0.0,1.0,1.0,0.0,0.0,0.0,0.0,66.82
LANES25-049,Lananpin Elementary School,85.4,84.8,84.2,85.0,84.66666666666667,11,1.0,0.0,0.0,0.0,0.0,1.0,0.0,0.0,0.0,0.0,0.0,1.0,0.0,0.0,0.0,0.0,62.7
UICS25-316,Urdaneta I Central School,90.6,90.6,89.0,90.8,91.0,11,1.0,0.0,0.0,0.0,0.0,0.0,0.0,0.0,0.0,0.0,1.0,1.0,0.0,0.0,0.0,0.0,66.82
DAFSIS25-026,Don Alipio Fernandez Sr. Integrated School,84.8,84.8,82.8,84.2,85.0,12,1.0,0.0,0.0,0.0,0.0,1.0,0.0,0.0,0.0,0.0,0.0,1.0,0.0,0.0,0.0,0.0,73.08
BES24-039,Badipa Elementary School,90.4,90.6,90.8,90.8,91.0,11,0.0,1.0,0.0,0.0,0.0,1.0,0.0,0.0,0.0,0.0,0.0,1.0,0.0,0.0,0.0,0.0,75.7
LANES24-015,Lananpin Elementary School,90.8,89.6,90.0,90.2,90.0,12,1.0,0.0,0.0,0.0,0.0,1.0,0.0,0.0,0.0,0.0,0.0,1.0,0.0,0.0,0.0,0.0,78.31
UICS25-120,Urdaneta I Central School,80.0,78.8,78.8,79.6,79.0,11,0.0,1.0,0.0,0.0,0.0,0.0,0.0,0.0,0.0,0.0,1.0,1.0,0.0,0.0,0.0,0.0,66.82
UICS25-261,Urdaneta I Central School,82.863127822,82.170313592,82.317498888,82.736273306,81.33333333333333,11,1.0,0.0,0.0,0.0,0.0,0.0,0.0,0.0,0.0,0.0,1.0,1.0,0.0,0.0,0.0,0.0,66.82
LANES25-012,Lananpin Elementary School,82.0,81.2,81.8,82.2,80.66666666666667,11,0.0,1.0,0.0,0.0,0.0,1.0,0.0,0.0,0.0,0.0,0.0,0.0,0.0,0.0,0.0,1.0,62.7
BES25-188,Badipa Elementary School,83.6,83.2,83.0,83.6,81.66666666666667,11,1.0,0.0,0.0,0.0,0.0,1.0,0.0,0.0,0.0,0.0,0.0,1.0,0.0,0.0,0.0,0.0,80.54
UICS24-010,Urdaneta I Central School,90.6,90.4,90.0,90.0,90.33333333333333,11,0.0,1.0,0.0,0.0,0.0,1.0,0.0,0.0,0.0,0.0,0.0,1.0,0.0,0.0,0.0,0.0,74.03
DAFSIS25-022,Don Alipio Fernandez Sr. Integrated School,81.2,79.8,80.8,81.6,81.0,11,1.0,0.0,0.0,0.0,0.0,1.0,0.0,0.0,0.0,0.0,0.0,0.0,0.0,0.0,0.0,1.0,73.08
BES25-068,Badipa Elementary School,84.0,83.6,83.6,83.6,83.66666666666667,12,0.0,1.0,0.0,0.0,0.0,0.0,0.0,0.0,0.0,0.0,1.0,1.0,0.0,0.0,0.0,0.0,80.54
DAFSIS24-007,Don Alipio Fernandez Sr. Integrated School,84.6,85.0,84.2,85.4,84.66666666666667,11,1.0,0.0,0.0,0.0,0.0,1.0,0.0,0.0,0.0,0.0,0.0,1.0,0.0,0.0,0.0,0.0,74.93
NAN25-038,Nancayasan Elementary School,90.4,89.6,89.6,90.0,92.0,11,0.0,1.0,0.0,0.0,0.0,0.0,0.0,0.0,0.0,0.0,1.0,1.0,0.0,0.0,0.0,0.0,58.64
BES25-001,Badipa Elementary School,87.0,85.8,87.4,87.4,87.33333333333333,11,0.0,1.0,0.0,0.0,0.0,1.0,0.0,0.0,0.0,0.0,0.0,1.0,0.0,0.0,0.0,0.0,80.54
UICS24-056,Urdaneta I Central School,83.0,82.0,82.2,82.4,81.66666666666667,11,1.0,0.0,0.0,0.0,0.0,1.0,0.0,0.0,0.0,0.0,0.0,1.0,0.0,0.0,0.0,0.0,74.03
NAN25-013,Nancayasan Elementary School,85.4,84.2,83.6,84.4,84.33333333333333,11,1.0,0.0,0.0,0.0,0.0,1.0,0.0,0.0,0.0,0.0,0.0,1.0,0.0,0.0,0.0,0.0,58.64
LANES25-097,Lananpin Elementary School,81.6,81.6,81.2,81.8,81.0,11,1.0,0.0,0.0,0.0,0.0,1.0,0.0,0.0,0.0,0.0,0.0,1.0,0.0,0.0,0.0,0.0,62.7
UICS25-083,Urdaneta I Central School,87.8,85.0,85.2,86.0,86.0,11,1.0,0.0,0.0,0.0,0.0,1.0,0.0,0.0,0.0,0.0,0.0,1.0,0.0,0.0,0.0,0.0,66.82
BES25-162,Badipa Elementary School,90.2,90.2,89.0,89.8,89.0,11,0.0,1.0,0.0,0.0,0.0,0.0,0.0,0.0,0.0,0.0,1.0,1.0,0.0,0.0,0.0,0.0,80.54
UICS25-062,Urdaneta I Central School,87.0,86.6,86.0,86.0,86.66666666666667,11,1.0,0.0,0.0,0.0,0.0,1.0,0.0,0.0,0.0,0.0,0.0,1.0,0.0,0.0,0.0,0.0,66.82
UISC25-103,Urdaneta City SPED Center,92.2,92.6,91.2,92.0,89.33333333333333,11,1.0,0.0,0.0,1.0,0.0,0.0,0.0,0.0,0.0,0.0,0.0,1.0,0.0,0.0,0.0,0.0,72.08
UICS25-207,Urdaneta I Central School,85.18337950200001,85.0,85.6,85.8,85.0,12,1.0,0.0,0.0,0.0,0.0,0.0,0.0,0.0,0.0,0.0,1.0,1.0,0.0,0.0,0.0,0.0,66.82
DCBMES24-004,Don Clemente Blanco Memorial Elementary School,86.2,85.6,86.6,86.2,85.66666666666667,13,0.0,1.0,0.0,0.0,0.0,1.0,0.0,0.0,0.0,0.0,0.0,1.0,0.0,0.0,0.0,0.0,45.71
BES25-073,Badipa Elementary School,86.4,85.8,85.4,85.6,82.66666666666667,11,1.0,0.0,0.0,0.0,0.0,1.0,0.0,0.0,0.0,0.0,0.0,1.0,0.0,0.0,0.0,0.0,80.54
BES25-113,Badipa Elementary School,78.8,77.8,78.4,78.8,78.66666666666667,11,1.0,0.0,0.0,0.0,0.0,1.0,0.0,0.0,0.0,0.0,0.0,1.0,0.0,0.0,0.0,0.0,80.54
LANES25-022,Lananpin Elementary School,91.4,90.0,90.8,90.6,90.33333333333333,11,1.0,0.0,0.0,0.0,0.0,0.0,0.0,0.0,0.0,0.0,1.0,1.0,0.0,0.0,0.0,0.0,62.7
UICS25-292,Urdaneta I Central School,86.6,85.2,84.8,85.8,86.66666666666667,11,1.0,0.0,0.0,0.0,0.0,0.0,0.0,0.0,0.0,0.0,1.0,1.0,0.0,0.0,0.0,0.0,66.82
BES25-031,Badipa Elementary School,88.4,88.4,90.6,89.8,89.66666666666667,11,1.0,0.0,0.0,0.0,0.0,1.0,0.0,0.0,0.0,0.0,0.0,1.0,0.0,0.0,0.0,0.0,80.54
UICS25-357,Urdaneta I Central School,76.4,76.2,76.6,76.2,77.0,11,1.0,0.0,0.0,0.0,0.0,0.0,0.0,0.0,0.0,0.0,1.0,1.0,0.0,0.0,0.0,0.0,66.82
BES25-095,Badipa Elementary School,78.2,78.0,78.0,78.2,77.0,12,0.0,1.0,0.0,0.0,0.0,1.0,0.0,0.0,0.0,0.0,0.0,1.0,0.0,0.0,0.0,0.0,80.54
UICS25-366,Urdaneta I Central School,80.8,80.4,80.8,82.4,82.0,12,0.0,1.0,1.0,0.0,0.0,0.0,0.0,0.0,0.0,0.0,0.0,1.0,0.0,0.0,0.0,0.0,66.82
UICS25-374,Urdaneta I Central School,79.6,77.2,79.0,79.4,81.0,11,0.0,1.0,0.0,0.0,0.0,0.0,0.0,0.0,0.0,1.0,0.0,1.0,0.0,0.0,0.0,0.0,66.82
UICS25-125,Urdaneta I Central School,86.2,85.6,85.2,85.4,85.66666666666667,11,1.0,0.0,0.0,0.0,0.0,1.0,0.0,0.0,0.0,0.0,0.0,1.0,0.0,0.0,0.0,0.0,66.82
UICS25-385,Urdaneta I Central School,89.8,88.6,88.8,89.8,88.66666666666667,11,1.0,0.0,0.0,0.0,0.0,1.0,0.0,0.0,0.0,0.0,0.0,1.0,0.0,0.0,0.0,0.0,66.82
LANES25-144,Lananpin Elementary School,80.6,79.6,81.0,80.4,79.33333333333333,11,0.0,1.0,0.0,0.0,0.0,1.0,0.0,0.0,0.0,0.0,0.0,1.0,0.0,0.0,0.0,0.0,62.7
BES25-145,Badipa Elementary School,81.6,80.6,81.2,81.4,80.33333333333333,11,0.0,1.0,0.0,0.0,0.0,0.0,0.0,0.0,0.0,0.0,1.0,1.0,0.0,0.0,0.0,0.0,80.54
UICS25-149,Urdaneta I Central School,81.4,80.0,80.4,80.2,83.66666666666667,13,0.0,1.0,0.0,0.0,0.0,1.0,0.0,0.0,0.0,0.0,0.0,1.0,0.0,0.0,0.0,0.0,66.82
LANES25-149,Lananpin Elementary School,84.0,83.2,83.0,83.4,82.66666666666667,12,1.0,0.0,0.0,0.0,0.0,1.0,0.0,0.0,0.0,0.0,0.0,1.0,0.0,0.0,0.0,0.0,62.7
UISC24-008,Urdaneta City SPED Center,90.0,91.4,90.6,90.6,92.33333333333333,12,1.0,0.0,0.0,0.0,0.0,1.0,0.0,0.0,0.0,0.0,0.0,1.0,0.0,0.0,0.0,0.0,76.93
UICS25-242,Urdaneta I Central School,85.4,83.6,83.4,84.0,82.66666666666667,12,1.0,0.0,0.0,0.0,0.0,1.0,0.0,0.0,0.0,0.0,0.0,1.0,0.0,0.0,0.0,0.0,66.82
UICS25-393,Urdaneta I Central School,83.6,81.6,81.8,83.6,81.66666666666667,11,1.0,0.0,0.0,0.0,0.0,1.0,0.0,0.0,0.0,0.0,0.0,1.0,0.0,0.0,0.0,0.0,66.82
BES25-061,Badipa Elementary School,82.2,81.2,81.2,83.8,82.33333333333333,12,0.0,1.0,0.0,0.0,0.0,0.0,0.0,0.0,0.0,0.0,1.0,1.0,0.0,0.0,0.0,0.0,80.54
LANES25-008,Lananpin Elementary School,83.6,83.2,82.8,82.6,83.33333333333333,12,1.0,0.0,0.0,0.0,0.0,1.0,0.0,0.0,0.0,0.0,0.0,1.0,0.0,0.0,0.0,0.0,62.7
BES25-200,Badipa Elementary School,87.2,85.6,86.4,86.2,85.33333333333333,11,0.0,1.0,0.0,0.0,0.0,1.0,0.0,0.0,0.0,0.0,0.0,1.0,0.0,0.0,0.0,0.0,80.54
BES24-004,Badipa Elementary School,84.2,83.6,84.2,84.6,82.0,12,1.0,0.0,0.0,0.0,0.0,1.0,0.0,0.0,0.0,0.0,0.0,1.0,0.0,0.0,0.0,0.0,75.7
UICS25-204,Urdaneta I Central School,79.18337950200001,79.2,79.6,78.4,79.0,11,1.0,0.0,0.0,0.0,0.0,0.0,0.0,0.0,0.0,0.0,1.0,1.0,0.0,0.0,0.0,0.0,66.82
UICS24-057,Urdaneta I Central School,82.4,81.8,82.4,82.2,82.0,11,0.0,1.0,0.0,0.0,0.0,0.0,0.0,0.0,0.0,0.0,1.0,1.0,0.0,0.0,0.0,0.0,74.03
UISC24-001,Urdaneta City SPED Center,89.2,89.4,90.0,89.4,89.33333333333333,11,0.0,1.0,0.0,0.0,0.0,1.0,0.0,0.0,0.0,0.0,0.0,1.0,0.0,0.0,0.0,0.0,76.93
UICS24-026,Urdaneta I Central School,80.4,80.0,80.0,79.8,79.0,12,0.0,1.0,0.0,0.0,0.0,1.0,0.0,0.0,0.0,0.0,0.0,1.0,0.0,0.0,0.0,0.0,74.03
UICS25-003,Urdaneta I Central School,80.0,81.2,81.0,81.4,83.0,12,0.0,1.0,0.0,0.0,0.0,0.0,0.0,0.0,0.0,0.0,1.0,1.0,0.0,0.0,0.0,0.0,66.82
UISC24-017,Urdaneta City SPED Center,95.2,93.8,95.4,94.0,94.33333333333333,12,0.0,1.0,0.0,0.0,0.0,0.0,0.0,0.0,0.0,0.0,1.0,0.0,0.0,1.0,0.0,0.0,76.93
BES25-019,Badipa Elementary School,86.2,84.6,86.6,85.6,85.66666666666667,11,1.0,0.0,0.0,0.0,0.0,1.0,0.0,0.0,0.0,0.0,0.0,1.0,0.0,0.0,0.0,0.0,80.54
UICS24-072,Urdaneta I Central School,88.0,87.2,88.2,88.6,88.33333333333333,11,1.0,0.0,0.0,0.0,0.0,1.0,0.0,0.0,0.0,0.0,0.0,1.0,0.0,0.0,0.0,0.0,74.03
UICS24-041,Urdaneta I Central School,85.0,83.6,85.0,84.6,84.66666666666667,12,1.0,0.0,0.0,0.0,0.0,1.0,0.0,0.0,0.0,0.0,0.0,1.0,0.0,0.0,0.0,0.0,74.03
UISC25-006,Urdaneta City SPED Center,88.0,88.2,87.0,87.6,88.33333333333333,11,0.0,1.0,0.0,0.0,0.0,1.0,0.0,0.0,0.0,0.0,0.0,1.0,0.0,0.0,0.0,0.0,72.08
UICS25-035,Urdaneta I Central School,85.2,86.2,85.4,84.6,86.0,12,0.0,1.0,0.0,0.0,0.0,1.0,0.0,0.0,0.0,0.0,0.0,0.0,0.0,1.0,0.0,0.0,66.82
LANES25-042,Lananpin Elementary School,84.2,83.8,83.4,84.8,85.0,11,1.0,0.0,0.0,0.0,0.0,1.0,0.0,0.0,0.0,0.0,0.0,1.0,0.0,0.0,0.0,0.0,62.7
UISC24-011,Urdaneta City SPED Center,90.0,90.0,89.8,90.4,89.66666666666667,12,1.0,0.0,0.0,0.0,0.0,1.0,0.0,0.0,0.0,0.0,0.0,1.0,0.0,0.0,0.0,0.0,76.93
DCBMES24-002,Don Clemente Blanco Memorial Elementary School,91.4,91.6,91.6,91.4,93.33333333333333,11,1.0,0.0,0.0,0.0,0.0,1.0,0.0,0.0,0.0,0.0,0.0,1.0,0.0,0.0,0.0,0.0,45.71
UISC25-037,Urdaneta City SPED Center,85.8,84.6,85.0,85.2,87.66666666666667,12,0.0,1.0,0.0,0.0,0.0,1.0,0.0,0.0,0.0,0.0,0.0,1.0,0.0,0.0,0.0,0.0,72.08
UICS25-061,Urdaneta I Central School,90.0,89.8,89.4,90.6,89.66666666666667,11,1.0,0.0,0.0,0.0,0.0,0.0,0.0,0.0,0.0,0.0,1.0,1.0,0.0,0.0,0.0,0.0,66.82
UICS24-030,Urdaneta I Central School,81.4,80.6,80.8,81.4,80.33333333333333,12,0.0,1.0,0.0,0.0,0.0,1.0,0.0,0.0,0.0,0.0,0.0,1.0,0.0,0.0,0.0,0.0,74.03
LANES25-002,Lananpin Elementary School,82.8,81.6,79.8,81.6,80.0,11,1.0,0.0,0.0,0.0,0.0,0.0,0.0,0.0,0.0,0.0,1.0,1.0,0.0,0.0,0.0,0.0,62.7
NAN25-066,Nancayasan Elementary School,82.8,84.6,87.4,86.6,79.33333333333333,14,0.0,1.0,0.0,0.0,0.0,1.0,0.0,0.0,0.0,0.0,0.0,0.0,0.0,1.0,0.0,0.0,58.64
UICS25-224,Urdaneta I Central School,83.18337950200001,84.2,84.0,83.4,83.0,11,0.0,1.0,0.0,0.0,0.0,0.0,0.0,0.0,0.0,0.0,1.0,0.0,0.0,1.0,0.0,0.0,66.82
LANES25-123,Lananpin Elementary School,83.6,83.0,83.6,83.6,83.0,11,0.0,1.0,0.0,0.0,0.0,1.0,0.0,0.0,0.0,0.0,0.0,1.0,0.0,0.0,0.0,0.0,62.7
LANES25-061,Lananpin Elementary School,87.0,84.6,86.8,86.0,87.0,11,0.0,1.0,0.0,0.0,0.0,0.0,0.0,0.0,0.0,0.0,1.0,1.0,0.0,0.0,0.0,0.0,62.7
NAN25-014,Nancayasan Elementary School,89.6,88.0,88.2,89.0,89.66666666666667,11,1.0,0.0,0.0,0.0,0.0,0.0,0.0,0.0,0.0,0.0,1.0,1.0,0.0,0.0,0.0,0.0,58.64
BES25-021,Badipa Elementary School,82.4,81.8,82.4,82.8,83.66666666666667,11,1.0,0.0,0.0,0.0,0.0,1.0,0.0,0.0,0.0,0.0,0.0,1.0,0.0,0.0,0.0,0.0,80.54
DAPSMECSE25-014,Don Amadeo Perez Sr. Memorial Elementary School - East,84.8,83.8,84.8,85.8,86.66666666666667,10,0.0,1.0,0.0,0.0,0.0,1.0,0.0,0.0,0.0,0.0,0.0,1.0,0.0,0.0,0.0,0.0,75.71
UICS25-223,Urdaneta I Central School,79.583379502,80.8,80.4,79.8,81.33333333333333,11,0.0,1.0,0.0,0.0,0.0,1.0,0.0,0.0,0.0,0.0,0.0,0.0,0.0,1.0,0.0,0.0,66.82
DAFSIS25-017,Don Alipio Fernandez Sr. Integrated School,90.6,89.2,89.0,89.6,90.66666666666667,11,1.0,0.0,0.0,0.0,0.0,1.0,0.0,0.0,0.0,0.0,0.0,1.0,0.0,0.0,0.0,0.0,73.08
UISC25-020,Urdaneta City SPED Center,90.6,90.4,89.6,90.0,90.0,11,1.0,0.0,0.0,0.0,0.0,0.0,0.0,0.0,0.0,0.0,1.0,0.0,0.0,1.0,0.0,0.0,72.08
NAN25-068,Nancayasan Elementary School,83.0,84.4,84.6,84.0,81.33333333333333,13,1.0,0.0,0.0,0.0,0.0,0.0,0.0,0.0,0.0,0.0,1.0,1.0,0.0,0.0,0.0,0.0,58.64
BES24-012,Badipa Elementary School,79.8,78.8,79.6,80.8,81.0,11,1.0,0.0,0.0,0.0,0.0,1.0,0.0,0.0,0.0,0.0,0.0,1.0,0.0,0.0,0.0,0.0,75.7
DAFSIS25-028,Don Alipio Fernandez Sr. Integrated School,84.6,84.4,84.8,84.6,84.0,12,1.0,0.0,0.0,0.0,0.0,1.0,0.0,0.0,0.0,0.0,0.0,1.0,0.0,0.0,0.0,0.0,73.08
DCBMES25-018,Don Clemente Blanco Memorial Elementary School,85.0,85.0,85.6,85.4,85.0,11,1.0,0.0,0.0,0.0,0.0,1.0,0.0,0.0,0.0,0.0,0.0,1.0,0.0,0.0,0.0,0.0,33.59
UICS24-048,Urdaneta I Central School,87.2,86.6,86.4,86.8,83.66666666666667,12,1.0,0.0,0.0,0.0,0.0,0.0,0.0,0.0,0.0,0.0,1.0,1.0,0.0,0.0,0.0,0.0,74.03
UICS25-303,Urdaneta I Central School,84.4,83.8,83.4,84.4,82.66666666666667,11,1.0,0.0,0.0,0.0,0.0,1.0,0.0,0.0,0.0,0.0,0.0,0.0,0.0,0.0,0.0,1.0,66.82
UISC24-004,Urdaneta City SPED Center,89.8,90.0,90.4,91.0,89.0,11,0.0,1.0,0.0,0.0,0.0,1.0,0.0,0.0,0.0,0.0,0.0,1.0,0.0,0.0,0.0,0.0,76.93
UICS25-117,Urdaneta I Central School,85.8,84.6,85.0,86.0,85.33333333333333,11,0.0,1.0,0.0,0.0,0.0,0.0,0.0,0.0,0.0,0.0,1.0,1.0,0.0,0.0,0.0,0.0,66.82
DAFSIS25-046,Don Alipio Fernandez Sr. Integrated School,88.4,88.2,87.8,88.6,90.0,11,1.0,0.0,0.0,0.0,0.0,1.0,0.0,0.0,0.0,0.0,0.0,1.0,0.0,0.0,0.0,0.0,73.08
DAFSIS25-010,Don Alipio Fernandez Sr. Integrated School,80.8,81.4,80.8,80.8,80.33333333333333,11,0.0,1.0,0.0,0.0,0.0,1.0,0.0,0.0,0.0,0.0,0.0,1.0,0.0,0.0,0.0,0.0,73.08
UICS25-225,Urdaneta I Central School,83.583379502,83.6,83.8,84.2,84.33333333333333,11,0.0,1.0,0.0,0.0,0.0,0.0,0.0,0.0,0.0,0.0,1.0,0.0,0.0,1.0,0.0,0.0,66.82
UISC25-069,Urdaneta City SPED Center,94.8,94.8,94.6,95.6,94.33333333333333,11,0.0,1.0,0.0,0.0,0.0,0.0,0.0,0.0,0.0,0.0,1.0,1.0,0.0,0.0,0.0,0.0,72.08
UISC25-010,Urdaneta City SPED Center,91.2,91.0,90.4,90.0,91.33333333333333,11,1.0,0.0,0.0,0.0,0.0,1.0,0.0,0.0,0.0,0.0,0.0,1.0,0.0,0.0,0.0,0.0,72.08
DAPSMECSE25-001,Don Amadeo Perez Sr. Memorial Elementary School - East,93.0,92.8,93.6,92.8,94.66666666666667,11,0.0,1.0,0.0,0.0,0.0,1.0,0.0,0.0,0.0,0.0,0.0,1.0,0.0,0.0,0.0,0.0,75.71
DAFSIS25-014,Don Alipio Fernandez Sr. Integrated School,78.4,78.4,78.2,78.6,78.33333333333333,11,1.0,0.0,0.0,0.0,0.0,1.0,0.0,0.0,0.0,0.0,0.0,1.0,0.0,0.0,0.0,0.0,73.08
NAN25-070,Nancayasan Elementary School,82.8,86.0,87.6,84.2,80.0,13,1.0,0.0,0.0,0.0,0.0,0.0,0.0,0.0,0.0,0.0,1.0,1.0,0.0,0.0,0.0,0.0,58.64
DAPSMECSE25-009,Don Amadeo Perez Sr. Memorial Elementary School - East,82.4,81.4,81.4,83.4,84.0,11,1.0,0.0,0.0,0.0,0.0,1.0,0.0,0.0,0.0,0.0,0.0,1.0,0.0,0.0,0.0,0.0,75.71
NAN24-003,Nancayasan Elementary School,82.6,82.2,82.0,82.6,81.33333333333333,11,0.0,1.0,0.0,0.0,0.0,1.0,0.0,0.0,0.0,0.0,0.0,0.0,0.0,0.0,1.0,0.0,65.57
LANES25-004,Lananpin Elementary School,79.0,78.4,79.4,80.0,79.33333333333333,11,0.0,1.0,0.0,0.0,0.0,1.0,0.0,0.0,0.0,0.0,0.0,1.0,0.0,0.0,0.0,0.0,62.7
NAN25-069,Nancayasan Elementary School,85.0,85.6,84.8,84.2,88.0,13,0.0,1.0,0.0,0.0,0.0,0.0,0.0,0.0,0.0,0.0,1.0,1.0,0.0,0.0,0.0,0.0,58.64
BES25-059,Badipa Elementary School,86.4,86.2,85.4,85.8,83.66666666666667,11,0.0,1.0,0.0,0.0,0.0,1.0,0.0,0.0,0.0,0.0,0.0,1.0,0.0,0.0,0.0,0.0,80.54
NAN25-025,Nancayasan Elementary School,92.4,90.8,91.4,91.6,92.0,11,0.0,1.0,0.0,0.0,0.0,1.0,0.0,0.0,0.0,0.0,0.0,1.0,0.0,0.0,0.0,0.0,58.64
UICS25-182,Urdaneta I Central School,90.6,89.0,88.0,90.2,88.33333333333333,11,1.0,0.0,0.0,0.0,0.0,0.0,0.0,0.0,0.0,0.0,1.0,1.0,0.0,0.0,0.0,0.0,66.82
DAPSMECSE25-010,Don Amadeo Perez Sr. Memorial Elementary School - East,86.2,85.6,86.2,86.8,87.33333333333333,11,1.0,0.0,0.0,0.0,0.0,1.0,0.0,0.0,0.0,0.0,0.0,1.0,0.0,0.0,0.0,0.0,75.71
UICS25-045,Urdaneta I Central School,85.6,85.6,85.0,84.4,84.33333333333333,11,1.0,0.0,0.0,0.0,0.0,0.0,0.0,0.0,0.0,0.0,1.0,1.0,0.0,0.0,0.0,0.0,66.82
BES24-028,Badipa Elementary School,78.6,77.4,78.2,78.6,78.33333333333333,11,1.0,0.0,0.0,0.0,0.0,1.0,0.0,0.0,0.0,0.0,0.0,1.0,0.0,0.0,0.0,0.0,75.7
UICS25-131,Urdaneta I Central School,86.2,85.8,86.2,86.2,86.33333333333333,11,1.0,0.0,0.0,0.0,0.0,0.0,0.0,0.0,0.0,1.0,0.0,1.0,0.0,0.0,0.0,0.0,66.82
BES25-105,Badipa Elementary School,78.2,77.6,77.8,78.4,77.0,11,0.0,1.0,0.0,0.0,0.0,1.0,0.0,0.0,0.0,0.0,0.0,1.0,0.0,0.0,0.0,0.0,80.54
UICS25-359,Urdaneta I Central School,80.2,79.2,79.4,80.4,79.33333333333333,12,0.0,1.0,0.0,0.0,0.0,1.0,0.0,0.0,0.0,0.0,0.0,0.0,0.0,1.0,0.0,0.0,66.82
UICS25-227,Urdaneta I Central School,80.18337950200001,80.6,79.4,79.6,77.33333333333333,11,0.0,1.0,0.0,0.0,0.0,1.0,0.0,0.0,0.0,0.0,0.0,1.0,0.0,0.0,0.0,0.0,66.82
UISC25-090,Urdaneta City SPED Center,88.8,86.8,87.0,88.0,89.66666666666667,13,1.0,0.0,0.0,0.0,0.0,1.0,0.0,0.0,0.0,0.0,0.0,1.0,0.0,0.0,0.0,0.0,72.08
UISC25-101,Urdaneta City SPED Center,91.8,91.2,89.8,90.6,90.33333333333333,11,1.0,0.0,0.0,0.0,0.0,0.0,0.0,0.0,0.0,0.0,1.0,1.0,0.0,0.0,0.0,0.0,72.08
BES25-170,Badipa Elementary School,89.6,90.2,89.8,89.2,90.33333333333333,11,1.0,0.0,0.0,0.0,0.0,1.0,0.0,0.0,0.0,0.0,0.0,1.0,0.0,0.0,0.0,0.0,80.54
BES25-212,Badipa Elementary School,84.0,82.8,83.6,83.8,83.0,11,0.0,1.0,0.0,0.0,0.0,1.0,0.0,0.0,0.0,0.0,0.0,1.0,0.0,0.0,0.0,0.0,80.54
UICS24-028,Urdaneta I Central School,79.8,79.4,78.6,79.6,80.33333333333333,12,0.0,1.0,0.0,0.0,0.0,1.0,0.0,0.0,0.0,0.0,0.0,1.0,0.0,0.0,0.0,0.0,74.03
LANES25-119,Lananpin Elementary School,81.2,80.2,81.0,80.2,80.33333333333333,11,0.0,1.0,0.0,0.0,0.0,1.0,0.0,0.0,0.0,0.0,0.0,1.0,0.0,0.0,0.0,0.0,62.7
BES25-055,Badipa Elementary School,84.4,83.2,83.0,83.6,82.0,11,0.0,1.0,0.0,0.0,0.0,1.0,0.0,0.0,0.0,0.0,0.0,1.0,0.0,0.0,0.0,0.0,80.54
BES25-028,Badipa Elementary School,86.4,86.8,85.6,86.2,88.0,11,1.0,0.0,0.0,0.0,0.0,1.0,0.0,0.0,0.0,0.0,0.0,1.0,0.0,0.0,0.0,0.0,80.54
NAN25-023,Nancayasan Elementary School,89.4,88.8,89.2,88.6,89.33333333333333,11,0.0,1.0,0.0,0.0,0.0,1.0,0.0,0.0,0.0,0.0,0.0,1.0,0.0,0.0,0.0,0.0,58.64
UICS25-091,Urdaneta I Central School,86.4,86.2,86.0,86.8,85.33333333333333,11,1.0,0.0,0.0,0.0,0.0,0.0,0.0,0.0,0.0,0.0,1.0,1.0,0.0,0.0,0.0,0.0,66.82
DAPSMECSE24-003,Don Amadeo Perez Sr. Memorial Elementary School - East,86.0,86.2,86.6,86.6,88.33333333333333,12,1.0,0.0,0.0,0.0,0.0,1.0,0.0,0.0,0.0,0.0,0.0,1.0,0.0,0.0,0.0,0.0,78.17
UICS24-061,Urdaneta I Central School,81.0,80.8,80.4,81.0,80.66666666666667,11,1.0,0.0,0.0,0.0,0.0,1.0,0.0,0.0,0.0,0.0,0.0,0.0,0.0,1.0,0.0,0.0,74.03
UICS24-031,Urdaneta I Central School,89.4,89.2,87.4,88.8,88.0,12,1.0,0.0,0.0,0.0,0.0,1.0,0.0,0.0,0.0,0.0,0.0,0.0,0.0,0.0,0.0,1.0,74.03
DCBMES25-005,Don Clemente Blanco Memorial Elementary School,79.0,77.2,78.0,78.4,79.0,12,0.0,1.0,0.0,0.0,0.0,1.0,0.0,0.0,0.0,0.0,0.0,1.0,0.0,0.0,0.0,0.0,33.59
